ISO-10303-21;
HEADER;
/* Generated by software containing ST-Developer
 * from STEP Tools, Inc. (www.steptools.com) 
 */

FILE_DESCRIPTION(
/* description */ (''),
/* implementation_level */ '2;1');

FILE_NAME(
/* name */ '',
/* time_stamp */ '2026-09-27T14:23:18-07:00',
/* author */ (''),
/* organization */ (''),
/* preprocessor_version */ 'ST-DEVELOPER v20.2',
/* originating_system */ 'Autodesk Translation Framework v15.15.0.0',
/* authorisation */ '');

FILE_SCHEMA (('AUTOMOTIVE_DESIGN { 1 0 10303 214 3 1 1 }'));
ENDSEC;

DATA;
#10=MECHANICAL_DESIGN_GEOMETRIC_PRESENTATION_REPRESENTATION('',(#13),#3682);
#11=SHAPE_REPRESENTATION_RELATIONSHIP('SRR','None',#3689,#12);
#12=ADVANCED_BREP_SHAPE_REPRESENTATION('',(#14),#3681);
#13=STYLED_ITEM('',(#3698),#14);
#14=MANIFOLD_SOLID_BREP('\X2\5E9590E8\X0\',#2096);
#15=FACE_BOUND('',#304,.T.);
#16=FACE_BOUND('',#306,.T.);
#17=FACE_BOUND('',#308,.T.);
#18=FACE_BOUND('',#309,.T.);
#19=FACE_BOUND('',#330,.T.);
#20=FACE_BOUND('',#331,.T.);
#21=FACE_BOUND('',#332,.T.);
#22=FACE_BOUND('',#333,.T.);
#23=ELLIPSE('',#2121,0.184615384615425,0.15);
#24=ELLIPSE('',#2137,0.184630615200131,0.15);
#25=ELLIPSE('',#2154,0.184615384615396,0.15);
#26=ELLIPSE('',#2163,0.184615384615387,0.15);
#27=ELLIPSE('',#2280,4.24264068711929,3.);
#28=ELLIPSE('',#2282,0.848528137423858,0.6);
#29=ELLIPSE('',#2287,2.82842712474619,2.);
#30=ELLIPSE('',#2289,2.82842712474619,2.);
#31=ELLIPSE('',#2291,2.82842712474619,2.);
#32=ELLIPSE('',#2293,2.82842712474619,2.);
#33=ELLIPSE('',#2296,0.848528137423857,0.6);
#34=ELLIPSE('',#2298,0.848528137423859,0.6);
#35=ELLIPSE('',#2299,0.848528137423859,0.6);
#36=ELLIPSE('',#2307,4.24264068711929,3.);
#37=TOROIDAL_SURFACE('',#2116,0.799999999999999,0.15);
#38=TOROIDAL_SURFACE('',#2124,0.799999999999999,0.15);
#39=TOROIDAL_SURFACE('',#2132,0.799999999999999,0.15);
#40=TOROIDAL_SURFACE('',#2140,0.799999999999999,0.15);
#41=TOROIDAL_SURFACE('',#2149,0.799999999999999,0.15);
#42=TOROIDAL_SURFACE('',#2157,0.799999999999999,0.15);
#43=TOROIDAL_SURFACE('',#2164,0.799999999999999,0.15);
#44=TOROIDAL_SURFACE('',#2200,3.29999999999999,1.5);
#45=TOROIDAL_SURFACE('',#2206,3.3,1.5);
#46=TOROIDAL_SURFACE('',#2212,3.30000000000001,1.5);
#47=TOROIDAL_SURFACE('',#2218,3.3,1.5);
#48=PLANE('',#2114);
#49=PLANE('',#2127);
#50=PLANE('',#2143);
#51=PLANE('',#2144);
#52=PLANE('',#2145);
#53=PLANE('',#2160);
#54=PLANE('',#2170);
#55=PLANE('',#2171);
#56=PLANE('',#2172);
#57=PLANE('',#2176);
#58=PLANE('',#2177);
#59=PLANE('',#2178);
#60=PLANE('',#2182);
#61=PLANE('',#2183);
#62=PLANE('',#2184);
#63=PLANE('',#2185);
#64=PLANE('',#2186);
#65=PLANE('',#2187);
#66=PLANE('',#2188);
#67=PLANE('',#2189);
#68=PLANE('',#2190);
#69=PLANE('',#2191);
#70=PLANE('',#2192);
#71=PLANE('',#2193);
#72=PLANE('',#2194);
#73=PLANE('',#2195);
#74=PLANE('',#2196);
#75=PLANE('',#2223);
#76=PLANE('',#2226);
#77=PLANE('',#2227);
#78=PLANE('',#2228);
#79=PLANE('',#2233);
#80=PLANE('',#2235);
#81=PLANE('',#2237);
#82=PLANE('',#2239);
#83=PLANE('',#2241);
#84=PLANE('',#2244);
#85=PLANE('',#2247);
#86=PLANE('',#2252);
#87=PLANE('',#2253);
#88=PLANE('',#2254);
#89=PLANE('',#2255);
#90=PLANE('',#2258);
#91=PLANE('',#2261);
#92=PLANE('',#2264);
#93=PLANE('',#2267);
#94=PLANE('',#2268);
#95=PLANE('',#2272);
#96=PLANE('',#2276);
#97=PLANE('',#2283);
#98=PLANE('',#2284);
#99=PLANE('',#2302);
#100=PLANE('',#2303);
#101=PLANE('',#2304);
#102=PLANE('',#2305);
#103=PLANE('',#2309);
#104=PLANE('',#2310);
#105=PLANE('',#2311);
#106=FACE_OUTER_BOUND('',#218,.T.);
#107=FACE_OUTER_BOUND('',#219,.T.);
#108=FACE_OUTER_BOUND('',#220,.T.);
#109=FACE_OUTER_BOUND('',#221,.T.);
#110=FACE_OUTER_BOUND('',#222,.T.);
#111=FACE_OUTER_BOUND('',#223,.T.);
#112=FACE_OUTER_BOUND('',#224,.T.);
#113=FACE_OUTER_BOUND('',#225,.T.);
#114=FACE_OUTER_BOUND('',#226,.T.);
#115=FACE_OUTER_BOUND('',#227,.T.);
#116=FACE_OUTER_BOUND('',#228,.T.);
#117=FACE_OUTER_BOUND('',#229,.T.);
#118=FACE_OUTER_BOUND('',#230,.T.);
#119=FACE_OUTER_BOUND('',#231,.T.);
#120=FACE_OUTER_BOUND('',#232,.T.);
#121=FACE_OUTER_BOUND('',#233,.T.);
#122=FACE_OUTER_BOUND('',#234,.T.);
#123=FACE_OUTER_BOUND('',#235,.T.);
#124=FACE_OUTER_BOUND('',#236,.T.);
#125=FACE_OUTER_BOUND('',#237,.T.);
#126=FACE_OUTER_BOUND('',#238,.T.);
#127=FACE_OUTER_BOUND('',#239,.T.);
#128=FACE_OUTER_BOUND('',#240,.T.);
#129=FACE_OUTER_BOUND('',#241,.T.);
#130=FACE_OUTER_BOUND('',#242,.T.);
#131=FACE_OUTER_BOUND('',#243,.T.);
#132=FACE_OUTER_BOUND('',#244,.T.);
#133=FACE_OUTER_BOUND('',#245,.T.);
#134=FACE_OUTER_BOUND('',#246,.T.);
#135=FACE_OUTER_BOUND('',#247,.T.);
#136=FACE_OUTER_BOUND('',#248,.T.);
#137=FACE_OUTER_BOUND('',#249,.T.);
#138=FACE_OUTER_BOUND('',#250,.T.);
#139=FACE_OUTER_BOUND('',#251,.T.);
#140=FACE_OUTER_BOUND('',#252,.T.);
#141=FACE_OUTER_BOUND('',#253,.T.);
#142=FACE_OUTER_BOUND('',#254,.T.);
#143=FACE_OUTER_BOUND('',#255,.T.);
#144=FACE_OUTER_BOUND('',#256,.T.);
#145=FACE_OUTER_BOUND('',#257,.T.);
#146=FACE_OUTER_BOUND('',#258,.T.);
#147=FACE_OUTER_BOUND('',#259,.T.);
#148=FACE_OUTER_BOUND('',#260,.T.);
#149=FACE_OUTER_BOUND('',#261,.T.);
#150=FACE_OUTER_BOUND('',#262,.T.);
#151=FACE_OUTER_BOUND('',#263,.T.);
#152=FACE_OUTER_BOUND('',#264,.T.);
#153=FACE_OUTER_BOUND('',#265,.T.);
#154=FACE_OUTER_BOUND('',#266,.T.);
#155=FACE_OUTER_BOUND('',#267,.T.);
#156=FACE_OUTER_BOUND('',#268,.T.);
#157=FACE_OUTER_BOUND('',#269,.T.);
#158=FACE_OUTER_BOUND('',#270,.T.);
#159=FACE_OUTER_BOUND('',#271,.T.);
#160=FACE_OUTER_BOUND('',#272,.T.);
#161=FACE_OUTER_BOUND('',#273,.T.);
#162=FACE_OUTER_BOUND('',#274,.T.);
#163=FACE_OUTER_BOUND('',#275,.T.);
#164=FACE_OUTER_BOUND('',#276,.T.);
#165=FACE_OUTER_BOUND('',#277,.T.);
#166=FACE_OUTER_BOUND('',#278,.T.);
#167=FACE_OUTER_BOUND('',#279,.T.);
#168=FACE_OUTER_BOUND('',#280,.T.);
#169=FACE_OUTER_BOUND('',#281,.T.);
#170=FACE_OUTER_BOUND('',#282,.T.);
#171=FACE_OUTER_BOUND('',#283,.T.);
#172=FACE_OUTER_BOUND('',#284,.T.);
#173=FACE_OUTER_BOUND('',#285,.T.);
#174=FACE_OUTER_BOUND('',#286,.T.);
#175=FACE_OUTER_BOUND('',#287,.T.);
#176=FACE_OUTER_BOUND('',#288,.T.);
#177=FACE_OUTER_BOUND('',#289,.T.);
#178=FACE_OUTER_BOUND('',#290,.T.);
#179=FACE_OUTER_BOUND('',#291,.T.);
#180=FACE_OUTER_BOUND('',#292,.T.);
#181=FACE_OUTER_BOUND('',#293,.T.);
#182=FACE_OUTER_BOUND('',#294,.T.);
#183=FACE_OUTER_BOUND('',#295,.T.);
#184=FACE_OUTER_BOUND('',#296,.T.);
#185=FACE_OUTER_BOUND('',#297,.T.);
#186=FACE_OUTER_BOUND('',#298,.T.);
#187=FACE_OUTER_BOUND('',#299,.T.);
#188=FACE_OUTER_BOUND('',#300,.T.);
#189=FACE_OUTER_BOUND('',#301,.T.);
#190=FACE_OUTER_BOUND('',#302,.T.);
#191=FACE_OUTER_BOUND('',#303,.T.);
#192=FACE_OUTER_BOUND('',#305,.T.);
#193=FACE_OUTER_BOUND('',#307,.T.);
#194=FACE_OUTER_BOUND('',#310,.T.);
#195=FACE_OUTER_BOUND('',#311,.T.);
#196=FACE_OUTER_BOUND('',#312,.T.);
#197=FACE_OUTER_BOUND('',#313,.T.);
#198=FACE_OUTER_BOUND('',#314,.T.);
#199=FACE_OUTER_BOUND('',#315,.T.);
#200=FACE_OUTER_BOUND('',#316,.T.);
#201=FACE_OUTER_BOUND('',#317,.T.);
#202=FACE_OUTER_BOUND('',#318,.T.);
#203=FACE_OUTER_BOUND('',#319,.T.);
#204=FACE_OUTER_BOUND('',#320,.T.);
#205=FACE_OUTER_BOUND('',#321,.T.);
#206=FACE_OUTER_BOUND('',#322,.T.);
#207=FACE_OUTER_BOUND('',#323,.T.);
#208=FACE_OUTER_BOUND('',#324,.T.);
#209=FACE_OUTER_BOUND('',#325,.T.);
#210=FACE_OUTER_BOUND('',#326,.T.);
#211=FACE_OUTER_BOUND('',#327,.T.);
#212=FACE_OUTER_BOUND('',#328,.T.);
#213=FACE_OUTER_BOUND('',#329,.T.);
#214=FACE_OUTER_BOUND('',#334,.T.);
#215=FACE_OUTER_BOUND('',#335,.T.);
#216=FACE_OUTER_BOUND('',#336,.T.);
#217=FACE_OUTER_BOUND('',#337,.T.);
#218=EDGE_LOOP('',(#1331,#1332,#1333,#1334));
#219=EDGE_LOOP('',(#1335,#1336,#1337,#1338));
#220=EDGE_LOOP('',(#1339,#1340,#1341,#1342,#1343));
#221=EDGE_LOOP('',(#1344,#1345,#1346,#1347));
#222=EDGE_LOOP('',(#1348,#1349,#1350,#1351));
#223=EDGE_LOOP('',(#1352,#1353,#1354,#1355));
#224=EDGE_LOOP('',(#1356,#1357,#1358,#1359));
#225=EDGE_LOOP('',(#1360,#1361,#1362,#1363,#1364,#1365,#1366,#1367,#1368,
#1369,#1370,#1371,#1372,#1373,#1374,#1375,#1376,#1377,#1378,#1379,#1380,
#1381,#1382,#1383,#1384,#1385,#1386,#1387,#1388,#1389));
#226=EDGE_LOOP('',(#1390,#1391,#1392,#1393));
#227=EDGE_LOOP('',(#1394,#1395,#1396,#1397));
#228=EDGE_LOOP('',(#1398,#1399,#1400,#1401));
#229=EDGE_LOOP('',(#1402,#1403,#1404,#1405,#1406,#1407));
#230=EDGE_LOOP('',(#1408,#1409,#1410,#1411));
#231=EDGE_LOOP('',(#1412,#1413,#1414,#1415,#1416,#1417,#1418));
#232=EDGE_LOOP('',(#1419,#1420,#1421,#1422));
#233=EDGE_LOOP('',(#1423,#1424,#1425,#1426,#1427,#1428,#1429,#1430));
#234=EDGE_LOOP('',(#1431,#1432,#1433,#1434));
#235=EDGE_LOOP('',(#1435,#1436,#1437,#1438));
#236=EDGE_LOOP('',(#1439,#1440,#1441,#1442));
#237=EDGE_LOOP('',(#1443,#1444,#1445,#1446,#1447,#1448));
#238=EDGE_LOOP('',(#1449,#1450,#1451,#1452,#1453,#1454,#1455));
#239=EDGE_LOOP('',(#1456,#1457,#1458,#1459));
#240=EDGE_LOOP('',(#1460,#1461,#1462,#1463,#1464,#1465));
#241=EDGE_LOOP('',(#1466,#1467,#1468,#1469));
#242=EDGE_LOOP('',(#1470,#1471,#1472,#1473));
#243=EDGE_LOOP('',(#1474,#1475,#1476,#1477));
#244=EDGE_LOOP('',(#1478,#1479,#1480,#1481));
#245=EDGE_LOOP('',(#1482,#1483,#1484,#1485));
#246=EDGE_LOOP('',(#1486,#1487,#1488,#1489,#1490,#1491,#1492,#1493));
#247=EDGE_LOOP('',(#1494,#1495,#1496,#1497));
#248=EDGE_LOOP('',(#1498,#1499,#1500,#1501));
#249=EDGE_LOOP('',(#1502,#1503,#1504,#1505));
#250=EDGE_LOOP('',(#1506,#1507,#1508,#1509,#1510,#1511,#1512,#1513));
#251=EDGE_LOOP('',(#1514,#1515,#1516,#1517,#1518));
#252=EDGE_LOOP('',(#1519,#1520,#1521,#1522,#1523));
#253=EDGE_LOOP('',(#1524,#1525,#1526,#1527,#1528));
#254=EDGE_LOOP('',(#1529,#1530,#1531,#1532));
#255=EDGE_LOOP('',(#1533,#1534,#1535,#1536,#1537,#1538));
#256=EDGE_LOOP('',(#1539,#1540,#1541,#1542,#1543));
#257=EDGE_LOOP('',(#1544,#1545,#1546,#1547));
#258=EDGE_LOOP('',(#1548,#1549,#1550,#1551,#1552,#1553));
#259=EDGE_LOOP('',(#1554,#1555,#1556,#1557,#1558));
#260=EDGE_LOOP('',(#1559,#1560,#1561,#1562));
#261=EDGE_LOOP('',(#1563,#1564,#1565,#1566,#1567,#1568));
#262=EDGE_LOOP('',(#1569,#1570,#1571,#1572,#1573));
#263=EDGE_LOOP('',(#1574,#1575,#1576,#1577,#1578,#1579));
#264=EDGE_LOOP('',(#1580,#1581,#1582,#1583,#1584,#1585));
#265=EDGE_LOOP('',(#1586,#1587,#1588,#1589,#1590,#1591));
#266=EDGE_LOOP('',(#1592,#1593,#1594,#1595));
#267=EDGE_LOOP('',(#1596,#1597,#1598,#1599));
#268=EDGE_LOOP('',(#1600,#1601,#1602,#1603));
#269=EDGE_LOOP('',(#1604,#1605,#1606,#1607));
#270=EDGE_LOOP('',(#1608,#1609,#1610,#1611));
#271=EDGE_LOOP('',(#1612,#1613,#1614,#1615));
#272=EDGE_LOOP('',(#1616,#1617,#1618,#1619));
#273=EDGE_LOOP('',(#1620,#1621,#1622,#1623));
#274=EDGE_LOOP('',(#1624,#1625,#1626,#1627));
#275=EDGE_LOOP('',(#1628,#1629,#1630,#1631));
#276=EDGE_LOOP('',(#1632,#1633,#1634,#1635));
#277=EDGE_LOOP('',(#1636,#1637,#1638,#1639,#1640,#1641,#1642,#1643,#1644,
#1645));
#278=EDGE_LOOP('',(#1646,#1647,#1648,#1649,#1650,#1651,#1652,#1653));
#279=EDGE_LOOP('',(#1654,#1655,#1656,#1657,#1658,#1659,#1660,#1661,#1662,
#1663,#1664,#1665,#1666,#1667,#1668,#1669));
#280=EDGE_LOOP('',(#1670));
#281=EDGE_LOOP('',(#1671));
#282=EDGE_LOOP('',(#1672));
#283=EDGE_LOOP('',(#1673));
#284=EDGE_LOOP('',(#1674,#1675,#1676,#1677));
#285=EDGE_LOOP('',(#1678,#1679,#1680,#1681));
#286=EDGE_LOOP('',(#1682,#1683,#1684,#1685));
#287=EDGE_LOOP('',(#1686,#1687,#1688,#1689));
#288=EDGE_LOOP('',(#1690,#1691,#1692,#1693));
#289=EDGE_LOOP('',(#1694,#1695,#1696,#1697));
#290=EDGE_LOOP('',(#1698,#1699,#1700,#1701));
#291=EDGE_LOOP('',(#1702,#1703,#1704,#1705));
#292=EDGE_LOOP('',(#1706,#1707,#1708,#1709));
#293=EDGE_LOOP('',(#1710,#1711,#1712,#1713));
#294=EDGE_LOOP('',(#1714,#1715,#1716,#1717));
#295=EDGE_LOOP('',(#1718,#1719,#1720,#1721));
#296=EDGE_LOOP('',(#1722,#1723,#1724,#1725,#1726));
#297=EDGE_LOOP('',(#1727,#1728,#1729,#1730));
#298=EDGE_LOOP('',(#1731,#1732,#1733,#1734));
#299=EDGE_LOOP('',(#1735,#1736,#1737,#1738));
#300=EDGE_LOOP('',(#1739,#1740,#1741,#1742));
#301=EDGE_LOOP('',(#1743,#1744,#1745,#1746));
#302=EDGE_LOOP('',(#1747,#1748,#1749,#1750,#1751,#1752,#1753,#1754,#1755,
#1756,#1757,#1758));
#303=EDGE_LOOP('',(#1759,#1760,#1761,#1762,#1763,#1764,#1765,#1766,#1767,
#1768,#1769,#1770,#1771,#1772,#1773,#1774,#1775,#1776,#1777,#1778,#1779,
#1780));
#304=EDGE_LOOP('',(#1781));
#305=EDGE_LOOP('',(#1782,#1783,#1784,#1785,#1786,#1787,#1788,#1789,#1790,
#1791,#1792));
#306=EDGE_LOOP('',(#1793));
#307=EDGE_LOOP('',(#1794,#1795,#1796,#1797,#1798,#1799,#1800,#1801,#1802,
#1803,#1804,#1805,#1806,#1807,#1808,#1809,#1810));
#308=EDGE_LOOP('',(#1811));
#309=EDGE_LOOP('',(#1812));
#310=EDGE_LOOP('',(#1813,#1814,#1815,#1816));
#311=EDGE_LOOP('',(#1817,#1818,#1819,#1820));
#312=EDGE_LOOP('',(#1821,#1822,#1823,#1824,#1825,#1826,#1827,#1828));
#313=EDGE_LOOP('',(#1829,#1830,#1831,#1832));
#314=EDGE_LOOP('',(#1833,#1834,#1835,#1836));
#315=EDGE_LOOP('',(#1837,#1838,#1839,#1840));
#316=EDGE_LOOP('',(#1841,#1842,#1843,#1844,#1845,#1846,#1847));
#317=EDGE_LOOP('',(#1848,#1849,#1850,#1851,#1852,#1853));
#318=EDGE_LOOP('',(#1854,#1855,#1856,#1857));
#319=EDGE_LOOP('',(#1858,#1859,#1860,#1861));
#320=EDGE_LOOP('',(#1862,#1863,#1864,#1865));
#321=EDGE_LOOP('',(#1866,#1867,#1868,#1869));
#322=EDGE_LOOP('',(#1870,#1871,#1872,#1873));
#323=EDGE_LOOP('',(#1874,#1875,#1876,#1877));
#324=EDGE_LOOP('',(#1878,#1879,#1880,#1881,#1882));
#325=EDGE_LOOP('',(#1883,#1884,#1885,#1886));
#326=EDGE_LOOP('',(#1887,#1888,#1889,#1890,#1891,#1892,#1893,#1894,#1895,
#1896));
#327=EDGE_LOOP('',(#1897,#1898,#1899,#1900));
#328=EDGE_LOOP('',(#1901,#1902,#1903,#1904));
#329=EDGE_LOOP('',(#1905,#1906,#1907,#1908,#1909,#1910,#1911,#1912));
#330=EDGE_LOOP('',(#1913,#1914,#1915));
#331=EDGE_LOOP('',(#1916,#1917,#1918));
#332=EDGE_LOOP('',(#1919,#1920,#1921));
#333=EDGE_LOOP('',(#1922,#1923,#1924));
#334=EDGE_LOOP('',(#1925,#1926,#1927,#1928));
#335=EDGE_LOOP('',(#1929,#1930,#1931,#1932));
#336=EDGE_LOOP('',(#1933,#1934,#1935,#1936));
#337=EDGE_LOOP('',(#1937,#1938,#1939,#1940));
#338=CIRCLE('',#2111,1.);
#339=CIRCLE('',#2113,2.);
#340=CIRCLE('',#2115,2.);
#341=CIRCLE('',#2117,0.149999999999759);
#342=CIRCLE('',#2118,0.799999999999999);
#343=CIRCLE('',#2119,0.649999999999999);
#344=CIRCLE('',#2123,0.149999999999999);
#345=CIRCLE('',#2125,0.799999999999999);
#346=CIRCLE('',#2126,0.649999999999999);
#347=CIRCLE('',#2128,0.799999999999999);
#348=CIRCLE('',#2129,0.799999999999999);
#349=CIRCLE('',#2130,0.799999999999999);
#350=CIRCLE('',#2131,0.799999999999999);
#351=CIRCLE('',#2133,0.149999999999998);
#352=CIRCLE('',#2134,0.799999999999999);
#353=CIRCLE('',#2135,0.649999999999999);
#354=CIRCLE('',#2139,0.149999999999636);
#355=CIRCLE('',#2141,0.799999999999999);
#356=CIRCLE('',#2142,0.649999999999999);
#357=CIRCLE('',#2147,0.649999999999999);
#358=CIRCLE('',#2148,0.649999999999999);
#359=CIRCLE('',#2150,0.149999999999817);
#360=CIRCLE('',#2151,0.799999999999999);
#361=CIRCLE('',#2152,0.65);
#362=CIRCLE('',#2156,0.149999999999999);
#363=CIRCLE('',#2158,0.799999999999999);
#364=CIRCLE('',#2159,0.65);
#365=CIRCLE('',#2162,0.150000000000003);
#366=CIRCLE('',#2165,0.649999999999999);
#367=CIRCLE('',#2166,0.149999999999999);
#368=CIRCLE('',#2169,0.649999999999999);
#369=CIRCLE('',#2174,0.649999999999999);
#370=CIRCLE('',#2175,0.649999999999999);
#371=CIRCLE('',#2180,0.649999999999999);
#372=CIRCLE('',#2181,0.649999999999999);
#373=CIRCLE('',#2198,1.5);
#374=CIRCLE('',#2199,1.5);
#375=CIRCLE('',#2201,1.5);
#376=CIRCLE('',#2202,3.29999999999999);
#377=CIRCLE('',#2203,4.79999999999999);
#378=CIRCLE('',#2205,1.5);
#379=CIRCLE('',#2207,1.5);
#380=CIRCLE('',#2208,3.3);
#381=CIRCLE('',#2209,4.8);
#382=CIRCLE('',#2211,1.5);
#383=CIRCLE('',#2213,1.5);
#384=CIRCLE('',#2214,3.30000000000001);
#385=CIRCLE('',#2215,4.80000000000001);
#386=CIRCLE('',#2217,1.5);
#387=CIRCLE('',#2219,3.3);
#388=CIRCLE('',#2220,4.8);
#389=CIRCLE('',#2222,4.8);
#390=CIRCLE('',#2225,4.79999999999999);
#391=CIRCLE('',#2229,3.);
#392=CIRCLE('',#2230,3.);
#393=CIRCLE('',#2231,3.);
#394=CIRCLE('',#2232,3.);
#395=CIRCLE('',#2234,2.);
#396=CIRCLE('',#2236,2.);
#397=CIRCLE('',#2238,2.);
#398=CIRCLE('',#2240,2.);
#399=CIRCLE('',#2243,2.);
#400=CIRCLE('',#2246,3.);
#401=CIRCLE('',#2249,3.);
#402=CIRCLE('',#2251,2.);
#403=CIRCLE('',#2257,3.);
#404=CIRCLE('',#2260,2.);
#405=CIRCLE('',#2263,3.);
#406=CIRCLE('',#2266,2.);
#407=CIRCLE('',#2269,3.);
#408=CIRCLE('',#2270,2.);
#409=CIRCLE('',#2271,4.8);
#410=CIRCLE('',#2273,3.);
#411=CIRCLE('',#2274,4.80000000000001);
#412=CIRCLE('',#2275,0.6);
#413=CIRCLE('',#2277,2.);
#414=CIRCLE('',#2278,0.6);
#415=CIRCLE('',#2285,2.);
#416=LINE('',#2949,#618);
#417=LINE('',#2952,#619);
#418=LINE('',#2957,#620);
#419=LINE('',#2966,#621);
#420=LINE('',#2967,#622);
#421=LINE('',#2992,#623);
#422=LINE('',#2994,#624);
#423=LINE('',#2998,#625);
#424=LINE('',#3001,#626);
#425=LINE('',#3023,#627);
#426=LINE('',#3025,#628);
#427=LINE('',#3027,#629);
#428=LINE('',#3031,#630);
#429=LINE('',#3033,#631);
#430=LINE('',#3035,#632);
#431=LINE('',#3039,#633);
#432=LINE('',#3041,#634);
#433=LINE('',#3043,#635);
#434=LINE('',#3047,#636);
#435=LINE('',#3049,#637);
#436=LINE('',#3053,#638);
#437=LINE('',#3055,#639);
#438=LINE('',#3057,#640);
#439=LINE('',#3059,#641);
#440=LINE('',#3061,#642);
#441=LINE('',#3063,#643);
#442=LINE('',#3065,#644);
#443=LINE('',#3067,#645);
#444=LINE('',#3069,#646);
#445=LINE('',#3071,#647);
#446=LINE('',#3072,#648);
#447=LINE('',#3097,#649);
#448=LINE('',#3099,#650);
#449=LINE('',#3103,#651);
#450=LINE('',#3106,#652);
#451=LINE('',#3143,#653);
#452=LINE('',#3145,#654);
#453=LINE('',#3146,#655);
#454=LINE('',#3149,#656);
#455=LINE('',#3151,#657);
#456=LINE('',#3152,#658);
#457=LINE('',#3155,#659);
#458=LINE('',#3156,#660);
#459=LINE('',#3159,#661);
#460=LINE('',#3162,#662);
#461=LINE('',#3188,#663);
#462=LINE('',#3190,#664);
#463=LINE('',#3194,#665);
#464=LINE('',#3197,#666);
#465=LINE('',#3234,#667);
#466=LINE('',#3236,#668);
#467=LINE('',#3237,#669);
#468=LINE('',#3241,#670);
#469=LINE('',#3264,#671);
#470=LINE('',#3267,#672);
#471=LINE('',#3270,#673);
#472=LINE('',#3273,#674);
#473=LINE('',#3274,#675);
#474=LINE('',#3277,#676);
#475=LINE('',#3279,#677);
#476=LINE('',#3280,#678);
#477=LINE('',#3283,#679);
#478=LINE('',#3284,#680);
#479=LINE('',#3287,#681);
#480=LINE('',#3290,#682);
#481=LINE('',#3293,#683);
#482=LINE('',#3296,#684);
#483=LINE('',#3298,#685);
#484=LINE('',#3299,#686);
#485=LINE('',#3302,#687);
#486=LINE('',#3303,#688);
#487=LINE('',#3306,#689);
#488=LINE('',#3309,#690);
#489=LINE('',#3313,#691);
#490=LINE('',#3314,#692);
#491=LINE('',#3317,#693);
#492=LINE('',#3318,#694);
#493=LINE('',#3321,#695);
#494=LINE('',#3322,#696);
#495=LINE('',#3325,#697);
#496=LINE('',#3326,#698);
#497=LINE('',#3329,#699);
#498=LINE('',#3331,#700);
#499=LINE('',#3332,#701);
#500=LINE('',#3334,#702);
#501=LINE('',#3337,#703);
#502=LINE('',#3338,#704);
#503=LINE('',#3341,#705);
#504=LINE('',#3343,#706);
#505=LINE('',#3344,#707);
#506=LINE('',#3346,#708);
#507=LINE('',#3349,#709);
#508=LINE('',#3350,#710);
#509=LINE('',#3353,#711);
#510=LINE('',#3354,#712);
#511=LINE('',#3357,#713);
#512=LINE('',#3358,#714);
#513=LINE('',#3360,#715);
#514=LINE('',#3362,#716);
#515=LINE('',#3364,#717);
#516=LINE('',#3370,#718);
#517=LINE('',#3373,#719);
#518=LINE('',#3384,#720);
#519=LINE('',#3385,#721);
#520=LINE('',#3396,#722);
#521=LINE('',#3397,#723);
#522=LINE('',#3408,#724);
#523=LINE('',#3409,#725);
#524=LINE('',#3415,#726);
#525=LINE('',#3418,#727);
#526=LINE('',#3421,#728);
#527=LINE('',#3422,#729);
#528=LINE('',#3425,#730);
#529=LINE('',#3429,#731);
#530=LINE('',#3431,#732);
#531=LINE('',#3433,#733);
#532=LINE('',#3435,#734);
#533=LINE('',#3437,#735);
#534=LINE('',#3439,#736);
#535=LINE('',#3441,#737);
#536=LINE('',#3442,#738);
#537=LINE('',#3447,#739);
#538=LINE('',#3451,#740);
#539=LINE('',#3453,#741);
#540=LINE('',#3455,#742);
#541=LINE('',#3459,#743);
#542=LINE('',#3461,#744);
#543=LINE('',#3463,#745);
#544=LINE('',#3466,#746);
#545=LINE('',#3468,#747);
#546=LINE('',#3472,#748);
#547=LINE('',#3473,#749);
#548=LINE('',#3489,#750);
#549=LINE('',#3490,#751);
#550=LINE('',#3491,#752);
#551=LINE('',#3494,#753);
#552=LINE('',#3498,#754);
#553=LINE('',#3499,#755);
#554=LINE('',#3505,#756);
#555=LINE('',#3506,#757);
#556=LINE('',#3507,#758);
#557=LINE('',#3511,#759);
#558=LINE('',#3514,#760);
#559=LINE('',#3518,#761);
#560=LINE('',#3519,#762);
#561=LINE('',#3522,#763);
#562=LINE('',#3523,#764);
#563=LINE('',#3527,#765);
#564=LINE('',#3529,#766);
#565=LINE('',#3531,#767);
#566=LINE('',#3532,#768);
#567=LINE('',#3535,#769);
#568=LINE('',#3536,#770);
#569=LINE('',#3540,#771);
#570=LINE('',#3542,#772);
#571=LINE('',#3543,#773);
#572=LINE('',#3546,#774);
#573=LINE('',#3550,#775);
#574=LINE('',#3551,#776);
#575=LINE('',#3555,#777);
#576=LINE('',#3558,#778);
#577=LINE('',#3559,#779);
#578=LINE('',#3562,#780);
#579=LINE('',#3566,#781);
#580=LINE('',#3568,#782);
#581=LINE('',#3570,#783);
#582=LINE('',#3571,#784);
#583=LINE('',#3573,#785);
#584=LINE('',#3575,#786);
#585=LINE('',#3577,#787);
#586=LINE('',#3578,#788);
#587=LINE('',#3585,#789);
#588=LINE('',#3588,#790);
#589=LINE('',#3592,#791);
#590=LINE('',#3596,#792);
#591=LINE('',#3601,#793);
#592=LINE('',#3603,#794);
#593=LINE('',#3606,#795);
#594=LINE('',#3610,#796);
#595=LINE('',#3613,#797);
#596=LINE('',#3616,#798);
#597=LINE('',#3619,#799);
#598=LINE('',#3621,#800);
#599=LINE('',#3623,#801);
#600=LINE('',#3624,#802);
#601=LINE('',#3638,#803);
#602=LINE('',#3641,#804);
#603=LINE('',#3645,#805);
#604=LINE('',#3649,#806);
#605=LINE('',#3652,#807);
#606=LINE('',#3653,#808);
#607=LINE('',#3655,#809);
#608=LINE('',#3656,#810);
#609=LINE('',#3658,#811);
#610=LINE('',#3660,#812);
#611=LINE('',#3662,#813);
#612=LINE('',#3664,#814);
#613=LINE('',#3667,#815);
#614=LINE('',#3670,#816);
#615=LINE('',#3672,#817);
#616=LINE('',#3673,#818);
#617=LINE('',#3675,#819);
#618=VECTOR('',#2318,10.);
#619=VECTOR('',#2321,10.);
#620=VECTOR('',#2326,2.);
#621=VECTOR('',#2331,10.);
#622=VECTOR('',#2332,10.);
#623=VECTOR('',#2343,10.);
#624=VECTOR('',#2344,10.);
#625=VECTOR('',#2349,10.);
#626=VECTOR('',#2352,10.);
#627=VECTOR('',#2361,10.);
#628=VECTOR('',#2362,10.);
#629=VECTOR('',#2363,10.);
#630=VECTOR('',#2366,10.);
#631=VECTOR('',#2367,10.);
#632=VECTOR('',#2368,10.);
#633=VECTOR('',#2371,10.);
#634=VECTOR('',#2372,10.);
#635=VECTOR('',#2373,10.);
#636=VECTOR('',#2376,10.);
#637=VECTOR('',#2377,10.);
#638=VECTOR('',#2380,10.);
#639=VECTOR('',#2381,10.);
#640=VECTOR('',#2382,10.);
#641=VECTOR('',#2383,10.);
#642=VECTOR('',#2384,10.);
#643=VECTOR('',#2385,10.);
#644=VECTOR('',#2386,10.);
#645=VECTOR('',#2387,10.);
#646=VECTOR('',#2388,10.);
#647=VECTOR('',#2389,10.);
#648=VECTOR('',#2390,10.);
#649=VECTOR('',#2401,10.);
#650=VECTOR('',#2402,10.);
#651=VECTOR('',#2407,10.);
#652=VECTOR('',#2410,10.);
#653=VECTOR('',#2419,10.);
#654=VECTOR('',#2420,10.);
#655=VECTOR('',#2421,10.);
#656=VECTOR('',#2424,10.);
#657=VECTOR('',#2425,10.);
#658=VECTOR('',#2426,10.);
#659=VECTOR('',#2429,10.);
#660=VECTOR('',#2430,10.);
#661=VECTOR('',#2433,10.);
#662=VECTOR('',#2436,10.);
#663=VECTOR('',#2449,10.);
#664=VECTOR('',#2450,10.);
#665=VECTOR('',#2455,10.);
#666=VECTOR('',#2458,10.);
#667=VECTOR('',#2467,10.);
#668=VECTOR('',#2468,10.);
#669=VECTOR('',#2469,10.);
#670=VECTOR('',#2472,10.);
#671=VECTOR('',#2485,10.);
#672=VECTOR('',#2488,10.);
#673=VECTOR('',#2491,10.);
#674=VECTOR('',#2494,10.);
#675=VECTOR('',#2495,10.);
#676=VECTOR('',#2498,10.);
#677=VECTOR('',#2499,10.);
#678=VECTOR('',#2500,10.);
#679=VECTOR('',#2503,10.);
#680=VECTOR('',#2504,10.);
#681=VECTOR('',#2507,10.);
#682=VECTOR('',#2510,10.);
#683=VECTOR('',#2515,10.);
#684=VECTOR('',#2518,10.);
#685=VECTOR('',#2519,10.);
#686=VECTOR('',#2520,10.);
#687=VECTOR('',#2523,10.);
#688=VECTOR('',#2524,10.);
#689=VECTOR('',#2527,10.);
#690=VECTOR('',#2530,10.);
#691=VECTOR('',#2535,10.);
#692=VECTOR('',#2536,10.);
#693=VECTOR('',#2539,10.);
#694=VECTOR('',#2540,10.);
#695=VECTOR('',#2543,10.);
#696=VECTOR('',#2544,10.);
#697=VECTOR('',#2547,10.);
#698=VECTOR('',#2548,10.);
#699=VECTOR('',#2551,10.);
#700=VECTOR('',#2552,10.);
#701=VECTOR('',#2553,10.);
#702=VECTOR('',#2556,10.);
#703=VECTOR('',#2559,10.);
#704=VECTOR('',#2560,10.);
#705=VECTOR('',#2563,10.);
#706=VECTOR('',#2564,10.);
#707=VECTOR('',#2565,10.);
#708=VECTOR('',#2568,10.);
#709=VECTOR('',#2571,10.);
#710=VECTOR('',#2572,10.);
#711=VECTOR('',#2575,10.);
#712=VECTOR('',#2576,10.);
#713=VECTOR('',#2579,10.);
#714=VECTOR('',#2580,10.);
#715=VECTOR('',#2583,10.);
#716=VECTOR('',#2586,10.);
#717=VECTOR('',#2589,10.);
#718=VECTOR('',#2594,10.);
#719=VECTOR('',#2597,10.);
#720=VECTOR('',#2610,10.);
#721=VECTOR('',#2611,10.);
#722=VECTOR('',#2624,10.);
#723=VECTOR('',#2625,10.);
#724=VECTOR('',#2638,10.);
#725=VECTOR('',#2639,10.);
#726=VECTOR('',#2648,10.);
#727=VECTOR('',#2651,10.);
#728=VECTOR('',#2654,10.);
#729=VECTOR('',#2655,10.);
#730=VECTOR('',#2658,10.);
#731=VECTOR('',#2663,10.);
#732=VECTOR('',#2664,10.);
#733=VECTOR('',#2665,2.);
#734=VECTOR('',#2666,2.);
#735=VECTOR('',#2667,2.);
#736=VECTOR('',#2668,10.);
#737=VECTOR('',#2669,10.);
#738=VECTOR('',#2670,10.);
#739=VECTOR('',#2675,10.);
#740=VECTOR('',#2678,10.);
#741=VECTOR('',#2679,10.);
#742=VECTOR('',#2680,10.);
#743=VECTOR('',#2683,10.);
#744=VECTOR('',#2684,10.);
#745=VECTOR('',#2685,10.);
#746=VECTOR('',#2688,10.);
#747=VECTOR('',#2689,10.);
#748=VECTOR('',#2692,10.);
#749=VECTOR('',#2693,10.);
#750=VECTOR('',#2712,10.);
#751=VECTOR('',#2713,10.);
#752=VECTOR('',#2714,10.);
#753=VECTOR('',#2717,2.);
#754=VECTOR('',#2722,10.);
#755=VECTOR('',#2723,10.);
#756=VECTOR('',#2730,10.);
#757=VECTOR('',#2731,10.);
#758=VECTOR('',#2732,10.);
#759=VECTOR('',#2737,10.);
#760=VECTOR('',#2740,2.);
#761=VECTOR('',#2745,10.);
#762=VECTOR('',#2746,10.);
#763=VECTOR('',#2749,10.);
#764=VECTOR('',#2750,10.);
#765=VECTOR('',#2753,10.);
#766=VECTOR('',#2754,10.);
#767=VECTOR('',#2755,10.);
#768=VECTOR('',#2756,10.);
#769=VECTOR('',#2759,10.);
#770=VECTOR('',#2760,10.);
#771=VECTOR('',#2765,10.);
#772=VECTOR('',#2768,10.);
#773=VECTOR('',#2769,10.);
#774=VECTOR('',#2772,2.);
#775=VECTOR('',#2777,10.);
#776=VECTOR('',#2778,10.);
#777=VECTOR('',#2783,10.);
#778=VECTOR('',#2786,10.);
#779=VECTOR('',#2787,10.);
#780=VECTOR('',#2790,2.);
#781=VECTOR('',#2795,10.);
#782=VECTOR('',#2796,10.);
#783=VECTOR('',#2797,10.);
#784=VECTOR('',#2798,10.);
#785=VECTOR('',#2799,10.);
#786=VECTOR('',#2800,10.);
#787=VECTOR('',#2801,10.);
#788=VECTOR('',#2802,10.);
#789=VECTOR('',#2811,10.);
#790=VECTOR('',#2814,10.);
#791=VECTOR('',#2817,10.);
#792=VECTOR('',#2820,10.);
#793=VECTOR('',#2827,10.);
#794=VECTOR('',#2828,10.);
#795=VECTOR('',#2831,10.);
#796=VECTOR('',#2836,10.);
#797=VECTOR('',#2839,10.);
#798=VECTOR('',#2842,10.);
#799=VECTOR('',#2845,10.);
#800=VECTOR('',#2846,10.);
#801=VECTOR('',#2847,10.);
#802=VECTOR('',#2848,10.);
#803=VECTOR('',#2873,10.);
#804=VECTOR('',#2876,10.);
#805=VECTOR('',#2879,10.);
#806=VECTOR('',#2882,10.);
#807=VECTOR('',#2887,10.);
#808=VECTOR('',#2888,10.);
#809=VECTOR('',#2891,10.);
#810=VECTOR('',#2892,10.);
#811=VECTOR('',#2895,10.);
#812=VECTOR('',#2898,10.);
#813=VECTOR('',#2901,10.);
#814=VECTOR('',#2904,10.);
#815=VECTOR('',#2907,10.);
#816=VECTOR('',#2912,3.);
#817=VECTOR('',#2915,10.);
#818=VECTOR('',#2916,10.);
#819=VECTOR('',#2919,10.);
#820=B_SPLINE_CURVE_WITH_KNOTS('',3,(#2930,#2931,#2932,#2933,#2934,#2935,
#2936,#2937,#2938,#2939,#2940,#2941,#2942,#2943,#2944,#2945,#2946,#2947),
 .UNSPECIFIED.,.F.,.F.,(4,2,2,2,2,2,2,2,4),(0.268482211916204,0.294391180679494,
0.315852790298245,0.337314399916996,0.358776009535747,0.380237619154498,
0.423160838392,0.472203970300211,0.512934950949152),.UNSPECIFIED.);
#821=B_SPLINE_CURVE_WITH_KNOTS('',3,(#2958,#2959,#2960,#2961),
 .UNSPECIFIED.,.F.,.F.,(4,4),(0.215463714900468,0.231600554955339),
 .UNSPECIFIED.);
#822=B_SPLINE_CURVE_WITH_KNOTS('',3,(#2975,#2976,#2977,#2978,#2979,#2980,
#2981,#2982,#2983,#2984,#2985,#2986,#2987,#2988),.UNSPECIFIED.,.F.,.F.,
(4,2,2,2,2,2,4),(0.0721169406143158,0.0725422578842944,0.0731975290031898,
0.0761584786010689,0.0886700480511521,0.102293227500523,0.115916406949894),
 .UNSPECIFIED.);
#823=B_SPLINE_CURVE_WITH_KNOTS('',3,(#3005,#3006,#3007,#3008,#3009,#3010,
#3011,#3012,#3013,#3014,#3015,#3016,#3017,#3018),.UNSPECIFIED.,.F.,.F.,
(4,2,2,2,2,2,4),(0.0283174742787376,0.0419406537281086,0.0555638331774795,
0.0680754026275626,0.0710363522254418,0.0716916233443371,0.0721169406143158),
 .UNSPECIFIED.);
#824=B_SPLINE_CURVE_WITH_KNOTS('',3,(#3080,#3081,#3082,#3083,#3084,#3085,
#3086,#3087,#3088,#3089,#3090,#3091,#3092,#3093),.UNSPECIFIED.,.F.,.F.,
(4,2,2,2,2,2,4),(0.0721169406143101,0.0725422578842895,0.0731975290031839,
0.0761584786010619,0.0886700480511424,0.102293227500513,0.115916406949883),
 .UNSPECIFIED.);
#825=B_SPLINE_CURVE_WITH_KNOTS('',3,(#3109,#3110,#3111,#3112,#3113,#3114,
#3115,#3116,#3117,#3118,#3119,#3120,#3121,#3122,#3123),.UNSPECIFIED.,.F.,
 .F.,(4,2,2,3,2,2,4),(0.251841175456628,0.271709735766497,0.283043370408518,
0.297925593203633,0.312807815998748,0.324141450640769,0.344010010950638),
 .UNSPECIFIED.);
#826=B_SPLINE_CURVE_WITH_KNOTS('',3,(#3127,#3128,#3129,#3130,#3131,#3132,
#3133,#3134,#3135,#3136,#3137,#3138,#3139,#3140),.UNSPECIFIED.,.F.,.F.,
(4,2,2,2,2,2,4),(0.0283174742787374,0.0419406537281076,0.0555638331774778,
0.0680754026275583,0.0710363522254363,0.0716916233443307,0.0721169406143101),
 .UNSPECIFIED.);
#827=B_SPLINE_CURVE_WITH_KNOTS('',3,(#3171,#3172,#3173,#3174,#3175,#3176,
#3177,#3178,#3179,#3180,#3181,#3182,#3183,#3184),.UNSPECIFIED.,.F.,.F.,
(4,2,2,2,2,2,4),(0.0721169406143044,0.0725422578842837,0.0731975290031782,
0.0761584786010548,0.0886700480511326,0.102293227500502,0.115916406949872),
 .UNSPECIFIED.);
#828=B_SPLINE_CURVE_WITH_KNOTS('',3,(#3200,#3201,#3202,#3203,#3204,#3205,
#3206,#3207,#3208,#3209,#3210,#3211,#3212,#3213,#3214),.UNSPECIFIED.,.F.,
 .F.,(4,2,2,3,2,2,4),(0.251857955899951,0.271726516209816,0.283060150851836,
0.297942373646953,0.312824596442071,0.324158231084091,0.344026791393956),
 .UNSPECIFIED.);
#829=B_SPLINE_CURVE_WITH_KNOTS('',3,(#3218,#3219,#3220,#3221,#3222,#3223,
#3224,#3225,#3226,#3227,#3228,#3229,#3230,#3231),.UNSPECIFIED.,.F.,.F.,
(4,2,2,2,2,2,4),(0.0283174742787373,0.0419406537281067,0.0555638331774761,
0.0680754026275539,0.0710363522254304,0.0716916233443249,0.0721169406143042),
 .UNSPECIFIED.);
#830=B_SPLINE_CURVE_WITH_KNOTS('',3,(#3245,#3246,#3247,#3248,#3249,#3250,
#3251,#3252,#3253,#3254,#3255,#3256,#3257,#3258,#3259),.UNSPECIFIED.,.F.,
 .F.,(4,2,2,3,2,2,4),(0.251841175456616,0.271709735766478,0.283043370408496,
0.297925593203617,0.312807815998738,0.324141450640756,0.344010010950618),
 .UNSPECIFIED.);
#831=VERTEX_POINT('',#2928);
#832=VERTEX_POINT('',#2929);
#833=VERTEX_POINT('',#2948);
#834=VERTEX_POINT('',#2950);
#835=VERTEX_POINT('',#2954);
#836=VERTEX_POINT('',#2956);
#837=VERTEX_POINT('',#2963);
#838=VERTEX_POINT('',#2965);
#839=VERTEX_POINT('',#2969);
#840=VERTEX_POINT('',#2970);
#841=VERTEX_POINT('',#2972);
#842=VERTEX_POINT('',#2974);
#843=VERTEX_POINT('',#2991);
#844=VERTEX_POINT('',#2993);
#845=VERTEX_POINT('',#2997);
#846=VERTEX_POINT('',#2999);
#847=VERTEX_POINT('',#3003);
#848=VERTEX_POINT('',#3004);
#849=VERTEX_POINT('',#3022);
#850=VERTEX_POINT('',#3024);
#851=VERTEX_POINT('',#3026);
#852=VERTEX_POINT('',#3028);
#853=VERTEX_POINT('',#3030);
#854=VERTEX_POINT('',#3032);
#855=VERTEX_POINT('',#3034);
#856=VERTEX_POINT('',#3036);
#857=VERTEX_POINT('',#3038);
#858=VERTEX_POINT('',#3040);
#859=VERTEX_POINT('',#3042);
#860=VERTEX_POINT('',#3044);
#861=VERTEX_POINT('',#3046);
#862=VERTEX_POINT('',#3048);
#863=VERTEX_POINT('',#3050);
#864=VERTEX_POINT('',#3052);
#865=VERTEX_POINT('',#3054);
#866=VERTEX_POINT('',#3056);
#867=VERTEX_POINT('',#3058);
#868=VERTEX_POINT('',#3060);
#869=VERTEX_POINT('',#3062);
#870=VERTEX_POINT('',#3064);
#871=VERTEX_POINT('',#3066);
#872=VERTEX_POINT('',#3068);
#873=VERTEX_POINT('',#3070);
#874=VERTEX_POINT('',#3074);
#875=VERTEX_POINT('',#3075);
#876=VERTEX_POINT('',#3077);
#877=VERTEX_POINT('',#3079);
#878=VERTEX_POINT('',#3096);
#879=VERTEX_POINT('',#3098);
#880=VERTEX_POINT('',#3102);
#881=VERTEX_POINT('',#3104);
#882=VERTEX_POINT('',#3108);
#883=VERTEX_POINT('',#3125);
#884=VERTEX_POINT('',#3142);
#885=VERTEX_POINT('',#3144);
#886=VERTEX_POINT('',#3148);
#887=VERTEX_POINT('',#3150);
#888=VERTEX_POINT('',#3154);
#889=VERTEX_POINT('',#3158);
#890=VERTEX_POINT('',#3161);
#891=VERTEX_POINT('',#3165);
#892=VERTEX_POINT('',#3166);
#893=VERTEX_POINT('',#3168);
#894=VERTEX_POINT('',#3170);
#895=VERTEX_POINT('',#3187);
#896=VERTEX_POINT('',#3189);
#897=VERTEX_POINT('',#3193);
#898=VERTEX_POINT('',#3195);
#899=VERTEX_POINT('',#3199);
#900=VERTEX_POINT('',#3216);
#901=VERTEX_POINT('',#3233);
#902=VERTEX_POINT('',#3235);
#903=VERTEX_POINT('',#3239);
#904=VERTEX_POINT('',#3240);
#905=VERTEX_POINT('',#3260);
#906=VERTEX_POINT('',#3266);
#907=VERTEX_POINT('',#3268);
#908=VERTEX_POINT('',#3272);
#909=VERTEX_POINT('',#3276);
#910=VERTEX_POINT('',#3278);
#911=VERTEX_POINT('',#3282);
#912=VERTEX_POINT('',#3286);
#913=VERTEX_POINT('',#3288);
#914=VERTEX_POINT('',#3295);
#915=VERTEX_POINT('',#3297);
#916=VERTEX_POINT('',#3301);
#917=VERTEX_POINT('',#3305);
#918=VERTEX_POINT('',#3307);
#919=VERTEX_POINT('',#3312);
#920=VERTEX_POINT('',#3316);
#921=VERTEX_POINT('',#3320);
#922=VERTEX_POINT('',#3324);
#923=VERTEX_POINT('',#3328);
#924=VERTEX_POINT('',#3330);
#925=VERTEX_POINT('',#3336);
#926=VERTEX_POINT('',#3340);
#927=VERTEX_POINT('',#3342);
#928=VERTEX_POINT('',#3348);
#929=VERTEX_POINT('',#3352);
#930=VERTEX_POINT('',#3356);
#931=VERTEX_POINT('',#3366);
#932=VERTEX_POINT('',#3367);
#933=VERTEX_POINT('',#3369);
#934=VERTEX_POINT('',#3371);
#935=VERTEX_POINT('',#3375);
#936=VERTEX_POINT('',#3376);
#937=VERTEX_POINT('',#3381);
#938=VERTEX_POINT('',#3382);
#939=VERTEX_POINT('',#3387);
#940=VERTEX_POINT('',#3388);
#941=VERTEX_POINT('',#3393);
#942=VERTEX_POINT('',#3394);
#943=VERTEX_POINT('',#3399);
#944=VERTEX_POINT('',#3400);
#945=VERTEX_POINT('',#3405);
#946=VERTEX_POINT('',#3406);
#947=VERTEX_POINT('',#3414);
#948=VERTEX_POINT('',#3416);
#949=VERTEX_POINT('',#3420);
#950=VERTEX_POINT('',#3424);
#951=VERTEX_POINT('',#3428);
#952=VERTEX_POINT('',#3430);
#953=VERTEX_POINT('',#3432);
#954=VERTEX_POINT('',#3434);
#955=VERTEX_POINT('',#3436);
#956=VERTEX_POINT('',#3438);
#957=VERTEX_POINT('',#3440);
#958=VERTEX_POINT('',#3445);
#959=VERTEX_POINT('',#3446);
#960=VERTEX_POINT('',#3448);
#961=VERTEX_POINT('',#3450);
#962=VERTEX_POINT('',#3452);
#963=VERTEX_POINT('',#3454);
#964=VERTEX_POINT('',#3456);
#965=VERTEX_POINT('',#3458);
#966=VERTEX_POINT('',#3460);
#967=VERTEX_POINT('',#3462);
#968=VERTEX_POINT('',#3464);
#969=VERTEX_POINT('',#3467);
#970=VERTEX_POINT('',#3469);
#971=VERTEX_POINT('',#3471);
#972=VERTEX_POINT('',#3475);
#973=VERTEX_POINT('',#3478);
#974=VERTEX_POINT('',#3481);
#975=VERTEX_POINT('',#3484);
#976=VERTEX_POINT('',#3487);
#977=VERTEX_POINT('',#3488);
#978=VERTEX_POINT('',#3493);
#979=VERTEX_POINT('',#3497);
#980=VERTEX_POINT('',#3503);
#981=VERTEX_POINT('',#3504);
#982=VERTEX_POINT('',#3509);
#983=VERTEX_POINT('',#3513);
#984=VERTEX_POINT('',#3517);
#985=VERTEX_POINT('',#3521);
#986=VERTEX_POINT('',#3525);
#987=VERTEX_POINT('',#3526);
#988=VERTEX_POINT('',#3528);
#989=VERTEX_POINT('',#3530);
#990=VERTEX_POINT('',#3534);
#991=VERTEX_POINT('',#3538);
#992=VERTEX_POINT('',#3545);
#993=VERTEX_POINT('',#3549);
#994=VERTEX_POINT('',#3553);
#995=VERTEX_POINT('',#3557);
#996=VERTEX_POINT('',#3561);
#997=VERTEX_POINT('',#3565);
#998=VERTEX_POINT('',#3567);
#999=VERTEX_POINT('',#3569);
#1000=VERTEX_POINT('',#3572);
#1001=VERTEX_POINT('',#3574);
#1002=VERTEX_POINT('',#3576);
#1003=VERTEX_POINT('',#3580);
#1004=VERTEX_POINT('',#3583);
#1005=VERTEX_POINT('',#3587);
#1006=VERTEX_POINT('',#3589);
#1007=VERTEX_POINT('',#3591);
#1008=VERTEX_POINT('',#3593);
#1009=VERTEX_POINT('',#3595);
#1010=VERTEX_POINT('',#3600);
#1011=VERTEX_POINT('',#3602);
#1012=VERTEX_POINT('',#3604);
#1013=VERTEX_POINT('',#3608);
#1014=VERTEX_POINT('',#3612);
#1015=VERTEX_POINT('',#3614);
#1016=VERTEX_POINT('',#3618);
#1017=VERTEX_POINT('',#3620);
#1018=VERTEX_POINT('',#3622);
#1019=VERTEX_POINT('',#3637);
#1020=VERTEX_POINT('',#3639);
#1021=VERTEX_POINT('',#3643);
#1022=VERTEX_POINT('',#3644);
#1023=VERTEX_POINT('',#3646);
#1024=VERTEX_POINT('',#3648);
#1025=VERTEX_POINT('',#3666);
#1026=EDGE_CURVE('',#831,#832,#820,.T.);
#1027=EDGE_CURVE('',#831,#833,#416,.T.);
#1028=EDGE_CURVE('',#833,#834,#338,.T.);
#1029=EDGE_CURVE('',#834,#832,#417,.T.);
#1030=EDGE_CURVE('',#834,#835,#339,.T.);
#1031=EDGE_CURVE('',#835,#836,#418,.T.);
#1032=EDGE_CURVE('',#832,#836,#821,.T.);
#1033=EDGE_CURVE('',#837,#833,#340,.T.);
#1034=EDGE_CURVE('',#838,#837,#419,.T.);
#1035=EDGE_CURVE('',#835,#838,#420,.T.);
#1036=EDGE_CURVE('',#839,#840,#341,.T.);
#1037=EDGE_CURVE('',#840,#841,#342,.T.);
#1038=EDGE_CURVE('',#841,#842,#822,.F.);
#1039=EDGE_CURVE('',#842,#839,#343,.T.);
#1040=EDGE_CURVE('',#843,#840,#421,.T.);
#1041=EDGE_CURVE('',#839,#844,#422,.T.);
#1042=EDGE_CURVE('',#844,#843,#23,.T.);
#1043=EDGE_CURVE('',#844,#845,#423,.T.);
#1044=EDGE_CURVE('',#845,#846,#344,.T.);
#1045=EDGE_CURVE('',#846,#843,#424,.T.);
#1046=EDGE_CURVE('',#847,#848,#823,.F.);
#1047=EDGE_CURVE('',#848,#846,#345,.T.);
#1048=EDGE_CURVE('',#845,#847,#346,.T.);
#1049=EDGE_CURVE('',#848,#849,#425,.T.);
#1050=EDGE_CURVE('',#849,#850,#426,.T.);
#1051=EDGE_CURVE('',#850,#851,#427,.T.);
#1052=EDGE_CURVE('',#852,#851,#347,.T.);
#1053=EDGE_CURVE('',#852,#853,#428,.T.);
#1054=EDGE_CURVE('',#853,#854,#429,.T.);
#1055=EDGE_CURVE('',#854,#855,#430,.T.);
#1056=EDGE_CURVE('',#856,#855,#348,.T.);
#1057=EDGE_CURVE('',#856,#857,#431,.T.);
#1058=EDGE_CURVE('',#857,#858,#432,.T.);
#1059=EDGE_CURVE('',#858,#859,#433,.T.);
#1060=EDGE_CURVE('',#860,#859,#349,.T.);
#1061=EDGE_CURVE('',#861,#860,#434,.T.);
#1062=EDGE_CURVE('',#862,#861,#435,.T.);
#1063=EDGE_CURVE('',#863,#862,#350,.T.);
#1064=EDGE_CURVE('',#863,#864,#436,.T.);
#1065=EDGE_CURVE('',#864,#865,#437,.T.);
#1066=EDGE_CURVE('',#865,#866,#438,.T.);
#1067=EDGE_CURVE('',#866,#867,#439,.T.);
#1068=EDGE_CURVE('',#867,#868,#440,.T.);
#1069=EDGE_CURVE('',#868,#869,#441,.T.);
#1070=EDGE_CURVE('',#869,#870,#442,.T.);
#1071=EDGE_CURVE('',#871,#870,#443,.T.);
#1072=EDGE_CURVE('',#871,#872,#444,.T.);
#1073=EDGE_CURVE('',#872,#873,#445,.T.);
#1074=EDGE_CURVE('',#873,#841,#446,.T.);
#1075=EDGE_CURVE('',#874,#875,#351,.T.);
#1076=EDGE_CURVE('',#875,#876,#352,.T.);
#1077=EDGE_CURVE('',#876,#877,#824,.F.);
#1078=EDGE_CURVE('',#877,#874,#353,.T.);
#1079=EDGE_CURVE('',#878,#875,#447,.T.);
#1080=EDGE_CURVE('',#874,#879,#448,.T.);
#1081=EDGE_CURVE('',#879,#878,#24,.T.);
#1082=EDGE_CURVE('',#879,#880,#449,.T.);
#1083=EDGE_CURVE('',#880,#881,#354,.T.);
#1084=EDGE_CURVE('',#881,#878,#450,.T.);
#1085=EDGE_CURVE('',#882,#851,#825,.T.);
#1086=EDGE_CURVE('',#882,#881,#355,.T.);
#1087=EDGE_CURVE('',#880,#883,#356,.T.);
#1088=EDGE_CURVE('',#883,#852,#826,.F.);
#1089=EDGE_CURVE('',#884,#879,#451,.T.);
#1090=EDGE_CURVE('',#885,#884,#452,.T.);
#1091=EDGE_CURVE('',#885,#880,#453,.T.);
#1092=EDGE_CURVE('',#882,#886,#454,.T.);
#1093=EDGE_CURVE('',#886,#887,#455,.T.);
#1094=EDGE_CURVE('',#887,#876,#456,.T.);
#1095=EDGE_CURVE('',#888,#874,#457,.T.);
#1096=EDGE_CURVE('',#884,#888,#458,.T.);
#1097=EDGE_CURVE('',#883,#889,#459,.T.);
#1098=EDGE_CURVE('',#888,#885,#357,.T.);
#1099=EDGE_CURVE('',#890,#877,#460,.T.);
#1100=EDGE_CURVE('',#889,#890,#358,.T.);
#1101=EDGE_CURVE('',#891,#892,#359,.T.);
#1102=EDGE_CURVE('',#892,#893,#360,.T.);
#1103=EDGE_CURVE('',#893,#894,#827,.F.);
#1104=EDGE_CURVE('',#894,#891,#361,.T.);
#1105=EDGE_CURVE('',#895,#892,#461,.T.);
#1106=EDGE_CURVE('',#891,#896,#462,.T.);
#1107=EDGE_CURVE('',#896,#895,#25,.T.);
#1108=EDGE_CURVE('',#896,#897,#463,.T.);
#1109=EDGE_CURVE('',#897,#898,#362,.T.);
#1110=EDGE_CURVE('',#898,#895,#464,.T.);
#1111=EDGE_CURVE('',#899,#855,#828,.T.);
#1112=EDGE_CURVE('',#899,#898,#363,.T.);
#1113=EDGE_CURVE('',#897,#900,#364,.T.);
#1114=EDGE_CURVE('',#900,#856,#829,.F.);
#1115=EDGE_CURVE('',#899,#901,#465,.T.);
#1116=EDGE_CURVE('',#901,#902,#466,.T.);
#1117=EDGE_CURVE('',#902,#893,#467,.T.);
#1118=EDGE_CURVE('',#903,#904,#468,.T.);
#1119=EDGE_CURVE('',#904,#862,#365,.T.);
#1120=EDGE_CURVE('',#903,#861,#26,.T.);
#1121=EDGE_CURVE('',#863,#859,#830,.T.);
#1122=EDGE_CURVE('',#904,#905,#366,.T.);
#1123=EDGE_CURVE('',#905,#860,#367,.T.);
#1124=EDGE_CURVE('',#905,#903,#469,.T.);
#1125=EDGE_CURVE('',#906,#904,#470,.T.);
#1126=EDGE_CURVE('',#907,#906,#368,.T.);
#1127=EDGE_CURVE('',#907,#905,#471,.T.);
#1128=EDGE_CURVE('',#908,#903,#472,.T.);
#1129=EDGE_CURVE('',#906,#908,#473,.T.);
#1130=EDGE_CURVE('',#909,#896,#474,.T.);
#1131=EDGE_CURVE('',#910,#909,#475,.T.);
#1132=EDGE_CURVE('',#910,#897,#476,.T.);
#1133=EDGE_CURVE('',#911,#891,#477,.T.);
#1134=EDGE_CURVE('',#909,#911,#478,.T.);
#1135=EDGE_CURVE('',#912,#894,#479,.T.);
#1136=EDGE_CURVE('',#913,#912,#369,.T.);
#1137=EDGE_CURVE('',#900,#913,#480,.T.);
#1138=EDGE_CURVE('',#911,#910,#370,.T.);
#1139=EDGE_CURVE('',#908,#907,#481,.T.);
#1140=EDGE_CURVE('',#914,#839,#482,.T.);
#1141=EDGE_CURVE('',#915,#914,#483,.T.);
#1142=EDGE_CURVE('',#915,#844,#484,.T.);
#1143=EDGE_CURVE('',#916,#915,#485,.T.);
#1144=EDGE_CURVE('',#916,#845,#486,.T.);
#1145=EDGE_CURVE('',#917,#842,#487,.T.);
#1146=EDGE_CURVE('',#918,#917,#371,.T.);
#1147=EDGE_CURVE('',#847,#918,#488,.T.);
#1148=EDGE_CURVE('',#914,#916,#372,.T.);
#1149=EDGE_CURVE('',#913,#919,#489,.T.);
#1150=EDGE_CURVE('',#857,#919,#490,.T.);
#1151=EDGE_CURVE('',#889,#920,#491,.T.);
#1152=EDGE_CURVE('',#853,#920,#492,.T.);
#1153=EDGE_CURVE('',#918,#921,#493,.T.);
#1154=EDGE_CURVE('',#849,#921,#494,.T.);
#1155=EDGE_CURVE('',#922,#858,#495,.T.);
#1156=EDGE_CURVE('',#919,#922,#496,.T.);
#1157=EDGE_CURVE('',#923,#912,#497,.T.);
#1158=EDGE_CURVE('',#923,#924,#498,.T.);
#1159=EDGE_CURVE('',#924,#922,#499,.T.);
#1160=EDGE_CURVE('',#902,#923,#500,.T.);
#1161=EDGE_CURVE('',#925,#854,#501,.T.);
#1162=EDGE_CURVE('',#920,#925,#502,.T.);
#1163=EDGE_CURVE('',#926,#890,#503,.T.);
#1164=EDGE_CURVE('',#926,#927,#504,.T.);
#1165=EDGE_CURVE('',#927,#925,#505,.T.);
#1166=EDGE_CURVE('',#887,#926,#506,.T.);
#1167=EDGE_CURVE('',#928,#850,#507,.T.);
#1168=EDGE_CURVE('',#921,#928,#508,.T.);
#1169=EDGE_CURVE('',#929,#928,#509,.T.);
#1170=EDGE_CURVE('',#929,#886,#510,.T.);
#1171=EDGE_CURVE('',#873,#930,#511,.T.);
#1172=EDGE_CURVE('',#930,#917,#512,.T.);
#1173=EDGE_CURVE('',#930,#929,#513,.T.);
#1174=EDGE_CURVE('',#924,#864,#514,.T.);
#1175=EDGE_CURVE('',#927,#901,#515,.T.);
#1176=EDGE_CURVE('',#931,#932,#373,.T.);
#1177=EDGE_CURVE('',#932,#933,#516,.T.);
#1178=EDGE_CURVE('',#933,#934,#374,.T.);
#1179=EDGE_CURVE('',#934,#931,#517,.T.);
#1180=EDGE_CURVE('',#935,#936,#375,.T.);
#1181=EDGE_CURVE('',#936,#934,#376,.T.);
#1182=EDGE_CURVE('',#933,#935,#377,.T.);
#1183=EDGE_CURVE('',#937,#938,#378,.T.);
#1184=EDGE_CURVE('',#938,#936,#518,.T.);
#1185=EDGE_CURVE('',#935,#937,#519,.T.);
#1186=EDGE_CURVE('',#939,#940,#379,.T.);
#1187=EDGE_CURVE('',#940,#938,#380,.T.);
#1188=EDGE_CURVE('',#937,#939,#381,.T.);
#1189=EDGE_CURVE('',#941,#942,#382,.T.);
#1190=EDGE_CURVE('',#942,#940,#520,.T.);
#1191=EDGE_CURVE('',#939,#941,#521,.T.);
#1192=EDGE_CURVE('',#943,#944,#383,.T.);
#1193=EDGE_CURVE('',#944,#942,#384,.T.);
#1194=EDGE_CURVE('',#941,#943,#385,.T.);
#1195=EDGE_CURVE('',#945,#946,#386,.T.);
#1196=EDGE_CURVE('',#946,#944,#522,.T.);
#1197=EDGE_CURVE('',#943,#945,#523,.T.);
#1198=EDGE_CURVE('',#931,#946,#387,.T.);
#1199=EDGE_CURVE('',#945,#932,#388,.T.);
#1200=EDGE_CURVE('',#947,#937,#524,.T.);
#1201=EDGE_CURVE('',#947,#948,#389,.T.);
#1202=EDGE_CURVE('',#948,#939,#525,.T.);
#1203=EDGE_CURVE('',#949,#935,#526,.T.);
#1204=EDGE_CURVE('',#949,#947,#527,.T.);
#1205=EDGE_CURVE('',#950,#933,#528,.T.);
#1206=EDGE_CURVE('',#950,#949,#390,.T.);
#1207=EDGE_CURVE('',#951,#932,#529,.T.);
#1208=EDGE_CURVE('',#951,#952,#530,.T.);
#1209=EDGE_CURVE('',#953,#952,#531,.T.);
#1210=EDGE_CURVE('',#954,#953,#532,.T.);
#1211=EDGE_CURVE('',#955,#954,#533,.T.);
#1212=EDGE_CURVE('',#956,#955,#534,.T.);
#1213=EDGE_CURVE('',#957,#956,#535,.T.);
#1214=EDGE_CURVE('',#957,#950,#536,.T.);
#1215=EDGE_CURVE('',#958,#959,#537,.T.);
#1216=EDGE_CURVE('',#959,#960,#391,.T.);
#1217=EDGE_CURVE('',#960,#961,#538,.T.);
#1218=EDGE_CURVE('',#961,#962,#539,.T.);
#1219=EDGE_CURVE('',#962,#963,#540,.T.);
#1220=EDGE_CURVE('',#963,#964,#392,.T.);
#1221=EDGE_CURVE('',#964,#965,#541,.T.);
#1222=EDGE_CURVE('',#965,#966,#542,.T.);
#1223=EDGE_CURVE('',#966,#967,#543,.T.);
#1224=EDGE_CURVE('',#967,#968,#393,.T.);
#1225=EDGE_CURVE('',#968,#871,#544,.T.);
#1226=EDGE_CURVE('',#870,#969,#545,.T.);
#1227=EDGE_CURVE('',#969,#970,#394,.T.);
#1228=EDGE_CURVE('',#970,#971,#546,.T.);
#1229=EDGE_CURVE('',#971,#958,#547,.T.);
#1230=EDGE_CURVE('',#972,#972,#395,.T.);
#1231=EDGE_CURVE('',#973,#973,#396,.T.);
#1232=EDGE_CURVE('',#974,#974,#397,.T.);
#1233=EDGE_CURVE('',#975,#975,#398,.T.);
#1234=EDGE_CURVE('',#976,#977,#548,.T.);
#1235=EDGE_CURVE('',#977,#967,#549,.T.);
#1236=EDGE_CURVE('',#976,#966,#550,.T.);
#1237=EDGE_CURVE('',#974,#978,#551,.T.);
#1238=EDGE_CURVE('',#978,#978,#399,.T.);
#1239=EDGE_CURVE('',#979,#872,#552,.T.);
#1240=EDGE_CURVE('',#979,#968,#553,.T.);
#1241=EDGE_CURVE('',#977,#979,#400,.T.);
#1242=EDGE_CURVE('',#980,#981,#554,.T.);
#1243=EDGE_CURVE('',#981,#959,#555,.T.);
#1244=EDGE_CURVE('',#980,#958,#556,.T.);
#1245=EDGE_CURVE('',#981,#982,#401,.T.);
#1246=EDGE_CURVE('',#982,#960,#557,.T.);
#1247=EDGE_CURVE('',#973,#983,#558,.T.);
#1248=EDGE_CURVE('',#983,#983,#402,.T.);
#1249=EDGE_CURVE('',#982,#984,#559,.T.);
#1250=EDGE_CURVE('',#961,#984,#560,.T.);
#1251=EDGE_CURVE('',#984,#985,#561,.T.);
#1252=EDGE_CURVE('',#985,#962,#562,.T.);
#1253=EDGE_CURVE('',#986,#987,#563,.T.);
#1254=EDGE_CURVE('',#987,#988,#564,.T.);
#1255=EDGE_CURVE('',#989,#988,#565,.T.);
#1256=EDGE_CURVE('',#989,#986,#566,.T.);
#1257=EDGE_CURVE('',#869,#990,#567,.T.);
#1258=EDGE_CURVE('',#990,#969,#568,.T.);
#1259=EDGE_CURVE('',#990,#991,#403,.T.);
#1260=EDGE_CURVE('',#991,#970,#569,.T.);
#1261=EDGE_CURVE('',#991,#989,#570,.T.);
#1262=EDGE_CURVE('',#971,#988,#571,.T.);
#1263=EDGE_CURVE('',#975,#992,#572,.T.);
#1264=EDGE_CURVE('',#992,#992,#404,.T.);
#1265=EDGE_CURVE('',#985,#993,#573,.T.);
#1266=EDGE_CURVE('',#993,#963,#574,.T.);
#1267=EDGE_CURVE('',#993,#994,#405,.T.);
#1268=EDGE_CURVE('',#994,#964,#575,.T.);
#1269=EDGE_CURVE('',#994,#995,#576,.T.);
#1270=EDGE_CURVE('',#965,#995,#577,.T.);
#1271=EDGE_CURVE('',#972,#996,#578,.T.);
#1272=EDGE_CURVE('',#996,#996,#406,.T.);
#1273=EDGE_CURVE('',#995,#997,#579,.T.);
#1274=EDGE_CURVE('',#997,#998,#580,.T.);
#1275=EDGE_CURVE('',#998,#999,#581,.T.);
#1276=EDGE_CURVE('',#999,#838,#582,.T.);
#1277=EDGE_CURVE('',#837,#1000,#583,.T.);
#1278=EDGE_CURVE('',#1000,#1001,#584,.T.);
#1279=EDGE_CURVE('',#1001,#1002,#585,.T.);
#1280=EDGE_CURVE('',#1002,#976,#586,.T.);
#1281=EDGE_CURVE('',#865,#1003,#407,.T.);
#1282=EDGE_CURVE('',#952,#1002,#408,.T.);
#1283=EDGE_CURVE('',#1004,#951,#409,.T.);
#1284=EDGE_CURVE('',#1003,#1004,#587,.T.);
#1285=EDGE_CURVE('',#986,#1005,#588,.T.);
#1286=EDGE_CURVE('',#1006,#868,#410,.T.);
#1287=EDGE_CURVE('',#1007,#1006,#589,.T.);
#1288=EDGE_CURVE('',#1008,#1007,#411,.T.);
#1289=EDGE_CURVE('',#1009,#1008,#590,.T.);
#1290=EDGE_CURVE('',#1005,#1009,#412,.T.);
#1291=EDGE_CURVE('',#997,#957,#413,.T.);
#1292=EDGE_CURVE('',#1010,#980,#591,.T.);
#1293=EDGE_CURVE('',#1011,#1010,#592,.T.);
#1294=EDGE_CURVE('',#1012,#1011,#414,.T.);
#1295=EDGE_CURVE('',#948,#1012,#593,.T.);
#1296=EDGE_CURVE('',#867,#1013,#27,.T.);
#1297=EDGE_CURVE('',#1013,#1006,#594,.T.);
#1298=EDGE_CURVE('',#1011,#1014,#595,.T.);
#1299=EDGE_CURVE('',#1014,#1015,#28,.T.);
#1300=EDGE_CURVE('',#1015,#1012,#596,.T.);
#1301=EDGE_CURVE('',#988,#1016,#597,.T.);
#1302=EDGE_CURVE('',#1016,#1017,#598,.T.);
#1303=EDGE_CURVE('',#1017,#1018,#599,.T.);
#1304=EDGE_CURVE('',#1018,#1010,#600,.T.);
#1305=EDGE_CURVE('',#836,#999,#415,.F.);
#1306=EDGE_CURVE('',#1001,#953,#29,.T.);
#1307=EDGE_CURVE('',#956,#998,#30,.T.);
#1308=EDGE_CURVE('',#955,#831,#31,.T.);
#1309=EDGE_CURVE('',#954,#1000,#32,.T.);
#1310=EDGE_CURVE('',#1009,#1019,#601,.T.);
#1311=EDGE_CURVE('',#1019,#1020,#33,.T.);
#1312=EDGE_CURVE('',#1020,#1005,#602,.T.);
#1313=EDGE_CURVE('',#1021,#1022,#603,.T.);
#1314=EDGE_CURVE('',#1022,#1023,#34,.T.);
#1315=EDGE_CURVE('',#1023,#1024,#604,.T.);
#1316=EDGE_CURVE('',#1024,#1021,#35,.T.);
#1317=EDGE_CURVE('',#1019,#1023,#605,.T.);
#1318=EDGE_CURVE('',#1022,#1020,#606,.T.);
#1319=EDGE_CURVE('',#1014,#1021,#607,.T.);
#1320=EDGE_CURVE('',#1024,#1015,#608,.T.);
#1321=EDGE_CURVE('',#1020,#987,#609,.T.);
#1322=EDGE_CURVE('',#1016,#1022,#610,.T.);
#1323=EDGE_CURVE('',#1021,#1017,#611,.T.);
#1324=EDGE_CURVE('',#1008,#941,#612,.T.);
#1325=EDGE_CURVE('',#1003,#1025,#613,.T.);
#1326=EDGE_CURVE('',#1025,#866,#36,.T.);
#1327=EDGE_CURVE('',#1025,#1013,#614,.T.);
#1328=EDGE_CURVE('',#1007,#943,#615,.T.);
#1329=EDGE_CURVE('',#1004,#945,#616,.T.);
#1330=EDGE_CURVE('',#1018,#1014,#617,.T.);
#1331=ORIENTED_EDGE('',*,*,#1026,.F.);
#1332=ORIENTED_EDGE('',*,*,#1027,.T.);
#1333=ORIENTED_EDGE('',*,*,#1028,.T.);
#1334=ORIENTED_EDGE('',*,*,#1029,.T.);
#1335=ORIENTED_EDGE('',*,*,#1029,.F.);
#1336=ORIENTED_EDGE('',*,*,#1030,.T.);
#1337=ORIENTED_EDGE('',*,*,#1031,.T.);
#1338=ORIENTED_EDGE('',*,*,#1032,.F.);
#1339=ORIENTED_EDGE('',*,*,#1028,.F.);
#1340=ORIENTED_EDGE('',*,*,#1033,.F.);
#1341=ORIENTED_EDGE('',*,*,#1034,.F.);
#1342=ORIENTED_EDGE('',*,*,#1035,.F.);
#1343=ORIENTED_EDGE('',*,*,#1030,.F.);
#1344=ORIENTED_EDGE('',*,*,#1036,.T.);
#1345=ORIENTED_EDGE('',*,*,#1037,.T.);
#1346=ORIENTED_EDGE('',*,*,#1038,.T.);
#1347=ORIENTED_EDGE('',*,*,#1039,.T.);
#1348=ORIENTED_EDGE('',*,*,#1040,.T.);
#1349=ORIENTED_EDGE('',*,*,#1036,.F.);
#1350=ORIENTED_EDGE('',*,*,#1041,.T.);
#1351=ORIENTED_EDGE('',*,*,#1042,.T.);
#1352=ORIENTED_EDGE('',*,*,#1043,.T.);
#1353=ORIENTED_EDGE('',*,*,#1044,.T.);
#1354=ORIENTED_EDGE('',*,*,#1045,.T.);
#1355=ORIENTED_EDGE('',*,*,#1042,.F.);
#1356=ORIENTED_EDGE('',*,*,#1046,.T.);
#1357=ORIENTED_EDGE('',*,*,#1047,.T.);
#1358=ORIENTED_EDGE('',*,*,#1044,.F.);
#1359=ORIENTED_EDGE('',*,*,#1048,.T.);
#1360=ORIENTED_EDGE('',*,*,#1037,.F.);
#1361=ORIENTED_EDGE('',*,*,#1040,.F.);
#1362=ORIENTED_EDGE('',*,*,#1045,.F.);
#1363=ORIENTED_EDGE('',*,*,#1047,.F.);
#1364=ORIENTED_EDGE('',*,*,#1049,.T.);
#1365=ORIENTED_EDGE('',*,*,#1050,.T.);
#1366=ORIENTED_EDGE('',*,*,#1051,.T.);
#1367=ORIENTED_EDGE('',*,*,#1052,.F.);
#1368=ORIENTED_EDGE('',*,*,#1053,.T.);
#1369=ORIENTED_EDGE('',*,*,#1054,.T.);
#1370=ORIENTED_EDGE('',*,*,#1055,.T.);
#1371=ORIENTED_EDGE('',*,*,#1056,.F.);
#1372=ORIENTED_EDGE('',*,*,#1057,.T.);
#1373=ORIENTED_EDGE('',*,*,#1058,.T.);
#1374=ORIENTED_EDGE('',*,*,#1059,.T.);
#1375=ORIENTED_EDGE('',*,*,#1060,.F.);
#1376=ORIENTED_EDGE('',*,*,#1061,.F.);
#1377=ORIENTED_EDGE('',*,*,#1062,.F.);
#1378=ORIENTED_EDGE('',*,*,#1063,.F.);
#1379=ORIENTED_EDGE('',*,*,#1064,.T.);
#1380=ORIENTED_EDGE('',*,*,#1065,.T.);
#1381=ORIENTED_EDGE('',*,*,#1066,.T.);
#1382=ORIENTED_EDGE('',*,*,#1067,.T.);
#1383=ORIENTED_EDGE('',*,*,#1068,.T.);
#1384=ORIENTED_EDGE('',*,*,#1069,.T.);
#1385=ORIENTED_EDGE('',*,*,#1070,.T.);
#1386=ORIENTED_EDGE('',*,*,#1071,.F.);
#1387=ORIENTED_EDGE('',*,*,#1072,.T.);
#1388=ORIENTED_EDGE('',*,*,#1073,.T.);
#1389=ORIENTED_EDGE('',*,*,#1074,.T.);
#1390=ORIENTED_EDGE('',*,*,#1075,.T.);
#1391=ORIENTED_EDGE('',*,*,#1076,.T.);
#1392=ORIENTED_EDGE('',*,*,#1077,.T.);
#1393=ORIENTED_EDGE('',*,*,#1078,.T.);
#1394=ORIENTED_EDGE('',*,*,#1079,.T.);
#1395=ORIENTED_EDGE('',*,*,#1075,.F.);
#1396=ORIENTED_EDGE('',*,*,#1080,.T.);
#1397=ORIENTED_EDGE('',*,*,#1081,.T.);
#1398=ORIENTED_EDGE('',*,*,#1082,.T.);
#1399=ORIENTED_EDGE('',*,*,#1083,.T.);
#1400=ORIENTED_EDGE('',*,*,#1084,.T.);
#1401=ORIENTED_EDGE('',*,*,#1081,.F.);
#1402=ORIENTED_EDGE('',*,*,#1085,.F.);
#1403=ORIENTED_EDGE('',*,*,#1086,.T.);
#1404=ORIENTED_EDGE('',*,*,#1083,.F.);
#1405=ORIENTED_EDGE('',*,*,#1087,.T.);
#1406=ORIENTED_EDGE('',*,*,#1088,.T.);
#1407=ORIENTED_EDGE('',*,*,#1052,.T.);
#1408=ORIENTED_EDGE('',*,*,#1082,.F.);
#1409=ORIENTED_EDGE('',*,*,#1089,.F.);
#1410=ORIENTED_EDGE('',*,*,#1090,.F.);
#1411=ORIENTED_EDGE('',*,*,#1091,.T.);
#1412=ORIENTED_EDGE('',*,*,#1086,.F.);
#1413=ORIENTED_EDGE('',*,*,#1092,.T.);
#1414=ORIENTED_EDGE('',*,*,#1093,.T.);
#1415=ORIENTED_EDGE('',*,*,#1094,.T.);
#1416=ORIENTED_EDGE('',*,*,#1076,.F.);
#1417=ORIENTED_EDGE('',*,*,#1079,.F.);
#1418=ORIENTED_EDGE('',*,*,#1084,.F.);
#1419=ORIENTED_EDGE('',*,*,#1080,.F.);
#1420=ORIENTED_EDGE('',*,*,#1095,.F.);
#1421=ORIENTED_EDGE('',*,*,#1096,.F.);
#1422=ORIENTED_EDGE('',*,*,#1089,.T.);
#1423=ORIENTED_EDGE('',*,*,#1097,.F.);
#1424=ORIENTED_EDGE('',*,*,#1087,.F.);
#1425=ORIENTED_EDGE('',*,*,#1091,.F.);
#1426=ORIENTED_EDGE('',*,*,#1098,.F.);
#1427=ORIENTED_EDGE('',*,*,#1095,.T.);
#1428=ORIENTED_EDGE('',*,*,#1078,.F.);
#1429=ORIENTED_EDGE('',*,*,#1099,.F.);
#1430=ORIENTED_EDGE('',*,*,#1100,.F.);
#1431=ORIENTED_EDGE('',*,*,#1101,.T.);
#1432=ORIENTED_EDGE('',*,*,#1102,.T.);
#1433=ORIENTED_EDGE('',*,*,#1103,.T.);
#1434=ORIENTED_EDGE('',*,*,#1104,.T.);
#1435=ORIENTED_EDGE('',*,*,#1105,.T.);
#1436=ORIENTED_EDGE('',*,*,#1101,.F.);
#1437=ORIENTED_EDGE('',*,*,#1106,.T.);
#1438=ORIENTED_EDGE('',*,*,#1107,.T.);
#1439=ORIENTED_EDGE('',*,*,#1108,.T.);
#1440=ORIENTED_EDGE('',*,*,#1109,.T.);
#1441=ORIENTED_EDGE('',*,*,#1110,.T.);
#1442=ORIENTED_EDGE('',*,*,#1107,.F.);
#1443=ORIENTED_EDGE('',*,*,#1111,.F.);
#1444=ORIENTED_EDGE('',*,*,#1112,.T.);
#1445=ORIENTED_EDGE('',*,*,#1109,.F.);
#1446=ORIENTED_EDGE('',*,*,#1113,.T.);
#1447=ORIENTED_EDGE('',*,*,#1114,.T.);
#1448=ORIENTED_EDGE('',*,*,#1056,.T.);
#1449=ORIENTED_EDGE('',*,*,#1102,.F.);
#1450=ORIENTED_EDGE('',*,*,#1105,.F.);
#1451=ORIENTED_EDGE('',*,*,#1110,.F.);
#1452=ORIENTED_EDGE('',*,*,#1112,.F.);
#1453=ORIENTED_EDGE('',*,*,#1115,.T.);
#1454=ORIENTED_EDGE('',*,*,#1116,.T.);
#1455=ORIENTED_EDGE('',*,*,#1117,.T.);
#1456=ORIENTED_EDGE('',*,*,#1118,.T.);
#1457=ORIENTED_EDGE('',*,*,#1119,.T.);
#1458=ORIENTED_EDGE('',*,*,#1062,.T.);
#1459=ORIENTED_EDGE('',*,*,#1120,.F.);
#1460=ORIENTED_EDGE('',*,*,#1121,.F.);
#1461=ORIENTED_EDGE('',*,*,#1063,.T.);
#1462=ORIENTED_EDGE('',*,*,#1119,.F.);
#1463=ORIENTED_EDGE('',*,*,#1122,.T.);
#1464=ORIENTED_EDGE('',*,*,#1123,.T.);
#1465=ORIENTED_EDGE('',*,*,#1060,.T.);
#1466=ORIENTED_EDGE('',*,*,#1061,.T.);
#1467=ORIENTED_EDGE('',*,*,#1123,.F.);
#1468=ORIENTED_EDGE('',*,*,#1124,.T.);
#1469=ORIENTED_EDGE('',*,*,#1120,.T.);
#1470=ORIENTED_EDGE('',*,*,#1122,.F.);
#1471=ORIENTED_EDGE('',*,*,#1125,.F.);
#1472=ORIENTED_EDGE('',*,*,#1126,.F.);
#1473=ORIENTED_EDGE('',*,*,#1127,.T.);
#1474=ORIENTED_EDGE('',*,*,#1118,.F.);
#1475=ORIENTED_EDGE('',*,*,#1128,.F.);
#1476=ORIENTED_EDGE('',*,*,#1129,.F.);
#1477=ORIENTED_EDGE('',*,*,#1125,.T.);
#1478=ORIENTED_EDGE('',*,*,#1108,.F.);
#1479=ORIENTED_EDGE('',*,*,#1130,.F.);
#1480=ORIENTED_EDGE('',*,*,#1131,.F.);
#1481=ORIENTED_EDGE('',*,*,#1132,.T.);
#1482=ORIENTED_EDGE('',*,*,#1106,.F.);
#1483=ORIENTED_EDGE('',*,*,#1133,.F.);
#1484=ORIENTED_EDGE('',*,*,#1134,.F.);
#1485=ORIENTED_EDGE('',*,*,#1130,.T.);
#1486=ORIENTED_EDGE('',*,*,#1135,.F.);
#1487=ORIENTED_EDGE('',*,*,#1136,.F.);
#1488=ORIENTED_EDGE('',*,*,#1137,.F.);
#1489=ORIENTED_EDGE('',*,*,#1113,.F.);
#1490=ORIENTED_EDGE('',*,*,#1132,.F.);
#1491=ORIENTED_EDGE('',*,*,#1138,.F.);
#1492=ORIENTED_EDGE('',*,*,#1133,.T.);
#1493=ORIENTED_EDGE('',*,*,#1104,.F.);
#1494=ORIENTED_EDGE('',*,*,#1124,.F.);
#1495=ORIENTED_EDGE('',*,*,#1127,.F.);
#1496=ORIENTED_EDGE('',*,*,#1139,.F.);
#1497=ORIENTED_EDGE('',*,*,#1128,.T.);
#1498=ORIENTED_EDGE('',*,*,#1041,.F.);
#1499=ORIENTED_EDGE('',*,*,#1140,.F.);
#1500=ORIENTED_EDGE('',*,*,#1141,.F.);
#1501=ORIENTED_EDGE('',*,*,#1142,.T.);
#1502=ORIENTED_EDGE('',*,*,#1043,.F.);
#1503=ORIENTED_EDGE('',*,*,#1142,.F.);
#1504=ORIENTED_EDGE('',*,*,#1143,.F.);
#1505=ORIENTED_EDGE('',*,*,#1144,.T.);
#1506=ORIENTED_EDGE('',*,*,#1145,.F.);
#1507=ORIENTED_EDGE('',*,*,#1146,.F.);
#1508=ORIENTED_EDGE('',*,*,#1147,.F.);
#1509=ORIENTED_EDGE('',*,*,#1048,.F.);
#1510=ORIENTED_EDGE('',*,*,#1144,.F.);
#1511=ORIENTED_EDGE('',*,*,#1148,.F.);
#1512=ORIENTED_EDGE('',*,*,#1140,.T.);
#1513=ORIENTED_EDGE('',*,*,#1039,.F.);
#1514=ORIENTED_EDGE('',*,*,#1137,.T.);
#1515=ORIENTED_EDGE('',*,*,#1149,.T.);
#1516=ORIENTED_EDGE('',*,*,#1150,.F.);
#1517=ORIENTED_EDGE('',*,*,#1057,.F.);
#1518=ORIENTED_EDGE('',*,*,#1114,.F.);
#1519=ORIENTED_EDGE('',*,*,#1097,.T.);
#1520=ORIENTED_EDGE('',*,*,#1151,.T.);
#1521=ORIENTED_EDGE('',*,*,#1152,.F.);
#1522=ORIENTED_EDGE('',*,*,#1053,.F.);
#1523=ORIENTED_EDGE('',*,*,#1088,.F.);
#1524=ORIENTED_EDGE('',*,*,#1147,.T.);
#1525=ORIENTED_EDGE('',*,*,#1153,.T.);
#1526=ORIENTED_EDGE('',*,*,#1154,.F.);
#1527=ORIENTED_EDGE('',*,*,#1049,.F.);
#1528=ORIENTED_EDGE('',*,*,#1046,.F.);
#1529=ORIENTED_EDGE('',*,*,#1155,.T.);
#1530=ORIENTED_EDGE('',*,*,#1058,.F.);
#1531=ORIENTED_EDGE('',*,*,#1150,.T.);
#1532=ORIENTED_EDGE('',*,*,#1156,.T.);
#1533=ORIENTED_EDGE('',*,*,#1136,.T.);
#1534=ORIENTED_EDGE('',*,*,#1157,.F.);
#1535=ORIENTED_EDGE('',*,*,#1158,.T.);
#1536=ORIENTED_EDGE('',*,*,#1159,.T.);
#1537=ORIENTED_EDGE('',*,*,#1156,.F.);
#1538=ORIENTED_EDGE('',*,*,#1149,.F.);
#1539=ORIENTED_EDGE('',*,*,#1135,.T.);
#1540=ORIENTED_EDGE('',*,*,#1103,.F.);
#1541=ORIENTED_EDGE('',*,*,#1117,.F.);
#1542=ORIENTED_EDGE('',*,*,#1160,.T.);
#1543=ORIENTED_EDGE('',*,*,#1157,.T.);
#1544=ORIENTED_EDGE('',*,*,#1161,.T.);
#1545=ORIENTED_EDGE('',*,*,#1054,.F.);
#1546=ORIENTED_EDGE('',*,*,#1152,.T.);
#1547=ORIENTED_EDGE('',*,*,#1162,.T.);
#1548=ORIENTED_EDGE('',*,*,#1100,.T.);
#1549=ORIENTED_EDGE('',*,*,#1163,.F.);
#1550=ORIENTED_EDGE('',*,*,#1164,.T.);
#1551=ORIENTED_EDGE('',*,*,#1165,.T.);
#1552=ORIENTED_EDGE('',*,*,#1162,.F.);
#1553=ORIENTED_EDGE('',*,*,#1151,.F.);
#1554=ORIENTED_EDGE('',*,*,#1099,.T.);
#1555=ORIENTED_EDGE('',*,*,#1077,.F.);
#1556=ORIENTED_EDGE('',*,*,#1094,.F.);
#1557=ORIENTED_EDGE('',*,*,#1166,.T.);
#1558=ORIENTED_EDGE('',*,*,#1163,.T.);
#1559=ORIENTED_EDGE('',*,*,#1167,.T.);
#1560=ORIENTED_EDGE('',*,*,#1050,.F.);
#1561=ORIENTED_EDGE('',*,*,#1154,.T.);
#1562=ORIENTED_EDGE('',*,*,#1168,.T.);
#1563=ORIENTED_EDGE('',*,*,#1167,.F.);
#1564=ORIENTED_EDGE('',*,*,#1169,.F.);
#1565=ORIENTED_EDGE('',*,*,#1170,.T.);
#1566=ORIENTED_EDGE('',*,*,#1092,.F.);
#1567=ORIENTED_EDGE('',*,*,#1085,.T.);
#1568=ORIENTED_EDGE('',*,*,#1051,.F.);
#1569=ORIENTED_EDGE('',*,*,#1145,.T.);
#1570=ORIENTED_EDGE('',*,*,#1038,.F.);
#1571=ORIENTED_EDGE('',*,*,#1074,.F.);
#1572=ORIENTED_EDGE('',*,*,#1171,.T.);
#1573=ORIENTED_EDGE('',*,*,#1172,.T.);
#1574=ORIENTED_EDGE('',*,*,#1146,.T.);
#1575=ORIENTED_EDGE('',*,*,#1172,.F.);
#1576=ORIENTED_EDGE('',*,*,#1173,.T.);
#1577=ORIENTED_EDGE('',*,*,#1169,.T.);
#1578=ORIENTED_EDGE('',*,*,#1168,.F.);
#1579=ORIENTED_EDGE('',*,*,#1153,.F.);
#1580=ORIENTED_EDGE('',*,*,#1155,.F.);
#1581=ORIENTED_EDGE('',*,*,#1159,.F.);
#1582=ORIENTED_EDGE('',*,*,#1174,.T.);
#1583=ORIENTED_EDGE('',*,*,#1064,.F.);
#1584=ORIENTED_EDGE('',*,*,#1121,.T.);
#1585=ORIENTED_EDGE('',*,*,#1059,.F.);
#1586=ORIENTED_EDGE('',*,*,#1161,.F.);
#1587=ORIENTED_EDGE('',*,*,#1165,.F.);
#1588=ORIENTED_EDGE('',*,*,#1175,.T.);
#1589=ORIENTED_EDGE('',*,*,#1115,.F.);
#1590=ORIENTED_EDGE('',*,*,#1111,.T.);
#1591=ORIENTED_EDGE('',*,*,#1055,.F.);
#1592=ORIENTED_EDGE('',*,*,#1176,.T.);
#1593=ORIENTED_EDGE('',*,*,#1177,.T.);
#1594=ORIENTED_EDGE('',*,*,#1178,.T.);
#1595=ORIENTED_EDGE('',*,*,#1179,.T.);
#1596=ORIENTED_EDGE('',*,*,#1180,.T.);
#1597=ORIENTED_EDGE('',*,*,#1181,.T.);
#1598=ORIENTED_EDGE('',*,*,#1178,.F.);
#1599=ORIENTED_EDGE('',*,*,#1182,.T.);
#1600=ORIENTED_EDGE('',*,*,#1183,.T.);
#1601=ORIENTED_EDGE('',*,*,#1184,.T.);
#1602=ORIENTED_EDGE('',*,*,#1180,.F.);
#1603=ORIENTED_EDGE('',*,*,#1185,.T.);
#1604=ORIENTED_EDGE('',*,*,#1186,.T.);
#1605=ORIENTED_EDGE('',*,*,#1187,.T.);
#1606=ORIENTED_EDGE('',*,*,#1183,.F.);
#1607=ORIENTED_EDGE('',*,*,#1188,.T.);
#1608=ORIENTED_EDGE('',*,*,#1189,.T.);
#1609=ORIENTED_EDGE('',*,*,#1190,.T.);
#1610=ORIENTED_EDGE('',*,*,#1186,.F.);
#1611=ORIENTED_EDGE('',*,*,#1191,.T.);
#1612=ORIENTED_EDGE('',*,*,#1192,.T.);
#1613=ORIENTED_EDGE('',*,*,#1193,.T.);
#1614=ORIENTED_EDGE('',*,*,#1189,.F.);
#1615=ORIENTED_EDGE('',*,*,#1194,.T.);
#1616=ORIENTED_EDGE('',*,*,#1195,.T.);
#1617=ORIENTED_EDGE('',*,*,#1196,.T.);
#1618=ORIENTED_EDGE('',*,*,#1192,.F.);
#1619=ORIENTED_EDGE('',*,*,#1197,.T.);
#1620=ORIENTED_EDGE('',*,*,#1176,.F.);
#1621=ORIENTED_EDGE('',*,*,#1198,.T.);
#1622=ORIENTED_EDGE('',*,*,#1195,.F.);
#1623=ORIENTED_EDGE('',*,*,#1199,.T.);
#1624=ORIENTED_EDGE('',*,*,#1188,.F.);
#1625=ORIENTED_EDGE('',*,*,#1200,.F.);
#1626=ORIENTED_EDGE('',*,*,#1201,.T.);
#1627=ORIENTED_EDGE('',*,*,#1202,.T.);
#1628=ORIENTED_EDGE('',*,*,#1185,.F.);
#1629=ORIENTED_EDGE('',*,*,#1203,.F.);
#1630=ORIENTED_EDGE('',*,*,#1204,.T.);
#1631=ORIENTED_EDGE('',*,*,#1200,.T.);
#1632=ORIENTED_EDGE('',*,*,#1182,.F.);
#1633=ORIENTED_EDGE('',*,*,#1205,.F.);
#1634=ORIENTED_EDGE('',*,*,#1206,.T.);
#1635=ORIENTED_EDGE('',*,*,#1203,.T.);
#1636=ORIENTED_EDGE('',*,*,#1177,.F.);
#1637=ORIENTED_EDGE('',*,*,#1207,.F.);
#1638=ORIENTED_EDGE('',*,*,#1208,.T.);
#1639=ORIENTED_EDGE('',*,*,#1209,.F.);
#1640=ORIENTED_EDGE('',*,*,#1210,.F.);
#1641=ORIENTED_EDGE('',*,*,#1211,.F.);
#1642=ORIENTED_EDGE('',*,*,#1212,.F.);
#1643=ORIENTED_EDGE('',*,*,#1213,.F.);
#1644=ORIENTED_EDGE('',*,*,#1214,.T.);
#1645=ORIENTED_EDGE('',*,*,#1205,.T.);
#1646=ORIENTED_EDGE('',*,*,#1179,.F.);
#1647=ORIENTED_EDGE('',*,*,#1181,.F.);
#1648=ORIENTED_EDGE('',*,*,#1184,.F.);
#1649=ORIENTED_EDGE('',*,*,#1187,.F.);
#1650=ORIENTED_EDGE('',*,*,#1190,.F.);
#1651=ORIENTED_EDGE('',*,*,#1193,.F.);
#1652=ORIENTED_EDGE('',*,*,#1196,.F.);
#1653=ORIENTED_EDGE('',*,*,#1198,.F.);
#1654=ORIENTED_EDGE('',*,*,#1215,.T.);
#1655=ORIENTED_EDGE('',*,*,#1216,.T.);
#1656=ORIENTED_EDGE('',*,*,#1217,.T.);
#1657=ORIENTED_EDGE('',*,*,#1218,.T.);
#1658=ORIENTED_EDGE('',*,*,#1219,.T.);
#1659=ORIENTED_EDGE('',*,*,#1220,.T.);
#1660=ORIENTED_EDGE('',*,*,#1221,.T.);
#1661=ORIENTED_EDGE('',*,*,#1222,.T.);
#1662=ORIENTED_EDGE('',*,*,#1223,.T.);
#1663=ORIENTED_EDGE('',*,*,#1224,.T.);
#1664=ORIENTED_EDGE('',*,*,#1225,.T.);
#1665=ORIENTED_EDGE('',*,*,#1071,.T.);
#1666=ORIENTED_EDGE('',*,*,#1226,.T.);
#1667=ORIENTED_EDGE('',*,*,#1227,.T.);
#1668=ORIENTED_EDGE('',*,*,#1228,.T.);
#1669=ORIENTED_EDGE('',*,*,#1229,.T.);
#1670=ORIENTED_EDGE('',*,*,#1230,.F.);
#1671=ORIENTED_EDGE('',*,*,#1231,.F.);
#1672=ORIENTED_EDGE('',*,*,#1232,.F.);
#1673=ORIENTED_EDGE('',*,*,#1233,.F.);
#1674=ORIENTED_EDGE('',*,*,#1234,.T.);
#1675=ORIENTED_EDGE('',*,*,#1235,.T.);
#1676=ORIENTED_EDGE('',*,*,#1223,.F.);
#1677=ORIENTED_EDGE('',*,*,#1236,.F.);
#1678=ORIENTED_EDGE('',*,*,#1232,.T.);
#1679=ORIENTED_EDGE('',*,*,#1237,.T.);
#1680=ORIENTED_EDGE('',*,*,#1238,.T.);
#1681=ORIENTED_EDGE('',*,*,#1237,.F.);
#1682=ORIENTED_EDGE('',*,*,#1239,.T.);
#1683=ORIENTED_EDGE('',*,*,#1072,.F.);
#1684=ORIENTED_EDGE('',*,*,#1225,.F.);
#1685=ORIENTED_EDGE('',*,*,#1240,.F.);
#1686=ORIENTED_EDGE('',*,*,#1241,.T.);
#1687=ORIENTED_EDGE('',*,*,#1240,.T.);
#1688=ORIENTED_EDGE('',*,*,#1224,.F.);
#1689=ORIENTED_EDGE('',*,*,#1235,.F.);
#1690=ORIENTED_EDGE('',*,*,#1242,.T.);
#1691=ORIENTED_EDGE('',*,*,#1243,.T.);
#1692=ORIENTED_EDGE('',*,*,#1215,.F.);
#1693=ORIENTED_EDGE('',*,*,#1244,.F.);
#1694=ORIENTED_EDGE('',*,*,#1245,.T.);
#1695=ORIENTED_EDGE('',*,*,#1246,.T.);
#1696=ORIENTED_EDGE('',*,*,#1216,.F.);
#1697=ORIENTED_EDGE('',*,*,#1243,.F.);
#1698=ORIENTED_EDGE('',*,*,#1231,.T.);
#1699=ORIENTED_EDGE('',*,*,#1247,.T.);
#1700=ORIENTED_EDGE('',*,*,#1248,.T.);
#1701=ORIENTED_EDGE('',*,*,#1247,.F.);
#1702=ORIENTED_EDGE('',*,*,#1249,.T.);
#1703=ORIENTED_EDGE('',*,*,#1250,.F.);
#1704=ORIENTED_EDGE('',*,*,#1217,.F.);
#1705=ORIENTED_EDGE('',*,*,#1246,.F.);
#1706=ORIENTED_EDGE('',*,*,#1250,.T.);
#1707=ORIENTED_EDGE('',*,*,#1251,.T.);
#1708=ORIENTED_EDGE('',*,*,#1252,.T.);
#1709=ORIENTED_EDGE('',*,*,#1218,.F.);
#1710=ORIENTED_EDGE('',*,*,#1253,.T.);
#1711=ORIENTED_EDGE('',*,*,#1254,.T.);
#1712=ORIENTED_EDGE('',*,*,#1255,.F.);
#1713=ORIENTED_EDGE('',*,*,#1256,.T.);
#1714=ORIENTED_EDGE('',*,*,#1257,.T.);
#1715=ORIENTED_EDGE('',*,*,#1258,.T.);
#1716=ORIENTED_EDGE('',*,*,#1226,.F.);
#1717=ORIENTED_EDGE('',*,*,#1070,.F.);
#1718=ORIENTED_EDGE('',*,*,#1259,.T.);
#1719=ORIENTED_EDGE('',*,*,#1260,.T.);
#1720=ORIENTED_EDGE('',*,*,#1227,.F.);
#1721=ORIENTED_EDGE('',*,*,#1258,.F.);
#1722=ORIENTED_EDGE('',*,*,#1261,.T.);
#1723=ORIENTED_EDGE('',*,*,#1255,.T.);
#1724=ORIENTED_EDGE('',*,*,#1262,.F.);
#1725=ORIENTED_EDGE('',*,*,#1228,.F.);
#1726=ORIENTED_EDGE('',*,*,#1260,.F.);
#1727=ORIENTED_EDGE('',*,*,#1233,.T.);
#1728=ORIENTED_EDGE('',*,*,#1263,.T.);
#1729=ORIENTED_EDGE('',*,*,#1264,.T.);
#1730=ORIENTED_EDGE('',*,*,#1263,.F.);
#1731=ORIENTED_EDGE('',*,*,#1265,.T.);
#1732=ORIENTED_EDGE('',*,*,#1266,.T.);
#1733=ORIENTED_EDGE('',*,*,#1219,.F.);
#1734=ORIENTED_EDGE('',*,*,#1252,.F.);
#1735=ORIENTED_EDGE('',*,*,#1267,.T.);
#1736=ORIENTED_EDGE('',*,*,#1268,.T.);
#1737=ORIENTED_EDGE('',*,*,#1220,.F.);
#1738=ORIENTED_EDGE('',*,*,#1266,.F.);
#1739=ORIENTED_EDGE('',*,*,#1269,.T.);
#1740=ORIENTED_EDGE('',*,*,#1270,.F.);
#1741=ORIENTED_EDGE('',*,*,#1221,.F.);
#1742=ORIENTED_EDGE('',*,*,#1268,.F.);
#1743=ORIENTED_EDGE('',*,*,#1230,.T.);
#1744=ORIENTED_EDGE('',*,*,#1271,.T.);
#1745=ORIENTED_EDGE('',*,*,#1272,.T.);
#1746=ORIENTED_EDGE('',*,*,#1271,.F.);
#1747=ORIENTED_EDGE('',*,*,#1236,.T.);
#1748=ORIENTED_EDGE('',*,*,#1222,.F.);
#1749=ORIENTED_EDGE('',*,*,#1270,.T.);
#1750=ORIENTED_EDGE('',*,*,#1273,.T.);
#1751=ORIENTED_EDGE('',*,*,#1274,.T.);
#1752=ORIENTED_EDGE('',*,*,#1275,.T.);
#1753=ORIENTED_EDGE('',*,*,#1276,.T.);
#1754=ORIENTED_EDGE('',*,*,#1034,.T.);
#1755=ORIENTED_EDGE('',*,*,#1277,.T.);
#1756=ORIENTED_EDGE('',*,*,#1278,.T.);
#1757=ORIENTED_EDGE('',*,*,#1279,.T.);
#1758=ORIENTED_EDGE('',*,*,#1280,.T.);
#1759=ORIENTED_EDGE('',*,*,#1281,.F.);
#1760=ORIENTED_EDGE('',*,*,#1065,.F.);
#1761=ORIENTED_EDGE('',*,*,#1174,.F.);
#1762=ORIENTED_EDGE('',*,*,#1158,.F.);
#1763=ORIENTED_EDGE('',*,*,#1160,.F.);
#1764=ORIENTED_EDGE('',*,*,#1116,.F.);
#1765=ORIENTED_EDGE('',*,*,#1175,.F.);
#1766=ORIENTED_EDGE('',*,*,#1164,.F.);
#1767=ORIENTED_EDGE('',*,*,#1166,.F.);
#1768=ORIENTED_EDGE('',*,*,#1093,.F.);
#1769=ORIENTED_EDGE('',*,*,#1170,.F.);
#1770=ORIENTED_EDGE('',*,*,#1173,.F.);
#1771=ORIENTED_EDGE('',*,*,#1171,.F.);
#1772=ORIENTED_EDGE('',*,*,#1073,.F.);
#1773=ORIENTED_EDGE('',*,*,#1239,.F.);
#1774=ORIENTED_EDGE('',*,*,#1241,.F.);
#1775=ORIENTED_EDGE('',*,*,#1234,.F.);
#1776=ORIENTED_EDGE('',*,*,#1280,.F.);
#1777=ORIENTED_EDGE('',*,*,#1282,.F.);
#1778=ORIENTED_EDGE('',*,*,#1208,.F.);
#1779=ORIENTED_EDGE('',*,*,#1283,.F.);
#1780=ORIENTED_EDGE('',*,*,#1284,.F.);
#1781=ORIENTED_EDGE('',*,*,#1238,.F.);
#1782=ORIENTED_EDGE('',*,*,#1285,.F.);
#1783=ORIENTED_EDGE('',*,*,#1256,.F.);
#1784=ORIENTED_EDGE('',*,*,#1261,.F.);
#1785=ORIENTED_EDGE('',*,*,#1259,.F.);
#1786=ORIENTED_EDGE('',*,*,#1257,.F.);
#1787=ORIENTED_EDGE('',*,*,#1069,.F.);
#1788=ORIENTED_EDGE('',*,*,#1286,.F.);
#1789=ORIENTED_EDGE('',*,*,#1287,.F.);
#1790=ORIENTED_EDGE('',*,*,#1288,.F.);
#1791=ORIENTED_EDGE('',*,*,#1289,.F.);
#1792=ORIENTED_EDGE('',*,*,#1290,.F.);
#1793=ORIENTED_EDGE('',*,*,#1264,.F.);
#1794=ORIENTED_EDGE('',*,*,#1291,.F.);
#1795=ORIENTED_EDGE('',*,*,#1273,.F.);
#1796=ORIENTED_EDGE('',*,*,#1269,.F.);
#1797=ORIENTED_EDGE('',*,*,#1267,.F.);
#1798=ORIENTED_EDGE('',*,*,#1265,.F.);
#1799=ORIENTED_EDGE('',*,*,#1251,.F.);
#1800=ORIENTED_EDGE('',*,*,#1249,.F.);
#1801=ORIENTED_EDGE('',*,*,#1245,.F.);
#1802=ORIENTED_EDGE('',*,*,#1242,.F.);
#1803=ORIENTED_EDGE('',*,*,#1292,.F.);
#1804=ORIENTED_EDGE('',*,*,#1293,.F.);
#1805=ORIENTED_EDGE('',*,*,#1294,.F.);
#1806=ORIENTED_EDGE('',*,*,#1295,.F.);
#1807=ORIENTED_EDGE('',*,*,#1201,.F.);
#1808=ORIENTED_EDGE('',*,*,#1204,.F.);
#1809=ORIENTED_EDGE('',*,*,#1206,.F.);
#1810=ORIENTED_EDGE('',*,*,#1214,.F.);
#1811=ORIENTED_EDGE('',*,*,#1248,.F.);
#1812=ORIENTED_EDGE('',*,*,#1272,.F.);
#1813=ORIENTED_EDGE('',*,*,#1286,.T.);
#1814=ORIENTED_EDGE('',*,*,#1068,.F.);
#1815=ORIENTED_EDGE('',*,*,#1296,.T.);
#1816=ORIENTED_EDGE('',*,*,#1297,.T.);
#1817=ORIENTED_EDGE('',*,*,#1294,.T.);
#1818=ORIENTED_EDGE('',*,*,#1298,.T.);
#1819=ORIENTED_EDGE('',*,*,#1299,.T.);
#1820=ORIENTED_EDGE('',*,*,#1300,.T.);
#1821=ORIENTED_EDGE('',*,*,#1244,.T.);
#1822=ORIENTED_EDGE('',*,*,#1229,.F.);
#1823=ORIENTED_EDGE('',*,*,#1262,.T.);
#1824=ORIENTED_EDGE('',*,*,#1301,.T.);
#1825=ORIENTED_EDGE('',*,*,#1302,.T.);
#1826=ORIENTED_EDGE('',*,*,#1303,.T.);
#1827=ORIENTED_EDGE('',*,*,#1304,.T.);
#1828=ORIENTED_EDGE('',*,*,#1292,.T.);
#1829=ORIENTED_EDGE('',*,*,#1035,.T.);
#1830=ORIENTED_EDGE('',*,*,#1276,.F.);
#1831=ORIENTED_EDGE('',*,*,#1305,.F.);
#1832=ORIENTED_EDGE('',*,*,#1031,.F.);
#1833=ORIENTED_EDGE('',*,*,#1282,.T.);
#1834=ORIENTED_EDGE('',*,*,#1279,.F.);
#1835=ORIENTED_EDGE('',*,*,#1306,.T.);
#1836=ORIENTED_EDGE('',*,*,#1209,.T.);
#1837=ORIENTED_EDGE('',*,*,#1291,.T.);
#1838=ORIENTED_EDGE('',*,*,#1213,.T.);
#1839=ORIENTED_EDGE('',*,*,#1307,.T.);
#1840=ORIENTED_EDGE('',*,*,#1274,.F.);
#1841=ORIENTED_EDGE('',*,*,#1305,.T.);
#1842=ORIENTED_EDGE('',*,*,#1275,.F.);
#1843=ORIENTED_EDGE('',*,*,#1307,.F.);
#1844=ORIENTED_EDGE('',*,*,#1212,.T.);
#1845=ORIENTED_EDGE('',*,*,#1308,.T.);
#1846=ORIENTED_EDGE('',*,*,#1026,.T.);
#1847=ORIENTED_EDGE('',*,*,#1032,.T.);
#1848=ORIENTED_EDGE('',*,*,#1308,.F.);
#1849=ORIENTED_EDGE('',*,*,#1211,.T.);
#1850=ORIENTED_EDGE('',*,*,#1309,.T.);
#1851=ORIENTED_EDGE('',*,*,#1277,.F.);
#1852=ORIENTED_EDGE('',*,*,#1033,.T.);
#1853=ORIENTED_EDGE('',*,*,#1027,.F.);
#1854=ORIENTED_EDGE('',*,*,#1210,.T.);
#1855=ORIENTED_EDGE('',*,*,#1306,.F.);
#1856=ORIENTED_EDGE('',*,*,#1278,.F.);
#1857=ORIENTED_EDGE('',*,*,#1309,.F.);
#1858=ORIENTED_EDGE('',*,*,#1290,.T.);
#1859=ORIENTED_EDGE('',*,*,#1310,.T.);
#1860=ORIENTED_EDGE('',*,*,#1311,.T.);
#1861=ORIENTED_EDGE('',*,*,#1312,.T.);
#1862=ORIENTED_EDGE('',*,*,#1313,.T.);
#1863=ORIENTED_EDGE('',*,*,#1314,.T.);
#1864=ORIENTED_EDGE('',*,*,#1315,.T.);
#1865=ORIENTED_EDGE('',*,*,#1316,.T.);
#1866=ORIENTED_EDGE('',*,*,#1317,.T.);
#1867=ORIENTED_EDGE('',*,*,#1314,.F.);
#1868=ORIENTED_EDGE('',*,*,#1318,.T.);
#1869=ORIENTED_EDGE('',*,*,#1311,.F.);
#1870=ORIENTED_EDGE('',*,*,#1319,.T.);
#1871=ORIENTED_EDGE('',*,*,#1316,.F.);
#1872=ORIENTED_EDGE('',*,*,#1320,.T.);
#1873=ORIENTED_EDGE('',*,*,#1299,.F.);
#1874=ORIENTED_EDGE('',*,*,#1312,.F.);
#1875=ORIENTED_EDGE('',*,*,#1321,.T.);
#1876=ORIENTED_EDGE('',*,*,#1253,.F.);
#1877=ORIENTED_EDGE('',*,*,#1285,.T.);
#1878=ORIENTED_EDGE('',*,*,#1318,.F.);
#1879=ORIENTED_EDGE('',*,*,#1322,.F.);
#1880=ORIENTED_EDGE('',*,*,#1301,.F.);
#1881=ORIENTED_EDGE('',*,*,#1254,.F.);
#1882=ORIENTED_EDGE('',*,*,#1321,.F.);
#1883=ORIENTED_EDGE('',*,*,#1313,.F.);
#1884=ORIENTED_EDGE('',*,*,#1323,.T.);
#1885=ORIENTED_EDGE('',*,*,#1302,.F.);
#1886=ORIENTED_EDGE('',*,*,#1322,.T.);
#1887=ORIENTED_EDGE('',*,*,#1191,.F.);
#1888=ORIENTED_EDGE('',*,*,#1202,.F.);
#1889=ORIENTED_EDGE('',*,*,#1295,.T.);
#1890=ORIENTED_EDGE('',*,*,#1300,.F.);
#1891=ORIENTED_EDGE('',*,*,#1320,.F.);
#1892=ORIENTED_EDGE('',*,*,#1315,.F.);
#1893=ORIENTED_EDGE('',*,*,#1317,.F.);
#1894=ORIENTED_EDGE('',*,*,#1310,.F.);
#1895=ORIENTED_EDGE('',*,*,#1289,.T.);
#1896=ORIENTED_EDGE('',*,*,#1324,.T.);
#1897=ORIENTED_EDGE('',*,*,#1281,.T.);
#1898=ORIENTED_EDGE('',*,*,#1325,.T.);
#1899=ORIENTED_EDGE('',*,*,#1326,.T.);
#1900=ORIENTED_EDGE('',*,*,#1066,.F.);
#1901=ORIENTED_EDGE('',*,*,#1067,.F.);
#1902=ORIENTED_EDGE('',*,*,#1326,.F.);
#1903=ORIENTED_EDGE('',*,*,#1327,.T.);
#1904=ORIENTED_EDGE('',*,*,#1296,.F.);
#1905=ORIENTED_EDGE('',*,*,#1197,.F.);
#1906=ORIENTED_EDGE('',*,*,#1328,.F.);
#1907=ORIENTED_EDGE('',*,*,#1287,.T.);
#1908=ORIENTED_EDGE('',*,*,#1297,.F.);
#1909=ORIENTED_EDGE('',*,*,#1327,.F.);
#1910=ORIENTED_EDGE('',*,*,#1325,.F.);
#1911=ORIENTED_EDGE('',*,*,#1284,.T.);
#1912=ORIENTED_EDGE('',*,*,#1329,.T.);
#1913=ORIENTED_EDGE('',*,*,#1134,.T.);
#1914=ORIENTED_EDGE('',*,*,#1138,.T.);
#1915=ORIENTED_EDGE('',*,*,#1131,.T.);
#1916=ORIENTED_EDGE('',*,*,#1098,.T.);
#1917=ORIENTED_EDGE('',*,*,#1090,.T.);
#1918=ORIENTED_EDGE('',*,*,#1096,.T.);
#1919=ORIENTED_EDGE('',*,*,#1139,.T.);
#1920=ORIENTED_EDGE('',*,*,#1126,.T.);
#1921=ORIENTED_EDGE('',*,*,#1129,.T.);
#1922=ORIENTED_EDGE('',*,*,#1141,.T.);
#1923=ORIENTED_EDGE('',*,*,#1148,.T.);
#1924=ORIENTED_EDGE('',*,*,#1143,.T.);
#1925=ORIENTED_EDGE('',*,*,#1298,.F.);
#1926=ORIENTED_EDGE('',*,*,#1293,.T.);
#1927=ORIENTED_EDGE('',*,*,#1304,.F.);
#1928=ORIENTED_EDGE('',*,*,#1330,.T.);
#1929=ORIENTED_EDGE('',*,*,#1319,.F.);
#1930=ORIENTED_EDGE('',*,*,#1330,.F.);
#1931=ORIENTED_EDGE('',*,*,#1303,.F.);
#1932=ORIENTED_EDGE('',*,*,#1323,.F.);
#1933=ORIENTED_EDGE('',*,*,#1199,.F.);
#1934=ORIENTED_EDGE('',*,*,#1329,.F.);
#1935=ORIENTED_EDGE('',*,*,#1283,.T.);
#1936=ORIENTED_EDGE('',*,*,#1207,.T.);
#1937=ORIENTED_EDGE('',*,*,#1194,.F.);
#1938=ORIENTED_EDGE('',*,*,#1324,.F.);
#1939=ORIENTED_EDGE('',*,*,#1288,.T.);
#1940=ORIENTED_EDGE('',*,*,#1328,.T.);
#1941=CYLINDRICAL_SURFACE('',#2110,1.);
#1942=CYLINDRICAL_SURFACE('',#2112,2.);
#1943=CYLINDRICAL_SURFACE('',#2120,0.15);
#1944=CYLINDRICAL_SURFACE('',#2122,0.15);
#1945=CYLINDRICAL_SURFACE('',#2136,0.15);
#1946=CYLINDRICAL_SURFACE('',#2138,0.15);
#1947=CYLINDRICAL_SURFACE('',#2146,0.649999999999999);
#1948=CYLINDRICAL_SURFACE('',#2153,0.15);
#1949=CYLINDRICAL_SURFACE('',#2155,0.15);
#1950=CYLINDRICAL_SURFACE('',#2161,0.15);
#1951=CYLINDRICAL_SURFACE('',#2167,0.15);
#1952=CYLINDRICAL_SURFACE('',#2168,0.649999999999999);
#1953=CYLINDRICAL_SURFACE('',#2173,0.649999999999999);
#1954=CYLINDRICAL_SURFACE('',#2179,0.649999999999999);
#1955=CYLINDRICAL_SURFACE('',#2197,1.5);
#1956=CYLINDRICAL_SURFACE('',#2204,1.5);
#1957=CYLINDRICAL_SURFACE('',#2210,1.5);
#1958=CYLINDRICAL_SURFACE('',#2216,1.5);
#1959=CYLINDRICAL_SURFACE('',#2221,4.8);
#1960=CYLINDRICAL_SURFACE('',#2224,4.79999999999999);
#1961=CYLINDRICAL_SURFACE('',#2242,2.);
#1962=CYLINDRICAL_SURFACE('',#2245,3.);
#1963=CYLINDRICAL_SURFACE('',#2248,3.);
#1964=CYLINDRICAL_SURFACE('',#2250,2.);
#1965=CYLINDRICAL_SURFACE('',#2256,3.);
#1966=CYLINDRICAL_SURFACE('',#2259,2.);
#1967=CYLINDRICAL_SURFACE('',#2262,3.);
#1968=CYLINDRICAL_SURFACE('',#2265,2.);
#1969=CYLINDRICAL_SURFACE('',#2279,3.);
#1970=CYLINDRICAL_SURFACE('',#2281,0.6);
#1971=CYLINDRICAL_SURFACE('',#2286,2.);
#1972=CYLINDRICAL_SURFACE('',#2288,2.);
#1973=CYLINDRICAL_SURFACE('',#2290,2.);
#1974=CYLINDRICAL_SURFACE('',#2292,2.);
#1975=CYLINDRICAL_SURFACE('',#2294,2.);
#1976=CYLINDRICAL_SURFACE('',#2295,0.6);
#1977=CYLINDRICAL_SURFACE('',#2297,0.6);
#1978=CYLINDRICAL_SURFACE('',#2300,0.6);
#1979=CYLINDRICAL_SURFACE('',#2301,0.6);
#1980=CYLINDRICAL_SURFACE('',#2306,3.);
#1981=CYLINDRICAL_SURFACE('',#2308,3.);
#1982=CYLINDRICAL_SURFACE('',#2312,4.8);
#1983=CYLINDRICAL_SURFACE('',#2313,4.80000000000001);
#1984=ADVANCED_FACE('',(#106),#1941,.T.);
#1985=ADVANCED_FACE('',(#107),#1942,.T.);
#1986=ADVANCED_FACE('',(#108),#48,.F.);
#1987=ADVANCED_FACE('',(#109),#37,.T.);
#1988=ADVANCED_FACE('',(#110),#1943,.T.);
#1989=ADVANCED_FACE('',(#111),#1944,.T.);
#1990=ADVANCED_FACE('',(#112),#38,.T.);
#1991=ADVANCED_FACE('',(#113),#49,.T.);
#1992=ADVANCED_FACE('',(#114),#39,.T.);
#1993=ADVANCED_FACE('',(#115),#1945,.T.);
#1994=ADVANCED_FACE('',(#116),#1946,.T.);
#1995=ADVANCED_FACE('',(#117),#40,.T.);
#1996=ADVANCED_FACE('',(#118),#50,.F.);
#1997=ADVANCED_FACE('',(#119),#51,.T.);
#1998=ADVANCED_FACE('',(#120),#52,.F.);
#1999=ADVANCED_FACE('',(#121),#1947,.F.);
#2000=ADVANCED_FACE('',(#122),#41,.T.);
#2001=ADVANCED_FACE('',(#123),#1948,.T.);
#2002=ADVANCED_FACE('',(#124),#1949,.T.);
#2003=ADVANCED_FACE('',(#125),#42,.T.);
#2004=ADVANCED_FACE('',(#126),#53,.T.);
#2005=ADVANCED_FACE('',(#127),#1950,.T.);
#2006=ADVANCED_FACE('',(#128),#43,.T.);
#2007=ADVANCED_FACE('',(#129),#1951,.T.);
#2008=ADVANCED_FACE('',(#130),#1952,.F.);
#2009=ADVANCED_FACE('',(#131),#54,.F.);
#2010=ADVANCED_FACE('',(#132),#55,.F.);
#2011=ADVANCED_FACE('',(#133),#56,.F.);
#2012=ADVANCED_FACE('',(#134),#1953,.F.);
#2013=ADVANCED_FACE('',(#135),#57,.F.);
#2014=ADVANCED_FACE('',(#136),#58,.F.);
#2015=ADVANCED_FACE('',(#137),#59,.F.);
#2016=ADVANCED_FACE('',(#138),#1954,.F.);
#2017=ADVANCED_FACE('',(#139),#60,.T.);
#2018=ADVANCED_FACE('',(#140),#61,.T.);
#2019=ADVANCED_FACE('',(#141),#62,.T.);
#2020=ADVANCED_FACE('',(#142),#63,.T.);
#2021=ADVANCED_FACE('',(#143),#64,.T.);
#2022=ADVANCED_FACE('',(#144),#65,.T.);
#2023=ADVANCED_FACE('',(#145),#66,.T.);
#2024=ADVANCED_FACE('',(#146),#67,.T.);
#2025=ADVANCED_FACE('',(#147),#68,.T.);
#2026=ADVANCED_FACE('',(#148),#69,.T.);
#2027=ADVANCED_FACE('',(#149),#70,.T.);
#2028=ADVANCED_FACE('',(#150),#71,.T.);
#2029=ADVANCED_FACE('',(#151),#72,.T.);
#2030=ADVANCED_FACE('',(#152),#73,.T.);
#2031=ADVANCED_FACE('',(#153),#74,.T.);
#2032=ADVANCED_FACE('',(#154),#1955,.T.);
#2033=ADVANCED_FACE('',(#155),#44,.T.);
#2034=ADVANCED_FACE('',(#156),#1956,.T.);
#2035=ADVANCED_FACE('',(#157),#45,.T.);
#2036=ADVANCED_FACE('',(#158),#1957,.T.);
#2037=ADVANCED_FACE('',(#159),#46,.T.);
#2038=ADVANCED_FACE('',(#160),#1958,.T.);
#2039=ADVANCED_FACE('',(#161),#47,.T.);
#2040=ADVANCED_FACE('',(#162),#1959,.T.);
#2041=ADVANCED_FACE('',(#163),#75,.T.);
#2042=ADVANCED_FACE('',(#164),#1960,.T.);
#2043=ADVANCED_FACE('',(#165),#76,.T.);
#2044=ADVANCED_FACE('',(#166),#77,.T.);
#2045=ADVANCED_FACE('',(#167),#78,.F.);
#2046=ADVANCED_FACE('',(#168),#79,.F.);
#2047=ADVANCED_FACE('',(#169),#80,.F.);
#2048=ADVANCED_FACE('',(#170),#81,.F.);
#2049=ADVANCED_FACE('',(#171),#82,.F.);
#2050=ADVANCED_FACE('',(#172),#83,.T.);
#2051=ADVANCED_FACE('',(#173),#1961,.F.);
#2052=ADVANCED_FACE('',(#174),#84,.T.);
#2053=ADVANCED_FACE('',(#175),#1962,.T.);
#2054=ADVANCED_FACE('',(#176),#85,.T.);
#2055=ADVANCED_FACE('',(#177),#1963,.T.);
#2056=ADVANCED_FACE('',(#178),#1964,.F.);
#2057=ADVANCED_FACE('',(#179),#86,.T.);
#2058=ADVANCED_FACE('',(#180),#87,.T.);
#2059=ADVANCED_FACE('',(#181),#88,.T.);
#2060=ADVANCED_FACE('',(#182),#89,.T.);
#2061=ADVANCED_FACE('',(#183),#1965,.T.);
#2062=ADVANCED_FACE('',(#184),#90,.T.);
#2063=ADVANCED_FACE('',(#185),#1966,.F.);
#2064=ADVANCED_FACE('',(#186),#91,.T.);
#2065=ADVANCED_FACE('',(#187),#1967,.T.);
#2066=ADVANCED_FACE('',(#188),#92,.T.);
#2067=ADVANCED_FACE('',(#189),#1968,.F.);
#2068=ADVANCED_FACE('',(#190),#93,.T.);
#2069=ADVANCED_FACE('',(#191,#15),#94,.F.);
#2070=ADVANCED_FACE('',(#192,#16),#95,.F.);
#2071=ADVANCED_FACE('',(#193,#17,#18),#96,.F.);
#2072=ADVANCED_FACE('',(#194),#1969,.T.);
#2073=ADVANCED_FACE('',(#195),#1970,.T.);
#2074=ADVANCED_FACE('',(#196),#97,.T.);
#2075=ADVANCED_FACE('',(#197),#98,.F.);
#2076=ADVANCED_FACE('',(#198),#1971,.T.);
#2077=ADVANCED_FACE('',(#199),#1972,.T.);
#2078=ADVANCED_FACE('',(#200),#1973,.T.);
#2079=ADVANCED_FACE('',(#201),#1974,.T.);
#2080=ADVANCED_FACE('',(#202),#1975,.T.);
#2081=ADVANCED_FACE('',(#203),#1976,.T.);
#2082=ADVANCED_FACE('',(#204),#1977,.T.);
#2083=ADVANCED_FACE('',(#205),#1978,.T.);
#2084=ADVANCED_FACE('',(#206),#1979,.T.);
#2085=ADVANCED_FACE('',(#207),#99,.F.);
#2086=ADVANCED_FACE('',(#208),#100,.F.);
#2087=ADVANCED_FACE('',(#209),#101,.F.);
#2088=ADVANCED_FACE('',(#210),#102,.T.);
#2089=ADVANCED_FACE('',(#211),#1980,.T.);
#2090=ADVANCED_FACE('',(#212),#1981,.T.);
#2091=ADVANCED_FACE('',(#213,#19,#20,#21,#22),#103,.T.);
#2092=ADVANCED_FACE('',(#214),#104,.F.);
#2093=ADVANCED_FACE('',(#215),#105,.F.);
#2094=ADVANCED_FACE('',(#216),#1982,.T.);
#2095=ADVANCED_FACE('',(#217),#1983,.T.);
#2096=CLOSED_SHELL('',(#1984,#1985,#1986,#1987,#1988,#1989,#1990,#1991,
#1992,#1993,#1994,#1995,#1996,#1997,#1998,#1999,#2000,#2001,#2002,#2003,
#2004,#2005,#2006,#2007,#2008,#2009,#2010,#2011,#2012,#2013,#2014,#2015,
#2016,#2017,#2018,#2019,#2020,#2021,#2022,#2023,#2024,#2025,#2026,#2027,
#2028,#2029,#2030,#2031,#2032,#2033,#2034,#2035,#2036,#2037,#2038,#2039,
#2040,#2041,#2042,#2043,#2044,#2045,#2046,#2047,#2048,#2049,#2050,#2051,
#2052,#2053,#2054,#2055,#2056,#2057,#2058,#2059,#2060,#2061,#2062,#2063,
#2064,#2065,#2066,#2067,#2068,#2069,#2070,#2071,#2072,#2073,#2074,#2075,
#2076,#2077,#2078,#2079,#2080,#2081,#2082,#2083,#2084,#2085,#2086,#2087,
#2088,#2089,#2090,#2091,#2092,#2093,#2094,#2095));
#2097=DERIVED_UNIT_ELEMENT(#2099,1.);
#2098=DERIVED_UNIT_ELEMENT(#3684,-3.);
#2099=(
MASS_UNIT()
NAMED_UNIT(*)
SI_UNIT(.KILO.,.GRAM.)
);
#2100=DERIVED_UNIT((#2097,#2098));
#2101=MEASURE_REPRESENTATION_ITEM('density measure',
POSITIVE_RATIO_MEASURE(7850.),#2100);
#2102=PROPERTY_DEFINITION_REPRESENTATION(#2107,#2104);
#2103=PROPERTY_DEFINITION_REPRESENTATION(#2108,#2105);
#2104=REPRESENTATION('material name',(#2106),#3681);
#2105=REPRESENTATION('density',(#2101),#3681);
#2106=DESCRIPTIVE_REPRESENTATION_ITEM('\X2\94A2\X0\','\X2\94A2\X0\');
#2107=PROPERTY_DEFINITION('material property','material name',#3691);
#2108=PROPERTY_DEFINITION('material property','density of part',#3691);
#2109=AXIS2_PLACEMENT_3D('',#2926,#2314,#2315);
#2110=AXIS2_PLACEMENT_3D('',#2927,#2316,#2317);
#2111=AXIS2_PLACEMENT_3D('',#2951,#2319,#2320);
#2112=AXIS2_PLACEMENT_3D('',#2953,#2322,#2323);
#2113=AXIS2_PLACEMENT_3D('',#2955,#2324,#2325);
#2114=AXIS2_PLACEMENT_3D('',#2962,#2327,#2328);
#2115=AXIS2_PLACEMENT_3D('',#2964,#2329,#2330);
#2116=AXIS2_PLACEMENT_3D('',#2968,#2333,#2334);
#2117=AXIS2_PLACEMENT_3D('',#2971,#2335,#2336);
#2118=AXIS2_PLACEMENT_3D('',#2973,#2337,#2338);
#2119=AXIS2_PLACEMENT_3D('',#2989,#2339,#2340);
#2120=AXIS2_PLACEMENT_3D('',#2990,#2341,#2342);
#2121=AXIS2_PLACEMENT_3D('',#2995,#2345,#2346);
#2122=AXIS2_PLACEMENT_3D('',#2996,#2347,#2348);
#2123=AXIS2_PLACEMENT_3D('',#3000,#2350,#2351);
#2124=AXIS2_PLACEMENT_3D('',#3002,#2353,#2354);
#2125=AXIS2_PLACEMENT_3D('',#3019,#2355,#2356);
#2126=AXIS2_PLACEMENT_3D('',#3020,#2357,#2358);
#2127=AXIS2_PLACEMENT_3D('',#3021,#2359,#2360);
#2128=AXIS2_PLACEMENT_3D('',#3029,#2364,#2365);
#2129=AXIS2_PLACEMENT_3D('',#3037,#2369,#2370);
#2130=AXIS2_PLACEMENT_3D('',#3045,#2374,#2375);
#2131=AXIS2_PLACEMENT_3D('',#3051,#2378,#2379);
#2132=AXIS2_PLACEMENT_3D('',#3073,#2391,#2392);
#2133=AXIS2_PLACEMENT_3D('',#3076,#2393,#2394);
#2134=AXIS2_PLACEMENT_3D('',#3078,#2395,#2396);
#2135=AXIS2_PLACEMENT_3D('',#3094,#2397,#2398);
#2136=AXIS2_PLACEMENT_3D('',#3095,#2399,#2400);
#2137=AXIS2_PLACEMENT_3D('',#3100,#2403,#2404);
#2138=AXIS2_PLACEMENT_3D('',#3101,#2405,#2406);
#2139=AXIS2_PLACEMENT_3D('',#3105,#2408,#2409);
#2140=AXIS2_PLACEMENT_3D('',#3107,#2411,#2412);
#2141=AXIS2_PLACEMENT_3D('',#3124,#2413,#2414);
#2142=AXIS2_PLACEMENT_3D('',#3126,#2415,#2416);
#2143=AXIS2_PLACEMENT_3D('',#3141,#2417,#2418);
#2144=AXIS2_PLACEMENT_3D('',#3147,#2422,#2423);
#2145=AXIS2_PLACEMENT_3D('',#3153,#2427,#2428);
#2146=AXIS2_PLACEMENT_3D('',#3157,#2431,#2432);
#2147=AXIS2_PLACEMENT_3D('',#3160,#2434,#2435);
#2148=AXIS2_PLACEMENT_3D('',#3163,#2437,#2438);
#2149=AXIS2_PLACEMENT_3D('',#3164,#2439,#2440);
#2150=AXIS2_PLACEMENT_3D('',#3167,#2441,#2442);
#2151=AXIS2_PLACEMENT_3D('',#3169,#2443,#2444);
#2152=AXIS2_PLACEMENT_3D('',#3185,#2445,#2446);
#2153=AXIS2_PLACEMENT_3D('',#3186,#2447,#2448);
#2154=AXIS2_PLACEMENT_3D('',#3191,#2451,#2452);
#2155=AXIS2_PLACEMENT_3D('',#3192,#2453,#2454);
#2156=AXIS2_PLACEMENT_3D('',#3196,#2456,#2457);
#2157=AXIS2_PLACEMENT_3D('',#3198,#2459,#2460);
#2158=AXIS2_PLACEMENT_3D('',#3215,#2461,#2462);
#2159=AXIS2_PLACEMENT_3D('',#3217,#2463,#2464);
#2160=AXIS2_PLACEMENT_3D('',#3232,#2465,#2466);
#2161=AXIS2_PLACEMENT_3D('',#3238,#2470,#2471);
#2162=AXIS2_PLACEMENT_3D('',#3242,#2473,#2474);
#2163=AXIS2_PLACEMENT_3D('',#3243,#2475,#2476);
#2164=AXIS2_PLACEMENT_3D('',#3244,#2477,#2478);
#2165=AXIS2_PLACEMENT_3D('',#3261,#2479,#2480);
#2166=AXIS2_PLACEMENT_3D('',#3262,#2481,#2482);
#2167=AXIS2_PLACEMENT_3D('',#3263,#2483,#2484);
#2168=AXIS2_PLACEMENT_3D('',#3265,#2486,#2487);
#2169=AXIS2_PLACEMENT_3D('',#3269,#2489,#2490);
#2170=AXIS2_PLACEMENT_3D('',#3271,#2492,#2493);
#2171=AXIS2_PLACEMENT_3D('',#3275,#2496,#2497);
#2172=AXIS2_PLACEMENT_3D('',#3281,#2501,#2502);
#2173=AXIS2_PLACEMENT_3D('',#3285,#2505,#2506);
#2174=AXIS2_PLACEMENT_3D('',#3289,#2508,#2509);
#2175=AXIS2_PLACEMENT_3D('',#3291,#2511,#2512);
#2176=AXIS2_PLACEMENT_3D('',#3292,#2513,#2514);
#2177=AXIS2_PLACEMENT_3D('',#3294,#2516,#2517);
#2178=AXIS2_PLACEMENT_3D('',#3300,#2521,#2522);
#2179=AXIS2_PLACEMENT_3D('',#3304,#2525,#2526);
#2180=AXIS2_PLACEMENT_3D('',#3308,#2528,#2529);
#2181=AXIS2_PLACEMENT_3D('',#3310,#2531,#2532);
#2182=AXIS2_PLACEMENT_3D('',#3311,#2533,#2534);
#2183=AXIS2_PLACEMENT_3D('',#3315,#2537,#2538);
#2184=AXIS2_PLACEMENT_3D('',#3319,#2541,#2542);
#2185=AXIS2_PLACEMENT_3D('',#3323,#2545,#2546);
#2186=AXIS2_PLACEMENT_3D('',#3327,#2549,#2550);
#2187=AXIS2_PLACEMENT_3D('',#3333,#2554,#2555);
#2188=AXIS2_PLACEMENT_3D('',#3335,#2557,#2558);
#2189=AXIS2_PLACEMENT_3D('',#3339,#2561,#2562);
#2190=AXIS2_PLACEMENT_3D('',#3345,#2566,#2567);
#2191=AXIS2_PLACEMENT_3D('',#3347,#2569,#2570);
#2192=AXIS2_PLACEMENT_3D('',#3351,#2573,#2574);
#2193=AXIS2_PLACEMENT_3D('',#3355,#2577,#2578);
#2194=AXIS2_PLACEMENT_3D('',#3359,#2581,#2582);
#2195=AXIS2_PLACEMENT_3D('',#3361,#2584,#2585);
#2196=AXIS2_PLACEMENT_3D('',#3363,#2587,#2588);
#2197=AXIS2_PLACEMENT_3D('',#3365,#2590,#2591);
#2198=AXIS2_PLACEMENT_3D('',#3368,#2592,#2593);
#2199=AXIS2_PLACEMENT_3D('',#3372,#2595,#2596);
#2200=AXIS2_PLACEMENT_3D('',#3374,#2598,#2599);
#2201=AXIS2_PLACEMENT_3D('',#3377,#2600,#2601);
#2202=AXIS2_PLACEMENT_3D('',#3378,#2602,#2603);
#2203=AXIS2_PLACEMENT_3D('',#3379,#2604,#2605);
#2204=AXIS2_PLACEMENT_3D('',#3380,#2606,#2607);
#2205=AXIS2_PLACEMENT_3D('',#3383,#2608,#2609);
#2206=AXIS2_PLACEMENT_3D('',#3386,#2612,#2613);
#2207=AXIS2_PLACEMENT_3D('',#3389,#2614,#2615);
#2208=AXIS2_PLACEMENT_3D('',#3390,#2616,#2617);
#2209=AXIS2_PLACEMENT_3D('',#3391,#2618,#2619);
#2210=AXIS2_PLACEMENT_3D('',#3392,#2620,#2621);
#2211=AXIS2_PLACEMENT_3D('',#3395,#2622,#2623);
#2212=AXIS2_PLACEMENT_3D('',#3398,#2626,#2627);
#2213=AXIS2_PLACEMENT_3D('',#3401,#2628,#2629);
#2214=AXIS2_PLACEMENT_3D('',#3402,#2630,#2631);
#2215=AXIS2_PLACEMENT_3D('',#3403,#2632,#2633);
#2216=AXIS2_PLACEMENT_3D('',#3404,#2634,#2635);
#2217=AXIS2_PLACEMENT_3D('',#3407,#2636,#2637);
#2218=AXIS2_PLACEMENT_3D('',#3410,#2640,#2641);
#2219=AXIS2_PLACEMENT_3D('',#3411,#2642,#2643);
#2220=AXIS2_PLACEMENT_3D('',#3412,#2644,#2645);
#2221=AXIS2_PLACEMENT_3D('',#3413,#2646,#2647);
#2222=AXIS2_PLACEMENT_3D('',#3417,#2649,#2650);
#2223=AXIS2_PLACEMENT_3D('',#3419,#2652,#2653);
#2224=AXIS2_PLACEMENT_3D('',#3423,#2656,#2657);
#2225=AXIS2_PLACEMENT_3D('',#3426,#2659,#2660);
#2226=AXIS2_PLACEMENT_3D('',#3427,#2661,#2662);
#2227=AXIS2_PLACEMENT_3D('',#3443,#2671,#2672);
#2228=AXIS2_PLACEMENT_3D('',#3444,#2673,#2674);
#2229=AXIS2_PLACEMENT_3D('',#3449,#2676,#2677);
#2230=AXIS2_PLACEMENT_3D('',#3457,#2681,#2682);
#2231=AXIS2_PLACEMENT_3D('',#3465,#2686,#2687);
#2232=AXIS2_PLACEMENT_3D('',#3470,#2690,#2691);
#2233=AXIS2_PLACEMENT_3D('',#3474,#2694,#2695);
#2234=AXIS2_PLACEMENT_3D('',#3476,#2696,#2697);
#2235=AXIS2_PLACEMENT_3D('',#3477,#2698,#2699);
#2236=AXIS2_PLACEMENT_3D('',#3479,#2700,#2701);
#2237=AXIS2_PLACEMENT_3D('',#3480,#2702,#2703);
#2238=AXIS2_PLACEMENT_3D('',#3482,#2704,#2705);
#2239=AXIS2_PLACEMENT_3D('',#3483,#2706,#2707);
#2240=AXIS2_PLACEMENT_3D('',#3485,#2708,#2709);
#2241=AXIS2_PLACEMENT_3D('',#3486,#2710,#2711);
#2242=AXIS2_PLACEMENT_3D('',#3492,#2715,#2716);
#2243=AXIS2_PLACEMENT_3D('',#3495,#2718,#2719);
#2244=AXIS2_PLACEMENT_3D('',#3496,#2720,#2721);
#2245=AXIS2_PLACEMENT_3D('',#3500,#2724,#2725);
#2246=AXIS2_PLACEMENT_3D('',#3501,#2726,#2727);
#2247=AXIS2_PLACEMENT_3D('',#3502,#2728,#2729);
#2248=AXIS2_PLACEMENT_3D('',#3508,#2733,#2734);
#2249=AXIS2_PLACEMENT_3D('',#3510,#2735,#2736);
#2250=AXIS2_PLACEMENT_3D('',#3512,#2738,#2739);
#2251=AXIS2_PLACEMENT_3D('',#3515,#2741,#2742);
#2252=AXIS2_PLACEMENT_3D('',#3516,#2743,#2744);
#2253=AXIS2_PLACEMENT_3D('',#3520,#2747,#2748);
#2254=AXIS2_PLACEMENT_3D('',#3524,#2751,#2752);
#2255=AXIS2_PLACEMENT_3D('',#3533,#2757,#2758);
#2256=AXIS2_PLACEMENT_3D('',#3537,#2761,#2762);
#2257=AXIS2_PLACEMENT_3D('',#3539,#2763,#2764);
#2258=AXIS2_PLACEMENT_3D('',#3541,#2766,#2767);
#2259=AXIS2_PLACEMENT_3D('',#3544,#2770,#2771);
#2260=AXIS2_PLACEMENT_3D('',#3547,#2773,#2774);
#2261=AXIS2_PLACEMENT_3D('',#3548,#2775,#2776);
#2262=AXIS2_PLACEMENT_3D('',#3552,#2779,#2780);
#2263=AXIS2_PLACEMENT_3D('',#3554,#2781,#2782);
#2264=AXIS2_PLACEMENT_3D('',#3556,#2784,#2785);
#2265=AXIS2_PLACEMENT_3D('',#3560,#2788,#2789);
#2266=AXIS2_PLACEMENT_3D('',#3563,#2791,#2792);
#2267=AXIS2_PLACEMENT_3D('',#3564,#2793,#2794);
#2268=AXIS2_PLACEMENT_3D('',#3579,#2803,#2804);
#2269=AXIS2_PLACEMENT_3D('',#3581,#2805,#2806);
#2270=AXIS2_PLACEMENT_3D('',#3582,#2807,#2808);
#2271=AXIS2_PLACEMENT_3D('',#3584,#2809,#2810);
#2272=AXIS2_PLACEMENT_3D('',#3586,#2812,#2813);
#2273=AXIS2_PLACEMENT_3D('',#3590,#2815,#2816);
#2274=AXIS2_PLACEMENT_3D('',#3594,#2818,#2819);
#2275=AXIS2_PLACEMENT_3D('',#3597,#2821,#2822);
#2276=AXIS2_PLACEMENT_3D('',#3598,#2823,#2824);
#2277=AXIS2_PLACEMENT_3D('',#3599,#2825,#2826);
#2278=AXIS2_PLACEMENT_3D('',#3605,#2829,#2830);
#2279=AXIS2_PLACEMENT_3D('',#3607,#2832,#2833);
#2280=AXIS2_PLACEMENT_3D('',#3609,#2834,#2835);
#2281=AXIS2_PLACEMENT_3D('',#3611,#2837,#2838);
#2282=AXIS2_PLACEMENT_3D('',#3615,#2840,#2841);
#2283=AXIS2_PLACEMENT_3D('',#3617,#2843,#2844);
#2284=AXIS2_PLACEMENT_3D('',#3625,#2849,#2850);
#2285=AXIS2_PLACEMENT_3D('',#3626,#2851,#2852);
#2286=AXIS2_PLACEMENT_3D('',#3627,#2853,#2854);
#2287=AXIS2_PLACEMENT_3D('',#3628,#2855,#2856);
#2288=AXIS2_PLACEMENT_3D('',#3629,#2857,#2858);
#2289=AXIS2_PLACEMENT_3D('',#3630,#2859,#2860);
#2290=AXIS2_PLACEMENT_3D('',#3631,#2861,#2862);
#2291=AXIS2_PLACEMENT_3D('',#3632,#2863,#2864);
#2292=AXIS2_PLACEMENT_3D('',#3633,#2865,#2866);
#2293=AXIS2_PLACEMENT_3D('',#3634,#2867,#2868);
#2294=AXIS2_PLACEMENT_3D('',#3635,#2869,#2870);
#2295=AXIS2_PLACEMENT_3D('',#3636,#2871,#2872);
#2296=AXIS2_PLACEMENT_3D('',#3640,#2874,#2875);
#2297=AXIS2_PLACEMENT_3D('',#3642,#2877,#2878);
#2298=AXIS2_PLACEMENT_3D('',#3647,#2880,#2881);
#2299=AXIS2_PLACEMENT_3D('',#3650,#2883,#2884);
#2300=AXIS2_PLACEMENT_3D('',#3651,#2885,#2886);
#2301=AXIS2_PLACEMENT_3D('',#3654,#2889,#2890);
#2302=AXIS2_PLACEMENT_3D('',#3657,#2893,#2894);
#2303=AXIS2_PLACEMENT_3D('',#3659,#2896,#2897);
#2304=AXIS2_PLACEMENT_3D('',#3661,#2899,#2900);
#2305=AXIS2_PLACEMENT_3D('',#3663,#2902,#2903);
#2306=AXIS2_PLACEMENT_3D('',#3665,#2905,#2906);
#2307=AXIS2_PLACEMENT_3D('',#3668,#2908,#2909);
#2308=AXIS2_PLACEMENT_3D('',#3669,#2910,#2911);
#2309=AXIS2_PLACEMENT_3D('',#3671,#2913,#2914);
#2310=AXIS2_PLACEMENT_3D('',#3674,#2917,#2918);
#2311=AXIS2_PLACEMENT_3D('',#3676,#2920,#2921);
#2312=AXIS2_PLACEMENT_3D('',#3677,#2922,#2923);
#2313=AXIS2_PLACEMENT_3D('',#3678,#2924,#2925);
#2314=DIRECTION('axis',(0.,0.,1.));
#2315=DIRECTION('refdir',(1.,0.,0.));
#2316=DIRECTION('center_axis',(0.,0.,1.));
#2317=DIRECTION('ref_axis',(-0.901368886809708,-0.433052109902985,0.));
#2318=DIRECTION('',(0.,0.,-1.));
#2319=DIRECTION('center_axis',(0.,0.,1.));
#2320=DIRECTION('ref_axis',(-0.901368886809708,-0.433052109902985,0.));
#2321=DIRECTION('',(0.,0.,1.));
#2322=DIRECTION('center_axis',(0.,0.,1.));
#2323=DIRECTION('ref_axis',(-0.624931740217148,-0.780679396467697,0.));
#2324=DIRECTION('center_axis',(0.,0.,1.));
#2325=DIRECTION('ref_axis',(-0.624931740217148,-0.780679396467697,0.));
#2326=DIRECTION('',(0.,0.,1.));
#2327=DIRECTION('center_axis',(0.,0.,1.));
#2328=DIRECTION('ref_axis',(1.,0.,0.));
#2329=DIRECTION('center_axis',(0.,0.,1.));
#2330=DIRECTION('ref_axis',(-0.100000000000002,0.99498743710662,0.));
#2331=DIRECTION('',(0.,1.,0.));
#2332=DIRECTION('',(1.,-3.083952846181E-15,0.));
#2333=DIRECTION('center_axis',(0.,1.,0.));
#2334=DIRECTION('ref_axis',(0.,0.,1.));
#2335=DIRECTION('center_axis',(0.8083441332557,0.,0.588710253207036));
#2336=DIRECTION('ref_axis',(-0.588710253207036,0.,0.8083441332557));
#2337=DIRECTION('center_axis',(0.,-1.,0.));
#2338=DIRECTION('ref_axis',(0.878087261205539,0.,-0.478500534700386));
#2339=DIRECTION('center_axis',(0.,1.,0.));
#2340=DIRECTION('ref_axis',(0.878087261205539,0.,-0.478500534700386));
#2341=DIRECTION('center_axis',(-0.808344133256598,0.,-0.588710253205802));
#2342=DIRECTION('ref_axis',(-0.416281012195858,-0.707106781186579,0.571585618158074));
#2343=DIRECTION('',(0.808344133256598,0.,0.588710253205801));
#2344=DIRECTION('',(-0.808344133256598,0.,-0.588710253205801));
#2345=DIRECTION('center_axis',(0.999974838526639,-2.97102120574968E-14,
0.00709382221535622));
#2346=DIRECTION('ref_axis',(-0.00709382221535621,4.1408497987364E-14,0.999974838526639));
#2347=DIRECTION('center_axis',(-0.81661497934885,0.,0.577182792105827));
#2348=DIRECTION('ref_axis',(0.408129866282209,-0.707106781186559,0.577433989516075));
#2349=DIRECTION('',(-0.81661497934885,0.,0.577182792105827));
#2350=DIRECTION('center_axis',(0.816614979348858,0.,-0.577182792105815));
#2351=DIRECTION('ref_axis',(0.577182792105815,0.,0.816614979348858));
#2352=DIRECTION('',(0.81661497934885,0.,-0.577182792105827));
#2353=DIRECTION('center_axis',(0.,1.,0.));
#2354=DIRECTION('ref_axis',(0.,0.,1.));
#2355=DIRECTION('center_axis',(0.,-1.,0.));
#2356=DIRECTION('ref_axis',(-0.484717489844093,0.,0.874670769512302));
#2357=DIRECTION('center_axis',(0.,1.,0.));
#2358=DIRECTION('ref_axis',(-0.484717489844093,0.,0.874670769512302));
#2359=DIRECTION('center_axis',(0.,-1.,0.));
#2360=DIRECTION('ref_axis',(1.,0.,0.));
#2361=DIRECTION('',(0.,0.,1.));
#2362=DIRECTION('',(1.,0.,0.));
#2363=DIRECTION('',(0.,0.,-1.));
#2364=DIRECTION('center_axis',(0.,-1.,0.));
#2365=DIRECTION('ref_axis',(-0.481582890328126,0.,0.876400547548441));
#2366=DIRECTION('',(0.,0.,1.));
#2367=DIRECTION('',(1.,0.,0.));
#2368=DIRECTION('',(0.,0.,-1.));
#2369=DIRECTION('center_axis',(0.,-1.,0.));
#2370=DIRECTION('ref_axis',(-0.494845784130613,0.,0.868980811024132));
#2371=DIRECTION('',(0.,0.,1.));
#2372=DIRECTION('',(1.,0.,0.));
#2373=DIRECTION('',(0.,0.,-1.));
#2374=DIRECTION('center_axis',(0.,-1.,0.));
#2375=DIRECTION('ref_axis',(0.,0.,1.));
#2376=DIRECTION('',(0.812500000000002,0.,0.582961190818049));
#2377=DIRECTION('',(0.812499999999999,0.,-0.582961190818052));
#2378=DIRECTION('center_axis',(0.,-1.,0.));
#2379=DIRECTION('ref_axis',(0.,0.,1.));
#2380=DIRECTION('',(0.,0.,-1.));
#2381=DIRECTION('',(1.,0.,0.));
#2382=DIRECTION('',(0.,0.,1.));
#2383=DIRECTION('',(1.,0.,0.));
#2384=DIRECTION('',(0.,0.,-1.));
#2385=DIRECTION('',(1.,0.,0.));
#2386=DIRECTION('',(0.,0.,1.));
#2387=DIRECTION('',(1.,0.,0.));
#2388=DIRECTION('',(0.,0.,-1.));
#2389=DIRECTION('',(1.,0.,0.));
#2390=DIRECTION('',(0.,0.,1.));
#2391=DIRECTION('center_axis',(0.,1.,0.));
#2392=DIRECTION('ref_axis',(0.,0.,1.));
#2393=DIRECTION('center_axis',(0.81240473218526,0.,0.583093947081426));
#2394=DIRECTION('ref_axis',(-0.583093947081426,0.,0.81240473218526));
#2395=DIRECTION('center_axis',(0.,-1.,0.));
#2396=DIRECTION('ref_axis',(0.876423873394932,0.,-0.48154043874157));
#2397=DIRECTION('center_axis',(0.,1.,0.));
#2398=DIRECTION('ref_axis',(0.876423873394932,0.,-0.48154043874157));
#2399=DIRECTION('center_axis',(-0.81240473218559,0.,-0.583093947080966));
#2400=DIRECTION('ref_axis',(-0.412309684049773,-0.70710678118656,0.574456895196462));
#2401=DIRECTION('',(0.81240473218559,0.,0.583093947080966));
#2402=DIRECTION('',(-0.81240473218559,0.,-0.583093947080966));
#2403=DIRECTION('center_axis',(0.999999998826884,-7.17025276969601E-19,
4.84379215526332E-5));
#2404=DIRECTION('ref_axis',(-4.84379215526332E-5,9.99108803497367E-19,0.999999998826884));
#2405=DIRECTION('center_axis',(-0.812461216091086,0.,0.583015241951524));
#2406=DIRECTION('ref_axis',(0.412254031119034,-0.707106781186549,0.574496835349077));
#2407=DIRECTION('',(-0.812461216091086,0.,0.583015241951524));
#2408=DIRECTION('center_axis',(0.812461216091123,0.,-0.583015241951472));
#2409=DIRECTION('ref_axis',(0.583015241951472,0.,0.812461216091123));
#2410=DIRECTION('',(0.812461216091086,0.,-0.583015241951524));
#2411=DIRECTION('center_axis',(0.,1.,0.));
#2412=DIRECTION('ref_axis',(0.,0.,1.));
#2413=DIRECTION('center_axis',(0.,-1.,0.));
#2414=DIRECTION('ref_axis',(-0.481582890328126,0.,0.876400547548441));
#2415=DIRECTION('center_axis',(0.,1.,0.));
#2416=DIRECTION('ref_axis',(-0.481582890328126,0.,0.876400547548441));
#2417=DIRECTION('center_axis',(-0.583015241951524,0.,-0.812461216091086));
#2418=DIRECTION('ref_axis',(0.812461216091086,0.,-0.583015241951524));
#2419=DIRECTION('',(0.,-1.,0.));
#2420=DIRECTION('',(0.812461216091086,0.,-0.583015241951524));
#2421=DIRECTION('',(0.,-1.,0.));
#2422=DIRECTION('center_axis',(0.,-1.,0.));
#2423=DIRECTION('ref_axis',(1.,0.,0.));
#2424=DIRECTION('',(0.,0.,-1.));
#2425=DIRECTION('',(1.,0.,0.));
#2426=DIRECTION('',(0.,0.,1.));
#2427=DIRECTION('center_axis',(0.583093947080966,0.,-0.81240473218559));
#2428=DIRECTION('ref_axis',(0.81240473218559,0.,0.583093947080966));
#2429=DIRECTION('',(0.,-1.,0.));
#2430=DIRECTION('',(0.81240473218559,0.,0.583093947080966));
#2431=DIRECTION('center_axis',(0.,-1.,0.));
#2432=DIRECTION('ref_axis',(-4.84379222693782E-5,0.,0.999999998826884));
#2433=DIRECTION('',(0.,-1.,0.));
#2434=DIRECTION('center_axis',(0.,-1.,0.));
#2435=DIRECTION('ref_axis',(-1.,0.,0.));
#2436=DIRECTION('',(0.,1.,0.));
#2437=DIRECTION('center_axis',(0.,1.,0.));
#2438=DIRECTION('ref_axis',(-1.,0.,0.));
#2439=DIRECTION('center_axis',(0.,1.,0.));
#2440=DIRECTION('ref_axis',(0.,0.,1.));
#2441=DIRECTION('center_axis',(0.794448848945178,0.,0.607331068207186));
#2442=DIRECTION('ref_axis',(-0.607331068207186,0.,0.794448848945178));
#2443=DIRECTION('center_axis',(0.,-1.,0.));
#2444=DIRECTION('ref_axis',(0.883586723330149,0.,-0.468267554240831));
#2445=DIRECTION('center_axis',(0.,1.,0.));
#2446=DIRECTION('ref_axis',(0.883586723330149,0.,-0.468267554240831));
#2447=DIRECTION('center_axis',(-0.794448848945885,0.,-0.607331068206262));
#2448=DIRECTION('ref_axis',(-0.429447916753907,-0.707106781186552,0.561760168395484));
#2449=DIRECTION('',(0.794448848945885,0.,0.607331068206262));
#2450=DIRECTION('',(-0.794448848945885,0.,-0.607331068206262));
#2451=DIRECTION('center_axis',(0.999540132510855,-6.05313054157501E-14,
0.0303236458919807));
#2452=DIRECTION('ref_axis',(-0.0303236458919807,8.43652826722017E-14,0.999540132510855));
#2453=DIRECTION('center_axis',(-0.829803866384107,0.,0.55805514363187));
#2454=DIRECTION('ref_axis',(0.394604576338121,-0.707106781186565,0.586759940975001));
#2455=DIRECTION('',(-0.829803866384107,0.,0.55805514363187));
#2456=DIRECTION('center_axis',(0.829803866384146,0.,-0.558055143631812));
#2457=DIRECTION('ref_axis',(0.558055143631812,0.,0.829803866384146));
#2458=DIRECTION('',(0.829803866384107,0.,-0.55805514363187));
#2459=DIRECTION('center_axis',(0.,1.,0.));
#2460=DIRECTION('ref_axis',(0.,0.,1.));
#2461=DIRECTION('center_axis',(0.,-1.,0.));
#2462=DIRECTION('ref_axis',(-0.494845784130613,0.,0.868980811024132));
#2463=DIRECTION('center_axis',(0.,1.,0.));
#2464=DIRECTION('ref_axis',(-0.494845784130613,0.,0.868980811024132));
#2465=DIRECTION('center_axis',(0.,-1.,0.));
#2466=DIRECTION('ref_axis',(1.,0.,0.));
#2467=DIRECTION('',(0.,0.,-1.));
#2468=DIRECTION('',(1.,0.,0.));
#2469=DIRECTION('',(0.,0.,1.));
#2470=DIRECTION('center_axis',(-0.812499999999999,0.,0.582961190818052));
#2471=DIRECTION('ref_axis',(0.412215811196029,-0.707106781186548,0.57452425971407));
#2472=DIRECTION('',(-0.812499999999999,0.,0.582961190818052));
#2473=DIRECTION('center_axis',(0.812499999999993,0.,-0.582961190818061));
#2474=DIRECTION('ref_axis',(0.582961190818061,0.,0.812499999999993));
#2475=DIRECTION('center_axis',(1.,-7.12166094991166E-28,-2.40548322002111E-14));
#2476=DIRECTION('ref_axis',(2.40548322002111E-14,9.92578856524421E-28,1.));
#2477=DIRECTION('center_axis',(0.,1.,0.));
#2478=DIRECTION('ref_axis',(0.,0.,1.));
#2479=DIRECTION('center_axis',(0.,1.,0.));
#2480=DIRECTION('ref_axis',(0.,0.,1.));
#2481=DIRECTION('center_axis',(0.812500000000004,0.,0.582961190818045));
#2482=DIRECTION('ref_axis',(-0.582961190818045,0.,0.812500000000004));
#2483=DIRECTION('center_axis',(-0.812500000000002,0.,-0.582961190818049));
#2484=DIRECTION('ref_axis',(-0.41221581119602,-0.707106781186561,0.57452425971406));
#2485=DIRECTION('',(-0.812500000000002,0.,-0.582961190818049));
#2486=DIRECTION('center_axis',(0.,-1.,0.));
#2487=DIRECTION('ref_axis',(1.83697019872103E-16,0.,1.));
#2488=DIRECTION('',(0.,-1.,0.));
#2489=DIRECTION('center_axis',(0.,-1.,0.));
#2490=DIRECTION('ref_axis',(-1.,0.,0.));
#2491=DIRECTION('',(0.,-1.,0.));
#2492=DIRECTION('center_axis',(-0.582961190818052,0.,-0.812499999999999));
#2493=DIRECTION('ref_axis',(0.812499999999999,0.,-0.582961190818052));
#2494=DIRECTION('',(0.,-1.,0.));
#2495=DIRECTION('',(0.812499999999999,0.,-0.582961190818052));
#2496=DIRECTION('center_axis',(-0.55805514363187,0.,-0.829803866384107));
#2497=DIRECTION('ref_axis',(0.829803866384107,0.,-0.55805514363187));
#2498=DIRECTION('',(0.,-1.,0.));
#2499=DIRECTION('',(0.829803866384107,0.,-0.55805514363187));
#2500=DIRECTION('',(0.,-1.,0.));
#2501=DIRECTION('center_axis',(0.607331068206262,0.,-0.794448848945885));
#2502=DIRECTION('ref_axis',(0.794448848945885,0.,0.607331068206262));
#2503=DIRECTION('',(0.,-1.,0.));
#2504=DIRECTION('',(0.794448848945885,0.,0.607331068206262));
#2505=DIRECTION('center_axis',(0.,-1.,0.));
#2506=DIRECTION('ref_axis',(-0.0303236458932203,0.,0.999540132510817));
#2507=DIRECTION('',(0.,1.,0.));
#2508=DIRECTION('center_axis',(0.,1.,0.));
#2509=DIRECTION('ref_axis',(-1.,0.,0.));
#2510=DIRECTION('',(0.,-1.,0.));
#2511=DIRECTION('center_axis',(0.,-1.,0.));
#2512=DIRECTION('ref_axis',(-1.,0.,0.));
#2513=DIRECTION('center_axis',(0.582961190818049,0.,-0.812500000000002));
#2514=DIRECTION('ref_axis',(0.812500000000002,0.,0.582961190818049));
#2515=DIRECTION('',(0.812500000000002,0.,0.582961190818049));
#2516=DIRECTION('center_axis',(0.588710253205802,0.,-0.808344133256598));
#2517=DIRECTION('ref_axis',(0.808344133256598,0.,0.588710253205801));
#2518=DIRECTION('',(0.,-1.,0.));
#2519=DIRECTION('',(0.808344133256598,0.,0.588710253205801));
#2520=DIRECTION('',(0.,-1.,0.));
#2521=DIRECTION('center_axis',(-0.577182792105827,0.,-0.81661497934885));
#2522=DIRECTION('ref_axis',(0.81661497934885,0.,-0.577182792105827));
#2523=DIRECTION('',(0.81661497934885,0.,-0.577182792105827));
#2524=DIRECTION('',(0.,-1.,0.));
#2525=DIRECTION('center_axis',(0.,-1.,0.));
#2526=DIRECTION('ref_axis',(-0.00709382221718946,0.,0.999974838526626));
#2527=DIRECTION('',(0.,1.,0.));
#2528=DIRECTION('center_axis',(0.,1.,0.));
#2529=DIRECTION('ref_axis',(-1.,0.,0.));
#2530=DIRECTION('',(0.,-1.,0.));
#2531=DIRECTION('center_axis',(0.,-1.,0.));
#2532=DIRECTION('ref_axis',(-1.,0.,0.));
#2533=DIRECTION('center_axis',(-1.,0.,0.));
#2534=DIRECTION('ref_axis',(0.,-1.,0.));
#2535=DIRECTION('',(0.,0.,1.));
#2536=DIRECTION('',(0.,-0.703544597920105,-0.710651109010207));
#2537=DIRECTION('center_axis',(-1.,0.,0.));
#2538=DIRECTION('ref_axis',(0.,-1.,0.));
#2539=DIRECTION('',(0.,0.,1.));
#2540=DIRECTION('',(0.,-0.703544597920105,-0.710651109010207));
#2541=DIRECTION('center_axis',(-1.,0.,0.));
#2542=DIRECTION('ref_axis',(0.,-1.,0.));
#2543=DIRECTION('',(0.,0.,1.));
#2544=DIRECTION('',(0.,-0.703544597920105,-0.710651109010207));
#2545=DIRECTION('center_axis',(0.,-0.710651109010207,0.703544597920105));
#2546=DIRECTION('ref_axis',(1.,0.,0.));
#2547=DIRECTION('',(0.,0.703544597920105,0.710651109010207));
#2548=DIRECTION('',(1.,0.,0.));
#2549=DIRECTION('center_axis',(0.,-1.,0.));
#2550=DIRECTION('ref_axis',(1.,0.,0.));
#2551=DIRECTION('',(0.,0.,1.));
#2552=DIRECTION('',(1.,0.,0.));
#2553=DIRECTION('',(0.,0.,1.));
#2554=DIRECTION('center_axis',(-1.,0.,0.));
#2555=DIRECTION('ref_axis',(0.,-1.,0.));
#2556=DIRECTION('',(0.,-1.,0.));
#2557=DIRECTION('center_axis',(0.,-0.710651109010207,0.703544597920105));
#2558=DIRECTION('ref_axis',(1.,0.,0.));
#2559=DIRECTION('',(0.,0.703544597920105,0.710651109010207));
#2560=DIRECTION('',(1.,0.,0.));
#2561=DIRECTION('center_axis',(0.,-1.,0.));
#2562=DIRECTION('ref_axis',(1.,0.,0.));
#2563=DIRECTION('',(0.,0.,1.));
#2564=DIRECTION('',(1.,0.,0.));
#2565=DIRECTION('',(0.,0.,1.));
#2566=DIRECTION('center_axis',(-1.,0.,0.));
#2567=DIRECTION('ref_axis',(0.,-1.,0.));
#2568=DIRECTION('',(0.,-1.,0.));
#2569=DIRECTION('center_axis',(0.,-0.710651109010207,0.703544597920105));
#2570=DIRECTION('ref_axis',(1.,0.,0.));
#2571=DIRECTION('',(0.,0.703544597920105,0.710651109010207));
#2572=DIRECTION('',(1.,0.,0.));
#2573=DIRECTION('center_axis',(1.,0.,0.));
#2574=DIRECTION('ref_axis',(0.,1.,0.));
#2575=DIRECTION('',(0.,0.,1.));
#2576=DIRECTION('',(0.,1.,0.));
#2577=DIRECTION('center_axis',(-1.,0.,0.));
#2578=DIRECTION('ref_axis',(0.,-1.,0.));
#2579=DIRECTION('',(0.,-1.,0.));
#2580=DIRECTION('',(0.,0.,1.));
#2581=DIRECTION('center_axis',(0.,-1.,0.));
#2582=DIRECTION('ref_axis',(1.,0.,0.));
#2583=DIRECTION('',(1.,0.,0.));
#2584=DIRECTION('center_axis',(1.,0.,0.));
#2585=DIRECTION('ref_axis',(0.,1.,0.));
#2586=DIRECTION('',(0.,1.,0.));
#2587=DIRECTION('center_axis',(1.,0.,0.));
#2588=DIRECTION('ref_axis',(0.,1.,0.));
#2589=DIRECTION('',(0.,1.,0.));
#2590=DIRECTION('center_axis',(0.,-1.,0.));
#2591=DIRECTION('ref_axis',(-0.707106781186548,0.,0.707106781186548));
#2592=DIRECTION('center_axis',(0.,-1.,0.));
#2593=DIRECTION('ref_axis',(0.,0.,1.));
#2594=DIRECTION('',(0.,-1.,0.));
#2595=DIRECTION('center_axis',(2.96059473233374E-15,1.,0.));
#2596=DIRECTION('ref_axis',(-1.,2.96059473233374E-15,0.));
#2597=DIRECTION('',(0.,1.,0.));
#2598=DIRECTION('center_axis',(0.,0.,1.));
#2599=DIRECTION('ref_axis',(1.,0.,0.));
#2600=DIRECTION('center_axis',(-1.,0.,0.));
#2601=DIRECTION('ref_axis',(0.,-1.,0.));
#2602=DIRECTION('center_axis',(0.,0.,-1.));
#2603=DIRECTION('ref_axis',(-0.707106781186547,-0.707106781186548,0.));
#2604=DIRECTION('center_axis',(0.,0.,1.));
#2605=DIRECTION('ref_axis',(-0.707106781186547,-0.707106781186548,0.));
#2606=DIRECTION('center_axis',(1.,0.,0.));
#2607=DIRECTION('ref_axis',(0.,-0.707106781186545,0.70710678118655));
#2608=DIRECTION('center_axis',(-1.,0.,0.));
#2609=DIRECTION('ref_axis',(0.,-1.,0.));
#2610=DIRECTION('',(-1.,0.,0.));
#2611=DIRECTION('',(1.,0.,0.));
#2612=DIRECTION('center_axis',(0.,0.,1.));
#2613=DIRECTION('ref_axis',(1.,0.,0.));
#2614=DIRECTION('center_axis',(0.,-1.,0.));
#2615=DIRECTION('ref_axis',(1.,0.,0.));
#2616=DIRECTION('center_axis',(0.,0.,-1.));
#2617=DIRECTION('ref_axis',(0.707106781186547,-0.707106781186548,0.));
#2618=DIRECTION('center_axis',(0.,0.,1.));
#2619=DIRECTION('ref_axis',(0.707106781186547,-0.707106781186548,0.));
#2620=DIRECTION('center_axis',(0.,1.,0.));
#2621=DIRECTION('ref_axis',(0.707106781186548,0.,0.707106781186548));
#2622=DIRECTION('center_axis',(-2.96059473233374E-15,-1.,0.));
#2623=DIRECTION('ref_axis',(1.,-2.96059473233374E-15,0.));
#2624=DIRECTION('',(0.,-1.,0.));
#2625=DIRECTION('',(0.,1.,0.));
#2626=DIRECTION('center_axis',(0.,0.,1.));
#2627=DIRECTION('ref_axis',(1.,0.,0.));
#2628=DIRECTION('center_axis',(1.,0.,0.));
#2629=DIRECTION('ref_axis',(0.,1.,0.));
#2630=DIRECTION('center_axis',(0.,0.,-1.));
#2631=DIRECTION('ref_axis',(0.707106781186547,0.707106781186548,0.));
#2632=DIRECTION('center_axis',(0.,0.,1.));
#2633=DIRECTION('ref_axis',(0.707106781186547,0.707106781186548,0.));
#2634=DIRECTION('center_axis',(-1.,0.,0.));
#2635=DIRECTION('ref_axis',(0.,0.707106781186545,0.70710678118655));
#2636=DIRECTION('center_axis',(1.,0.,0.));
#2637=DIRECTION('ref_axis',(0.,1.,0.));
#2638=DIRECTION('',(1.,0.,0.));
#2639=DIRECTION('',(-1.,0.,0.));
#2640=DIRECTION('center_axis',(0.,0.,1.));
#2641=DIRECTION('ref_axis',(1.,0.,0.));
#2642=DIRECTION('center_axis',(0.,0.,-1.));
#2643=DIRECTION('ref_axis',(-0.707106781186547,0.707106781186548,0.));
#2644=DIRECTION('center_axis',(0.,0.,1.));
#2645=DIRECTION('ref_axis',(-0.707106781186547,0.707106781186548,0.));
#2646=DIRECTION('center_axis',(0.,0.,1.));
#2647=DIRECTION('ref_axis',(0.,-1.,0.));
#2648=DIRECTION('',(0.,0.,1.));
#2649=DIRECTION('center_axis',(0.,0.,1.));
#2650=DIRECTION('ref_axis',(0.,-1.,0.));
#2651=DIRECTION('',(0.,0.,1.));
#2652=DIRECTION('center_axis',(0.,-1.,0.));
#2653=DIRECTION('ref_axis',(1.,0.,0.));
#2654=DIRECTION('',(0.,0.,1.));
#2655=DIRECTION('',(1.,0.,0.));
#2656=DIRECTION('center_axis',(0.,0.,1.));
#2657=DIRECTION('ref_axis',(-1.,0.,0.));
#2658=DIRECTION('',(0.,0.,1.));
#2659=DIRECTION('center_axis',(0.,0.,1.));
#2660=DIRECTION('ref_axis',(-1.,0.,0.));
#2661=DIRECTION('center_axis',(-1.,0.,0.));
#2662=DIRECTION('ref_axis',(0.,-1.,0.));
#2663=DIRECTION('',(0.,0.,1.));
#2664=DIRECTION('',(0.,-1.,0.));
#2665=DIRECTION('',(0.,0.,-1.));
#2666=DIRECTION('',(0.,1.,0.));
#2667=DIRECTION('',(0.,0.,1.));
#2668=DIRECTION('',(0.,1.,0.));
#2669=DIRECTION('',(0.,0.,1.));
#2670=DIRECTION('',(0.,-1.,0.));
#2671=DIRECTION('center_axis',(0.,0.,1.));
#2672=DIRECTION('ref_axis',(-1.,0.,0.));
#2673=DIRECTION('center_axis',(0.,0.,1.));
#2674=DIRECTION('ref_axis',(-1.,0.,0.));
#2675=DIRECTION('',(-1.,4.05044498614533E-15,0.));
#2676=DIRECTION('center_axis',(0.,0.,1.));
#2677=DIRECTION('ref_axis',(2.96059473233375E-15,1.,0.));
#2678=DIRECTION('',(3.24035598891626E-15,-1.,0.));
#2679=DIRECTION('',(-1.,0.,0.));
#2680=DIRECTION('',(3.24035598891626E-15,1.,0.));
#2681=DIRECTION('center_axis',(0.,0.,1.));
#2682=DIRECTION('ref_axis',(1.,0.,0.));
#2683=DIRECTION('',(-1.,-8.10088997229067E-16,0.));
#2684=DIRECTION('',(0.,1.,0.));
#2685=DIRECTION('',(1.,-2.4302669916872E-15,0.));
#2686=DIRECTION('center_axis',(0.,0.,1.));
#2687=DIRECTION('ref_axis',(0.,-1.,0.));
#2688=DIRECTION('',(-3.24035598891626E-15,1.,0.));
#2689=DIRECTION('',(-3.24035598891626E-15,-1.,0.));
#2690=DIRECTION('center_axis',(0.,0.,1.));
#2691=DIRECTION('ref_axis',(-1.,0.,0.));
#2692=DIRECTION('',(1.,2.4302669916872E-15,0.));
#2693=DIRECTION('',(0.,-1.,0.));
#2694=DIRECTION('center_axis',(0.,0.,1.));
#2695=DIRECTION('ref_axis',(-1.,0.,0.));
#2696=DIRECTION('center_axis',(0.,0.,1.));
#2697=DIRECTION('ref_axis',(1.,0.,0.));
#2698=DIRECTION('center_axis',(0.,0.,1.));
#2699=DIRECTION('ref_axis',(-1.,0.,0.));
#2700=DIRECTION('center_axis',(0.,0.,1.));
#2701=DIRECTION('ref_axis',(1.,0.,0.));
#2702=DIRECTION('center_axis',(0.,0.,1.));
#2703=DIRECTION('ref_axis',(-1.,0.,0.));
#2704=DIRECTION('center_axis',(0.,0.,1.));
#2705=DIRECTION('ref_axis',(1.,0.,0.));
#2706=DIRECTION('center_axis',(0.,0.,1.));
#2707=DIRECTION('ref_axis',(-1.,0.,0.));
#2708=DIRECTION('center_axis',(0.,0.,1.));
#2709=DIRECTION('ref_axis',(1.,0.,0.));
#2710=DIRECTION('center_axis',(-2.4302669916872E-15,-1.,0.));
#2711=DIRECTION('ref_axis',(1.,-2.4302669916872E-15,0.));
#2712=DIRECTION('',(1.,-2.4302669916872E-15,0.));
#2713=DIRECTION('',(0.,0.,1.));
#2714=DIRECTION('',(0.,0.,1.));
#2715=DIRECTION('center_axis',(0.,0.,1.));
#2716=DIRECTION('ref_axis',(1.,0.,0.));
#2717=DIRECTION('',(0.,0.,-1.));
#2718=DIRECTION('center_axis',(0.,0.,-1.));
#2719=DIRECTION('ref_axis',(1.,0.,0.));
#2720=DIRECTION('center_axis',(1.,3.24035598891626E-15,0.));
#2721=DIRECTION('ref_axis',(-3.24035598891626E-15,1.,0.));
#2722=DIRECTION('',(-3.24035598891626E-15,1.,0.));
#2723=DIRECTION('',(0.,0.,1.));
#2724=DIRECTION('center_axis',(0.,0.,1.));
#2725=DIRECTION('ref_axis',(0.,-1.,0.));
#2726=DIRECTION('center_axis',(0.,0.,1.));
#2727=DIRECTION('ref_axis',(0.,-1.,0.));
#2728=DIRECTION('center_axis',(4.05044498614533E-15,1.,0.));
#2729=DIRECTION('ref_axis',(-1.,4.05044498614533E-15,0.));
#2730=DIRECTION('',(-1.,4.05044498614533E-15,0.));
#2731=DIRECTION('',(0.,0.,1.));
#2732=DIRECTION('',(0.,0.,1.));
#2733=DIRECTION('center_axis',(0.,0.,1.));
#2734=DIRECTION('ref_axis',(2.96059473233375E-15,1.,0.));
#2735=DIRECTION('center_axis',(0.,0.,1.));
#2736=DIRECTION('ref_axis',(2.96059473233375E-15,1.,0.));
#2737=DIRECTION('',(0.,0.,1.));
#2738=DIRECTION('center_axis',(0.,0.,1.));
#2739=DIRECTION('ref_axis',(1.,0.,0.));
#2740=DIRECTION('',(0.,0.,-1.));
#2741=DIRECTION('center_axis',(0.,0.,-1.));
#2742=DIRECTION('ref_axis',(1.,0.,0.));
#2743=DIRECTION('center_axis',(-1.,-3.24035598891626E-15,0.));
#2744=DIRECTION('ref_axis',(3.24035598891626E-15,-1.,0.));
#2745=DIRECTION('',(3.24035598891626E-15,-1.,0.));
#2746=DIRECTION('',(0.,0.,-1.));
#2747=DIRECTION('center_axis',(0.,1.,0.));
#2748=DIRECTION('ref_axis',(-1.,0.,0.));
#2749=DIRECTION('',(-1.,0.,0.));
#2750=DIRECTION('',(0.,0.,1.));
#2751=DIRECTION('center_axis',(1.,0.,0.));
#2752=DIRECTION('ref_axis',(0.,1.,0.));
#2753=DIRECTION('',(0.,0.,1.));
#2754=DIRECTION('',(0.,-1.,0.));
#2755=DIRECTION('',(0.,0.,1.));
#2756=DIRECTION('',(0.,1.,0.));
#2757=DIRECTION('center_axis',(-1.,3.24035598891626E-15,0.));
#2758=DIRECTION('ref_axis',(-3.24035598891626E-15,-1.,0.));
#2759=DIRECTION('',(-3.24035598891626E-15,-1.,0.));
#2760=DIRECTION('',(0.,0.,1.));
#2761=DIRECTION('center_axis',(0.,0.,1.));
#2762=DIRECTION('ref_axis',(-1.,0.,0.));
#2763=DIRECTION('center_axis',(0.,0.,1.));
#2764=DIRECTION('ref_axis',(-1.,0.,0.));
#2765=DIRECTION('',(0.,0.,1.));
#2766=DIRECTION('center_axis',(2.4302669916872E-15,-1.,0.));
#2767=DIRECTION('ref_axis',(1.,2.4302669916872E-15,0.));
#2768=DIRECTION('',(1.,2.4302669916872E-15,0.));
#2769=DIRECTION('',(0.,0.,-1.));
#2770=DIRECTION('center_axis',(0.,0.,1.));
#2771=DIRECTION('ref_axis',(1.,0.,0.));
#2772=DIRECTION('',(0.,0.,-1.));
#2773=DIRECTION('center_axis',(0.,0.,-1.));
#2774=DIRECTION('ref_axis',(1.,0.,0.));
#2775=DIRECTION('center_axis',(1.,-3.24035598891626E-15,0.));
#2776=DIRECTION('ref_axis',(3.24035598891626E-15,1.,0.));
#2777=DIRECTION('',(3.24035598891626E-15,1.,0.));
#2778=DIRECTION('',(0.,0.,1.));
#2779=DIRECTION('center_axis',(0.,0.,1.));
#2780=DIRECTION('ref_axis',(1.,0.,0.));
#2781=DIRECTION('center_axis',(0.,0.,1.));
#2782=DIRECTION('ref_axis',(1.,0.,0.));
#2783=DIRECTION('',(0.,0.,1.));
#2784=DIRECTION('center_axis',(-8.10088997229067E-16,1.,0.));
#2785=DIRECTION('ref_axis',(-1.,-8.10088997229067E-16,0.));
#2786=DIRECTION('',(-1.,-8.10088997229067E-16,0.));
#2787=DIRECTION('',(0.,0.,-1.));
#2788=DIRECTION('center_axis',(0.,0.,1.));
#2789=DIRECTION('ref_axis',(1.,0.,0.));
#2790=DIRECTION('',(0.,0.,-1.));
#2791=DIRECTION('center_axis',(0.,0.,-1.));
#2792=DIRECTION('ref_axis',(1.,0.,0.));
#2793=DIRECTION('center_axis',(1.,0.,0.));
#2794=DIRECTION('ref_axis',(0.,1.,0.));
#2795=DIRECTION('',(0.,1.,0.));
#2796=DIRECTION('',(0.,0.,1.));
#2797=DIRECTION('',(0.,1.,0.));
#2798=DIRECTION('',(0.,0.,-1.));
#2799=DIRECTION('',(0.,0.,1.));
#2800=DIRECTION('',(0.,1.,0.));
#2801=DIRECTION('',(0.,0.,-1.));
#2802=DIRECTION('',(0.,1.,0.));
#2803=DIRECTION('center_axis',(0.,0.,1.));
#2804=DIRECTION('ref_axis',(1.,0.,0.));
#2805=DIRECTION('center_axis',(0.,0.,1.));
#2806=DIRECTION('ref_axis',(0.916515138991169,0.399999999999999,0.));
#2807=DIRECTION('center_axis',(0.,0.,1.));
#2808=DIRECTION('ref_axis',(-0.100000000000002,-0.99498743710662,0.));
#2809=DIRECTION('center_axis',(0.,0.,1.));
#2810=DIRECTION('ref_axis',(0.,1.,0.));
#2811=DIRECTION('',(-1.,0.,0.));
#2812=DIRECTION('center_axis',(0.,0.,1.));
#2813=DIRECTION('ref_axis',(1.,0.,0.));
#2814=DIRECTION('',(1.,0.,0.));
#2815=DIRECTION('center_axis',(0.,0.,1.));
#2816=DIRECTION('ref_axis',(-0.916515138991168,0.399999999999999,0.));
#2817=DIRECTION('',(-1.,0.,0.));
#2818=DIRECTION('center_axis',(0.,0.,1.));
#2819=DIRECTION('ref_axis',(1.,0.,0.));
#2820=DIRECTION('',(0.,1.,0.));
#2821=DIRECTION('center_axis',(0.,0.,1.));
#2822=DIRECTION('ref_axis',(0.707106781186537,-0.707106781186558,0.));
#2823=DIRECTION('center_axis',(0.,0.,1.));
#2824=DIRECTION('ref_axis',(1.,0.,0.));
#2825=DIRECTION('center_axis',(0.,0.,1.));
#2826=DIRECTION('ref_axis',(-0.100000000000002,0.99498743710662,0.));
#2827=DIRECTION('',(0.,-1.,0.));
#2828=DIRECTION('',(-1.,2.31296463463575E-16,0.));
#2829=DIRECTION('center_axis',(0.,0.,1.));
#2830=DIRECTION('ref_axis',(0.707106781186541,0.707106781186555,0.));
#2831=DIRECTION('',(0.,1.,0.));
#2832=DIRECTION('center_axis',(0.,0.,-1.));
#2833=DIRECTION('ref_axis',(-0.916515138991168,0.399999999999999,0.));
#2834=DIRECTION('center_axis',(0.707106781186549,0.,-0.707106781186546));
#2835=DIRECTION('ref_axis',(0.707106781186546,0.,0.707106781186549));
#2836=DIRECTION('',(0.,0.,-1.));
#2837=DIRECTION('center_axis',(0.,0.,1.));
#2838=DIRECTION('ref_axis',(0.707106781186541,0.707106781186555,0.));
#2839=DIRECTION('',(0.,0.,1.));
#2840=DIRECTION('center_axis',(0.,-0.707106781186548,-0.707106781186547));
#2841=DIRECTION('ref_axis',(0.,0.707106781186547,-0.707106781186548));
#2842=DIRECTION('',(0.,0.,-1.));
#2843=DIRECTION('center_axis',(-1.,0.,0.));
#2844=DIRECTION('ref_axis',(0.,-1.,0.));
#2845=DIRECTION('',(0.,-1.,0.));
#2846=DIRECTION('',(0.,0.,-1.));
#2847=DIRECTION('',(0.,-1.,0.));
#2848=DIRECTION('',(0.,0.,-1.));
#2849=DIRECTION('center_axis',(3.083952846181E-15,1.,0.));
#2850=DIRECTION('ref_axis',(-1.,3.083952846181E-15,0.));
#2851=DIRECTION('center_axis',(3.083952846181E-15,1.,0.));
#2852=DIRECTION('ref_axis',(-0.100000000000002,0.,-0.99498743710662));
#2853=DIRECTION('center_axis',(0.,0.,-1.));
#2854=DIRECTION('ref_axis',(-0.100000000000002,-0.99498743710662,0.));
#2855=DIRECTION('center_axis',(0.,0.707106781186547,-0.707106781186548));
#2856=DIRECTION('ref_axis',(0.,0.707106781186548,0.707106781186547));
#2857=DIRECTION('center_axis',(0.,0.,1.));
#2858=DIRECTION('ref_axis',(-0.100000000000002,0.99498743710662,0.));
#2859=DIRECTION('center_axis',(1.96261557335472E-16,-0.707106781186547,
-0.707106781186548));
#2860=DIRECTION('ref_axis',(-1.96261557335472E-16,0.707106781186548,-0.707106781186547));
#2861=DIRECTION('center_axis',(0.,1.,0.));
#2862=DIRECTION('ref_axis',(-0.100000000000002,0.,-0.99498743710662));
#2863=DIRECTION('center_axis',(0.,-0.707106781186547,-0.707106781186548));
#2864=DIRECTION('ref_axis',(-1.2266347333467E-17,0.707106781186548,-0.707106781186547));
#2865=DIRECTION('center_axis',(0.,0.,1.));
#2866=DIRECTION('ref_axis',(-0.100000000000002,0.99498743710662,0.));
#2867=DIRECTION('center_axis',(7.85046229341887E-16,-0.707106781186547,
-0.707106781186548));
#2868=DIRECTION('ref_axis',(-7.85046229341887E-16,0.707106781186548,-0.707106781186547));
#2869=DIRECTION('center_axis',(0.,1.,0.));
#2870=DIRECTION('ref_axis',(-0.100000000000002,0.,-0.99498743710662));
#2871=DIRECTION('center_axis',(0.,0.,-1.));
#2872=DIRECTION('ref_axis',(0.707106781186537,-0.707106781186558,0.));
#2873=DIRECTION('',(0.,0.,1.));
#2874=DIRECTION('center_axis',(0.,0.707106781186548,-0.707106781186548));
#2875=DIRECTION('ref_axis',(0.,0.707106781186548,0.707106781186548));
#2876=DIRECTION('',(0.,0.,-1.));
#2877=DIRECTION('center_axis',(0.,0.,1.));
#2878=DIRECTION('ref_axis',(0.707106781186541,0.707106781186554,0.));
#2879=DIRECTION('',(0.,0.,1.));
#2880=DIRECTION('center_axis',(0.,-0.707106781186549,-0.707106781186546));
#2881=DIRECTION('ref_axis',(0.,0.707106781186546,-0.707106781186549));
#2882=DIRECTION('',(0.,0.,-1.));
#2883=DIRECTION('center_axis',(-2.61682076447298E-15,0.707106781186549,
0.707106781186546));
#2884=DIRECTION('ref_axis',(-2.61682076447297E-15,0.707106781186546,-0.707106781186549));
#2885=DIRECTION('center_axis',(0.,1.,0.));
#2886=DIRECTION('ref_axis',(0.70710678118654,0.,-0.707106781186555));
#2887=DIRECTION('',(0.,-1.,0.));
#2888=DIRECTION('',(0.,1.,0.));
#2889=DIRECTION('center_axis',(0.,1.,0.));
#2890=DIRECTION('ref_axis',(0.70710678118654,0.,-0.707106781186555));
#2891=DIRECTION('',(0.,1.,0.));
#2892=DIRECTION('',(0.,-1.,0.));
#2893=DIRECTION('center_axis',(0.,1.,0.));
#2894=DIRECTION('ref_axis',(-1.,0.,0.));
#2895=DIRECTION('',(-1.,0.,0.));
#2896=DIRECTION('center_axis',(0.,0.,1.));
#2897=DIRECTION('ref_axis',(1.,0.,0.));
#2898=DIRECTION('',(1.,0.,0.));
#2899=DIRECTION('center_axis',(0.,-1.,0.));
#2900=DIRECTION('ref_axis',(1.,0.,0.));
#2901=DIRECTION('',(-1.,0.,0.));
#2902=DIRECTION('center_axis',(1.,0.,0.));
#2903=DIRECTION('ref_axis',(0.,1.,0.));
#2904=DIRECTION('',(0.,0.,1.));
#2905=DIRECTION('center_axis',(0.,0.,1.));
#2906=DIRECTION('ref_axis',(0.916515138991169,0.399999999999999,0.));
#2907=DIRECTION('',(0.,0.,1.));
#2908=DIRECTION('center_axis',(-0.707106781186547,-1.04672830578918E-15,
-0.707106781186548));
#2909=DIRECTION('ref_axis',(0.707106781186548,1.04672830578918E-15,-0.707106781186547));
#2910=DIRECTION('center_axis',(1.,0.,0.));
#2911=DIRECTION('ref_axis',(0.,0.399999999999999,-0.916515138991169));
#2912=DIRECTION('',(1.,0.,0.));
#2913=DIRECTION('center_axis',(0.,1.,0.));
#2914=DIRECTION('ref_axis',(-1.,0.,0.));
#2915=DIRECTION('',(0.,0.,1.));
#2916=DIRECTION('',(0.,0.,1.));
#2917=DIRECTION('center_axis',(-2.31296463463575E-16,-1.,0.));
#2918=DIRECTION('ref_axis',(1.,-2.31296463463575E-16,0.));
#2919=DIRECTION('',(1.,-2.31296463463575E-16,0.));
#2920=DIRECTION('center_axis',(0.,0.,1.));
#2921=DIRECTION('ref_axis',(1.,0.,0.));
#2922=DIRECTION('center_axis',(0.,0.,1.));
#2923=DIRECTION('ref_axis',(0.,1.,0.));
#2924=DIRECTION('center_axis',(0.,0.,1.));
#2925=DIRECTION('ref_axis',(1.,0.,0.));
#2926=CARTESIAN_POINT('',(0.,0.,0.));
#2927=CARTESIAN_POINT('Origin',(-50.9256296318948,7.94704889108429,0.));
#2928=CARTESIAN_POINT('',(-51.7512592637896,8.51126136075973,4.86154993486238));
#2929=CARTESIAN_POINT('',(-51.0011227442236,6.9499025678243,4.20448396137065));
#2930=CARTESIAN_POINT('Ctrl Pts',(-51.751259263789,8.51126136076056,4.86154993486154));
#2931=CARTESIAN_POINT('Ctrl Pts',(-51.7903426895754,8.45406936983616,4.91874192578601));
#2932=CARTESIAN_POINT('Ctrl Pts',(-51.8245171733297,8.39122791920106,4.9754450513134));
#2933=CARTESIAN_POINT('Ctrl Pts',(-51.8746398002158,8.26800386245441,5.06646554188678));
#2934=CARTESIAN_POINT('Ctrl Pts',(-51.8927267102198,8.20923040748762,5.10281672195733));
#2935=CARTESIAN_POINT('Ctrl Pts',(-51.9181880481343,8.08455550125899,5.15629121372708));
#2936=CARTESIAN_POINT('Ctrl Pts',(-51.9256296318948,8.01858758981346,5.17322739356353));
#2937=CARTESIAN_POINT('Ctrl Pts',(-51.9256296318948,7.87551019235512,5.17322739356353));
#2938=CARTESIAN_POINT('Ctrl Pts',(-51.9181880481343,7.8095422809096,5.15629121372709));
#2939=CARTESIAN_POINT('Ctrl Pts',(-51.8927267102198,7.68486737468097,5.10281672195733));
#2940=CARTESIAN_POINT('Ctrl Pts',(-51.8746398002158,7.62609391971418,5.06646554188678));
#2941=CARTESIAN_POINT('Ctrl Pts',(-51.8065144603083,7.45861106272601,4.94275291459488));
#2942=CARTESIAN_POINT('Ctrl Pts',(-51.7419351395702,7.35919276965506,4.84196339611315));
#2943=CARTESIAN_POINT('Ctrl Pts',(-51.5853697535844,7.18526364933447,4.64394419293485));
#2944=CARTESIAN_POINT('Ctrl Pts',(-51.4766977624159,7.10077859861826,4.53003973060536));
#2945=CARTESIAN_POINT('Ctrl Pts',(-51.2430614432239,6.99157612296946,4.34321069537613));
#2946=CARTESIAN_POINT('Ctrl Pts',(-51.1239160664593,6.95919914732557,4.26645675255628));
#2947=CARTESIAN_POINT('Ctrl Pts',(-51.0011227442221,6.94990256782419,4.20448396137006));
#2948=CARTESIAN_POINT('',(-51.7512592637896,8.51126136075973,1.6));
#2949=CARTESIAN_POINT('',(-51.7512592637896,8.51126136075973,0.));
#2950=CARTESIAN_POINT('',(-51.0011227442239,6.94990256782433,1.6));
#2951=CARTESIAN_POINT('Origin',(-50.9256296318948,7.94704889108429,1.6));
#2952=CARTESIAN_POINT('',(-51.0011227442239,6.94990256782433,0.));
#2953=CARTESIAN_POINT('Origin',(-50.8501365195657,8.94419521434426,0.));
#2954=CARTESIAN_POINT('',(-50.8501365195657,6.94419521434425,1.6));
#2955=CARTESIAN_POINT('Origin',(-50.8501365195657,8.94419521434426,1.6));
#2956=CARTESIAN_POINT('',(-50.8501365195657,6.94419521434425,4.13598048317161));
#2957=CARTESIAN_POINT('',(-50.8501365195657,6.94419521434425,0.));
#2958=CARTESIAN_POINT('Ctrl Pts',(-51.0011227442235,6.9499025678243,4.20448396137077));
#2959=CARTESIAN_POINT('Ctrl Pts',(-50.9526764871634,6.94623474230979,4.18003352939413));
#2960=CARTESIAN_POINT('Ctrl Pts',(-50.9021518419313,6.94419521434381,4.15702617407061));
#2961=CARTESIAN_POINT('Ctrl Pts',(-50.8501365195485,6.94419521434426,4.13598048316463));
#2962=CARTESIAN_POINT('Origin',(-0.0016568858396715,0.00229284697828014,
1.6));
#2963=CARTESIAN_POINT('',(-50.3,9.37281129562211,1.6));
#2964=CARTESIAN_POINT('Origin',(-50.1,7.38283642140886,1.6));
#2965=CARTESIAN_POINT('',(-50.3,6.94419521434425,1.6));
#2966=CARTESIAN_POINT('',(-50.3,-15.2738535765109,1.6));
#2967=CARTESIAN_POINT('',(-25.1508284429198,6.94419521434417,1.6));
#2968=CARTESIAN_POINT('Origin',(24.9299994009733,33.7,2.99999993294478));
#2969=CARTESIAN_POINT('',(25.312661065558,33.7,2.47457624632838));
#2970=CARTESIAN_POINT('',(25.400967603539,33.55,2.35332462634022));
#2971=CARTESIAN_POINT('Origin',(25.400967603539,33.7,2.35332462634022));
#2972=CARTESIAN_POINT('',(25.5789600444758,33.55,2.53218577840814));
#2973=CARTESIAN_POINT('Origin',(24.9299994009733,33.55,2.99999993294478));
#2974=CARTESIAN_POINT('',(25.5789600444758,33.7,2.96325645481838));
#2975=CARTESIAN_POINT('Ctrl Pts',(25.5789600444758,33.7,2.96325645481838));
#2976=CARTESIAN_POINT('Ctrl Pts',(25.5789600444758,33.6985822757667,2.96325645481838));
#2977=CARTESIAN_POINT('Ctrl Pts',(25.5789600444758,33.6969438478491,2.96279833863117));
#2978=CARTESIAN_POINT('Ctrl Pts',(25.5789600444758,33.6937167603892,2.96119832872311));
#2979=CARTESIAN_POINT('Ctrl Pts',(25.5789600444758,33.6917163633791,2.95950466534744));
#2980=CARTESIAN_POINT('Ctrl Pts',(25.5789600444758,33.6832536970215,2.95092073507481));
#2981=CARTESIAN_POINT('Ctrl Pts',(25.5789600444758,33.6774775292061,2.94058093596133));
#2982=CARTESIAN_POINT('Ctrl Pts',(25.5789600444758,33.652209735597,2.89561955497212));
#2983=CARTESIAN_POINT('Ctrl Pts',(25.5789600444758,33.6317543090798,2.8499445569134));
#2984=CARTESIAN_POINT('Ctrl Pts',(25.5789600444758,33.598571108928,2.76939616769373));
#2985=CARTESIAN_POINT('Ctrl Pts',(25.5789600444758,33.5816904788293,2.72240754210772));
#2986=CARTESIAN_POINT('Ctrl Pts',(25.5789600444758,33.5573223441351,2.62652859689205));
#2987=CARTESIAN_POINT('Ctrl Pts',(25.5789600444758,33.55,2.57759637657271));
#2988=CARTESIAN_POINT('Ctrl Pts',(25.5789600444758,33.55,2.53218577840814));
#2989=CARTESIAN_POINT('Origin',(24.9299994009733,33.7,2.99999993294478));
#2990=CARTESIAN_POINT('Origin',(0.900381905668786,33.7,-15.490246467291));
#2991=CARTESIAN_POINT('',(24.9369840874628,33.55,2.01540932270302));
#2992=CARTESIAN_POINT('',(0.900381905668786,33.55,-15.490246467291));
#2993=CARTESIAN_POINT('',(24.9356744587461,33.7,2.20002006212336));
#2994=CARTESIAN_POINT('',(0.812075367687919,33.7,-15.3689948473025));
#2995=CARTESIAN_POINT('Origin',(24.9369840874628,33.7,2.01540932270302));
#2996=CARTESIAN_POINT('Origin',(1.09160773729779,33.7,18.8693016081187));
#2997=CARTESIAN_POINT('',(24.5548305861058,33.7,2.4692001963675));
#2998=CARTESIAN_POINT('',(1.17818515611366,33.7,18.9917938550211));
#2999=CARTESIAN_POINT('',(24.46825316729,33.55,2.34670794946518));
#3000=CARTESIAN_POINT('Origin',(24.46825316729,33.7,2.34670794946518));
#3001=CARTESIAN_POINT('',(1.09160773729779,33.55,18.8693016081187));
#3002=CARTESIAN_POINT('Origin',(24.9299994009733,33.7,2.99999993294478));
#3003=CARTESIAN_POINT('',(25.5789600444758,33.7,3.03674341107117));
#3004=CARTESIAN_POINT('',(25.5789600444758,33.55,3.46781408748141));
#3005=CARTESIAN_POINT('Ctrl Pts',(25.5789600444758,33.55,3.46781408748141));
#3006=CARTESIAN_POINT('Ctrl Pts',(25.5789600444758,33.55,3.42240348931684));
#3007=CARTESIAN_POINT('Ctrl Pts',(25.5789600444758,33.5573223441351,3.3734712689975));
#3008=CARTESIAN_POINT('Ctrl Pts',(25.5789600444758,33.5816904788293,3.27759232378183));
#3009=CARTESIAN_POINT('Ctrl Pts',(25.5789600444758,33.598571108928,3.23060369819582));
#3010=CARTESIAN_POINT('Ctrl Pts',(25.5789600444758,33.6317543090798,3.15005530897615));
#3011=CARTESIAN_POINT('Ctrl Pts',(25.5789600444758,33.652209735597,3.10438031091743));
#3012=CARTESIAN_POINT('Ctrl Pts',(25.5789600444758,33.6774775292061,3.05941892992822));
#3013=CARTESIAN_POINT('Ctrl Pts',(25.5789600444758,33.6832536970215,3.04907913081475));
#3014=CARTESIAN_POINT('Ctrl Pts',(25.5789600444758,33.6917163633791,3.04049520054212));
#3015=CARTESIAN_POINT('Ctrl Pts',(25.5789600444758,33.6937167603892,3.03880153716645));
#3016=CARTESIAN_POINT('Ctrl Pts',(25.5789600444758,33.6969438478491,3.03720152725838));
#3017=CARTESIAN_POINT('Ctrl Pts',(25.5789600444758,33.6985822757667,3.03674341107117));
#3018=CARTESIAN_POINT('Ctrl Pts',(25.5789600444758,33.7,3.03674341107117));
#3019=CARTESIAN_POINT('Origin',(24.9299994009733,33.55,2.99999993294478));
#3020=CARTESIAN_POINT('Origin',(24.9299994009733,33.7,2.99999993294478));
#3021=CARTESIAN_POINT('Origin',(-47.3,33.55,0.));
#3022=CARTESIAN_POINT('',(25.5789600444758,33.55,15.));
#3023=CARTESIAN_POINT('',(25.5789600444758,33.55,0.));
#3024=CARTESIAN_POINT('',(26.2789600444758,33.55,15.));
#3025=CARTESIAN_POINT('',(-10.6855199777621,33.55,15.));
#3026=CARTESIAN_POINT('',(26.2789600444758,33.55,3.46491686777434));
#3027=CARTESIAN_POINT('',(26.2789600444758,33.55,0.));
#3028=CARTESIAN_POINT('',(27.5789600444758,33.55,3.46781408748141));
#3029=CARTESIAN_POINT('Origin',(26.9299994009733,33.55,2.99999993294478));
#3030=CARTESIAN_POINT('',(27.5789600444758,33.55,15.));
#3031=CARTESIAN_POINT('',(27.5789600444758,33.55,0.));
#3032=CARTESIAN_POINT('',(28.2789600444758,33.55,15.));
#3033=CARTESIAN_POINT('',(-9.68551997776209,33.55,15.));
#3034=CARTESIAN_POINT('',(28.2789600444758,33.55,3.46491686777434));
#3035=CARTESIAN_POINT('',(28.2789600444758,33.55,0.));
#3036=CARTESIAN_POINT('',(29.5789600444758,33.55,3.46781408748142));
#3037=CARTESIAN_POINT('Origin',(28.9299994009733,33.55,2.99999993294478));
#3038=CARTESIAN_POINT('',(29.5789600444758,33.55,15.));
#3039=CARTESIAN_POINT('',(29.5789600444758,33.55,0.));
#3040=CARTESIAN_POINT('',(30.2789600444758,33.55,15.));
#3041=CARTESIAN_POINT('',(-8.68551997776209,33.55,15.));
#3042=CARTESIAN_POINT('',(30.2789600444758,33.55,3.46491686777433));
#3043=CARTESIAN_POINT('',(30.2789600444758,33.55,0.));
#3044=CARTESIAN_POINT('',(31.3963683536278,33.55,2.34999993294478));
#3045=CARTESIAN_POINT('Origin',(30.9299994009733,33.55,2.99999993294478));
#3046=CARTESIAN_POINT('',(30.9299994009733,33.55,2.01538454832939));
#3047=CARTESIAN_POINT('',(4.67441051015846,33.55,-16.8227562091088));
#3048=CARTESIAN_POINT('',(30.4636304483189,33.55,2.34999993294478));
#3049=CARTESIAN_POINT('',(5.35210286272348,33.55,20.3672873477867));
#3050=CARTESIAN_POINT('',(30.2789600444758,33.55,2.53508299811522));
#3051=CARTESIAN_POINT('Origin',(30.9299994009733,33.55,2.99999993294478));
#3052=CARTESIAN_POINT('',(30.2789600444758,33.55,1.6));
#3053=CARTESIAN_POINT('',(30.2789600444758,33.55,0.));
#3054=CARTESIAN_POINT('',(34.9108703510323,33.55,1.6));
#3055=CARTESIAN_POINT('',(-23.6508284429198,33.55,1.6));
#3056=CARTESIAN_POINT('',(34.9108703510323,33.55,4.8));
#3057=CARTESIAN_POINT('',(34.9108703510323,33.55,0.));
#3058=CARTESIAN_POINT('',(40.8365628064666,33.55,4.8));
#3059=CARTESIAN_POINT('',(-4.71314171062526,33.55,4.8));
#3060=CARTESIAN_POINT('',(40.8365628064666,33.55,1.6));
#3061=CARTESIAN_POINT('',(40.8365628064666,33.55,0.8));
#3062=CARTESIAN_POINT('',(41.8180194846606,33.55,1.6));
#3063=CARTESIAN_POINT('',(-23.6508284429198,33.55,1.6));
#3064=CARTESIAN_POINT('',(41.8180194846606,33.55,25.));
#3065=CARTESIAN_POINT('',(41.8180194846606,33.55,0.));
#3066=CARTESIAN_POINT('',(-41.8180194846606,33.55,25.));
#3067=CARTESIAN_POINT('',(-47.3,33.55,25.));
#3068=CARTESIAN_POINT('',(-41.8180194846606,33.55,1.6));
#3069=CARTESIAN_POINT('',(-41.8180194846606,33.55,0.));
#3070=CARTESIAN_POINT('',(25.5789600444758,33.55,1.6));
#3071=CARTESIAN_POINT('',(-23.6508284429198,33.55,1.6));
#3072=CARTESIAN_POINT('',(25.5789600444758,33.55,0.));
#3073=CARTESIAN_POINT('Origin',(26.9299994009733,33.7,2.99999993294478));
#3074=CARTESIAN_POINT('',(27.3090104665763,33.7,2.47193685702436));
#3075=CARTESIAN_POINT('',(27.3964745586385,33.55,2.35007614719657));
#3076=CARTESIAN_POINT('Origin',(27.3964745586385,33.7,2.35007614719657));
#3077=CARTESIAN_POINT('',(27.5789600444758,33.55,2.53218577840814));
#3078=CARTESIAN_POINT('Origin',(26.9299994009733,33.55,2.99999993294478));
#3079=CARTESIAN_POINT('',(27.5789600444758,33.7,2.9632564548183));
#3080=CARTESIAN_POINT('Ctrl Pts',(27.5789600444758,33.7,2.9632564548183));
#3081=CARTESIAN_POINT('Ctrl Pts',(27.5789600444758,33.6985822757667,2.9632564548183));
#3082=CARTESIAN_POINT('Ctrl Pts',(27.5789600444758,33.6969438478491,2.9627983386311));
#3083=CARTESIAN_POINT('Ctrl Pts',(27.5789600444758,33.6937167603892,2.96119832872303));
#3084=CARTESIAN_POINT('Ctrl Pts',(27.5789600444758,33.6917163633791,2.95950466534736));
#3085=CARTESIAN_POINT('Ctrl Pts',(27.5789600444758,33.6832536970215,2.95092073507474));
#3086=CARTESIAN_POINT('Ctrl Pts',(27.5789600444758,33.6774775292061,2.94058093596127));
#3087=CARTESIAN_POINT('Ctrl Pts',(27.5789600444758,33.652209735597,2.89561955497208));
#3088=CARTESIAN_POINT('Ctrl Pts',(27.5789600444758,33.6317543090798,2.84994455691337));
#3089=CARTESIAN_POINT('Ctrl Pts',(27.5789600444758,33.598571108928,2.76939616769371));
#3090=CARTESIAN_POINT('Ctrl Pts',(27.5789600444758,33.5816904788293,2.7224075421077));
#3091=CARTESIAN_POINT('Ctrl Pts',(27.5789600444758,33.5573223441351,2.62652859689204));
#3092=CARTESIAN_POINT('Ctrl Pts',(27.5789600444758,33.55,2.5775963765727));
#3093=CARTESIAN_POINT('Ctrl Pts',(27.5789600444758,33.55,2.53218577840814));
#3094=CARTESIAN_POINT('Origin',(26.9299994009733,33.7,2.99999993294478));
#3095=CARTESIAN_POINT('Origin',(2.00047241819984,33.7,-15.8776058707393));
#3096=CARTESIAN_POINT('',(26.9300470976313,33.55,2.01530331969929));
#3097=CARTESIAN_POINT('',(2.00047241819984,33.55,-15.8776058707393));
#3098=CARTESIAN_POINT('',(26.930038154508,33.7,2.19993393468282));
#3099=CARTESIAN_POINT('',(1.91300832613769,33.7,-15.7557451609115));
#3100=CARTESIAN_POINT('Origin',(26.9300470976313,33.7,2.01530331969929));
#3101=CARTESIAN_POINT('Origin',(2.67474315363972,33.7,19.4207026390049));
#3102=CARTESIAN_POINT('',(26.5510394937053,33.7,2.47190014248525));
#3103=CARTESIAN_POINT('',(2.76219543993246,33.7,19.5425718214185));
#3104=CARTESIAN_POINT('',(26.4635872074128,33.55,2.35003096007188));
#3105=CARTESIAN_POINT('Origin',(26.4635872074128,33.7,2.35003096007188));
#3106=CARTESIAN_POINT('',(2.67474315363972,33.55,19.4207026390049));
#3107=CARTESIAN_POINT('Origin',(26.9299994009733,33.7,2.99999993294478));
#3108=CARTESIAN_POINT('',(26.2789600444758,33.55,2.53508299811521));
#3109=CARTESIAN_POINT('Ctrl Pts',(26.2789600444758,33.55,2.53508299811521));
#3110=CARTESIAN_POINT('Ctrl Pts',(26.2789600444758,33.55,2.60131153248144));
#3111=CARTESIAN_POINT('Ctrl Pts',(26.2789600444758,33.5672577831162,2.67888938977658));
#3112=CARTESIAN_POINT('Ctrl Pts',(26.2789600444758,33.5996353938114,2.77772871500957));
#3113=CARTESIAN_POINT('Ctrl Pts',(26.2789600444758,33.6160570358239,2.81998448456586));
#3114=CARTESIAN_POINT('Ctrl Pts',(26.2789600444758,33.6496842195895,2.90064152994549));
#3115=CARTESIAN_POINT('Ctrl Pts',(26.2789600444758,33.6823725586848,2.95039252362773));
#3116=CARTESIAN_POINT('Ctrl Pts',(26.2789600444758,33.6823725586848,2.99999993294478));
#3117=CARTESIAN_POINT('Ctrl Pts',(26.2789600444758,33.6823725586848,3.04960734226183));
#3118=CARTESIAN_POINT('Ctrl Pts',(26.2789600444758,33.6496842195895,3.09935833594406));
#3119=CARTESIAN_POINT('Ctrl Pts',(26.2789600444758,33.6160570358239,3.18001538132369));
#3120=CARTESIAN_POINT('Ctrl Pts',(26.2789600444758,33.5996353938114,3.22227115087998));
#3121=CARTESIAN_POINT('Ctrl Pts',(26.2789600444758,33.5672577831162,3.32111047611297));
#3122=CARTESIAN_POINT('Ctrl Pts',(26.2789600444758,33.55,3.39868833340811));
#3123=CARTESIAN_POINT('Ctrl Pts',(26.2789600444758,33.55,3.46491686777434));
#3124=CARTESIAN_POINT('Origin',(26.9299994009733,33.55,2.99999993294478));
#3125=CARTESIAN_POINT('',(27.5789600444758,33.7,3.03674341107125));
#3126=CARTESIAN_POINT('Origin',(26.9299994009733,33.7,2.99999993294478));
#3127=CARTESIAN_POINT('Ctrl Pts',(27.5789600444758,33.55,3.46781408748142));
#3128=CARTESIAN_POINT('Ctrl Pts',(27.5789600444758,33.55,3.42240348931685));
#3129=CARTESIAN_POINT('Ctrl Pts',(27.5789600444758,33.5573223441351,3.37347126899751));
#3130=CARTESIAN_POINT('Ctrl Pts',(27.5789600444758,33.5816904788293,3.27759232378185));
#3131=CARTESIAN_POINT('Ctrl Pts',(27.5789600444758,33.598571108928,3.23060369819584));
#3132=CARTESIAN_POINT('Ctrl Pts',(27.5789600444758,33.6317543090798,3.15005530897618));
#3133=CARTESIAN_POINT('Ctrl Pts',(27.5789600444758,33.652209735597,3.10438031091747));
#3134=CARTESIAN_POINT('Ctrl Pts',(27.5789600444758,33.6774775292061,3.05941892992828));
#3135=CARTESIAN_POINT('Ctrl Pts',(27.5789600444758,33.6832536970215,3.04907913081481));
#3136=CARTESIAN_POINT('Ctrl Pts',(27.5789600444758,33.6917163633791,3.04049520054219));
#3137=CARTESIAN_POINT('Ctrl Pts',(27.5789600444758,33.6937167603892,3.03880153716652));
#3138=CARTESIAN_POINT('Ctrl Pts',(27.5789600444758,33.6969438478491,3.03720152725846));
#3139=CARTESIAN_POINT('Ctrl Pts',(27.5789600444758,33.6985822757667,3.03674341107125));
#3140=CARTESIAN_POINT('Ctrl Pts',(27.5789600444758,33.7,3.03674341107125));
#3141=CARTESIAN_POINT('Origin',(26.5510394937055,35.35,2.47190014248555));
#3142=CARTESIAN_POINT('',(26.930038154508,35.35,2.19993393468282));
#3143=CARTESIAN_POINT('',(26.930038154508,35.35,2.19993393468282));
#3144=CARTESIAN_POINT('',(26.5510394937053,35.35,2.47190014248525));
#3145=CARTESIAN_POINT('',(33.9846051078818,35.35,-2.8623631666761));
#3146=CARTESIAN_POINT('',(26.5510394937053,35.35,2.47190014248525));
#3147=CARTESIAN_POINT('Origin',(-47.3,33.55,0.));
#3148=CARTESIAN_POINT('',(26.2789600444758,33.55,1.6));
#3149=CARTESIAN_POINT('',(26.2789600444758,33.55,0.));
#3150=CARTESIAN_POINT('',(27.5789600444758,33.55,1.6));
#3151=CARTESIAN_POINT('',(-23.6508284429198,33.55,1.6));
#3152=CARTESIAN_POINT('',(27.5789600444758,33.55,0.));
#3153=CARTESIAN_POINT('Origin',(26.930038154508,35.35,2.19993393468282));
#3154=CARTESIAN_POINT('',(27.3090104665763,35.35,2.47193685702436));
#3155=CARTESIAN_POINT('',(27.3090104665763,35.35,2.47193685702436));
#3156=CARTESIAN_POINT('',(33.1310768580453,35.35,6.65065657377917));
#3157=CARTESIAN_POINT('Origin',(26.9299994009733,35.35,2.99999993294478));
#3158=CARTESIAN_POINT('',(27.5789600444758,23.65,3.03674341107125));
#3159=CARTESIAN_POINT('',(27.5789600444758,35.35,3.03674341107125));
#3160=CARTESIAN_POINT('Origin',(26.9299994009733,35.35,2.99999993294478));
#3161=CARTESIAN_POINT('',(27.5789600444758,23.65,2.9632564548183));
#3162=CARTESIAN_POINT('',(27.5789600444758,35.35,2.9632564548183));
#3163=CARTESIAN_POINT('Origin',(26.9299994009733,23.65,2.99999993294478));
#3164=CARTESIAN_POINT('Origin',(28.9299994009733,33.7,2.99999993294478));
#3165=CARTESIAN_POINT('',(29.3247645953081,33.7,2.48360818113026));
#3166=CARTESIAN_POINT('',(29.4158642555391,33.55,2.36444085378863));
#3167=CARTESIAN_POINT('Origin',(29.4158642555391,33.7,2.36444085378863));
#3168=CARTESIAN_POINT('',(29.5789600444758,33.55,2.53218577840813));
#3169=CARTESIAN_POINT('Origin',(28.9299994009733,33.55,2.99999993294478));
#3170=CARTESIAN_POINT('',(29.5789600444758,33.7,2.96325645481822));
#3171=CARTESIAN_POINT('Ctrl Pts',(29.5789600444758,33.7,2.96325645481822));
#3172=CARTESIAN_POINT('Ctrl Pts',(29.5789600444758,33.6985822757667,2.96325645481822));
#3173=CARTESIAN_POINT('Ctrl Pts',(29.5789600444758,33.6969438478491,2.96279833863102));
#3174=CARTESIAN_POINT('Ctrl Pts',(29.5789600444758,33.6937167603892,2.96119832872296));
#3175=CARTESIAN_POINT('Ctrl Pts',(29.5789600444758,33.6917163633791,2.95950466534729));
#3176=CARTESIAN_POINT('Ctrl Pts',(29.5789600444758,33.6832536970215,2.95092073507468));
#3177=CARTESIAN_POINT('Ctrl Pts',(29.5789600444758,33.6774775292061,2.94058093596122));
#3178=CARTESIAN_POINT('Ctrl Pts',(29.5789600444758,33.652209735597,2.89561955497204));
#3179=CARTESIAN_POINT('Ctrl Pts',(29.5789600444758,33.6317543090798,2.84994455691334));
#3180=CARTESIAN_POINT('Ctrl Pts',(29.5789600444758,33.598571108928,2.76939616769369));
#3181=CARTESIAN_POINT('Ctrl Pts',(29.5789600444758,33.5816904788293,2.72240754210769));
#3182=CARTESIAN_POINT('Ctrl Pts',(29.5789600444758,33.5573223441351,2.62652859689203));
#3183=CARTESIAN_POINT('Ctrl Pts',(29.5789600444758,33.55,2.5775963765727));
#3184=CARTESIAN_POINT('Ctrl Pts',(29.5789600444758,33.55,2.53218577840813));
#3185=CARTESIAN_POINT('Origin',(28.9299994009733,33.7,2.99999993294478));
#3186=CARTESIAN_POINT('Origin',(4.45062799140662,33.7,-16.7206942413599));
#3187=CARTESIAN_POINT('',(28.9598565292365,33.55,2.01583734093403));
#3188=CARTESIAN_POINT('',(4.45062799140662,33.55,-16.7206942413599));
#3189=CARTESIAN_POINT('',(28.9542583176872,33.7,2.20036782693605));
#3190=CARTESIAN_POINT('',(4.35952833117568,33.7,-16.601526914018));
#3191=CARTESIAN_POINT('Origin',(28.9598565292365,33.7,2.01583734093403));
#3192=CARTESIAN_POINT('Origin',(2.93315453471654,33.7,19.51917217487));
#3193=CARTESIAN_POINT('',(28.5672635576135,33.7,2.46062741979478));
#3194=CARTESIAN_POINT('',(3.01686280626132,33.7,19.6436427548277));
#3195=CARTESIAN_POINT('',(28.4835552860687,33.55,2.33615683983716));
#3196=CARTESIAN_POINT('Origin',(28.4835552860687,33.7,2.33615683983716));
#3197=CARTESIAN_POINT('',(2.93315453471654,33.55,19.51917217487));
#3198=CARTESIAN_POINT('Origin',(28.9299994009733,33.7,2.99999993294478));
#3199=CARTESIAN_POINT('',(28.2789600444758,33.55,2.53508299811521));
#3200=CARTESIAN_POINT('Ctrl Pts',(28.2789600444758,33.55,2.53508299811522));
#3201=CARTESIAN_POINT('Ctrl Pts',(28.2789600444758,33.55,2.60131153248144));
#3202=CARTESIAN_POINT('Ctrl Pts',(28.2789600444758,33.5672577831162,2.67888938977656));
#3203=CARTESIAN_POINT('Ctrl Pts',(28.2789600444758,33.5996353938114,2.77772871500953));
#3204=CARTESIAN_POINT('Ctrl Pts',(28.2789600444758,33.6160570358239,2.81998448456583));
#3205=CARTESIAN_POINT('Ctrl Pts',(28.2789600444758,33.6496842195895,2.90064152994546));
#3206=CARTESIAN_POINT('Ctrl Pts',(28.2789600444758,33.6823725586847,2.95039252362772));
#3207=CARTESIAN_POINT('Ctrl Pts',(28.2789600444758,33.6823725586847,2.99999993294478));
#3208=CARTESIAN_POINT('Ctrl Pts',(28.2789600444758,33.6823725586847,3.04960734226184));
#3209=CARTESIAN_POINT('Ctrl Pts',(28.2789600444758,33.6496842195895,3.09935833594409));
#3210=CARTESIAN_POINT('Ctrl Pts',(28.2789600444758,33.6160570358239,3.18001538132373));
#3211=CARTESIAN_POINT('Ctrl Pts',(28.2789600444758,33.5996353938114,3.22227115088002));
#3212=CARTESIAN_POINT('Ctrl Pts',(28.2789600444758,33.5672577831162,3.32111047611299));
#3213=CARTESIAN_POINT('Ctrl Pts',(28.2789600444758,33.55,3.39868833340812));
#3214=CARTESIAN_POINT('Ctrl Pts',(28.2789600444758,33.55,3.46491686777433));
#3215=CARTESIAN_POINT('Origin',(28.9299994009733,33.55,2.99999993294478));
#3216=CARTESIAN_POINT('',(29.5789600444758,33.7,3.03674341107133));
#3217=CARTESIAN_POINT('Origin',(28.9299994009733,33.7,2.99999993294478));
#3218=CARTESIAN_POINT('Ctrl Pts',(29.5789600444758,33.55,3.46781408748142));
#3219=CARTESIAN_POINT('Ctrl Pts',(29.5789600444758,33.55,3.42240348931686));
#3220=CARTESIAN_POINT('Ctrl Pts',(29.5789600444758,33.5573223441351,3.37347126899752));
#3221=CARTESIAN_POINT('Ctrl Pts',(29.5789600444758,33.5816904788293,3.27759232378187));
#3222=CARTESIAN_POINT('Ctrl Pts',(29.5789600444758,33.598571108928,3.23060369819586));
#3223=CARTESIAN_POINT('Ctrl Pts',(29.5789600444758,33.6317543090798,3.15005530897621));
#3224=CARTESIAN_POINT('Ctrl Pts',(29.5789600444758,33.652209735597,3.10438031091751));
#3225=CARTESIAN_POINT('Ctrl Pts',(29.5789600444758,33.6774775292061,3.05941892992834));
#3226=CARTESIAN_POINT('Ctrl Pts',(29.5789600444758,33.6832536970215,3.04907913081488));
#3227=CARTESIAN_POINT('Ctrl Pts',(29.5789600444758,33.6917163633791,3.04049520054227));
#3228=CARTESIAN_POINT('Ctrl Pts',(29.5789600444758,33.6937167603892,3.0388015371666));
#3229=CARTESIAN_POINT('Ctrl Pts',(29.5789600444758,33.6969438478491,3.03720152725853));
#3230=CARTESIAN_POINT('Ctrl Pts',(29.5789600444758,33.6985822757667,3.03674341107133));
#3231=CARTESIAN_POINT('Ctrl Pts',(29.5789600444758,33.7,3.03674341107133));
#3232=CARTESIAN_POINT('Origin',(-47.3,33.55,0.));
#3233=CARTESIAN_POINT('',(28.2789600444758,33.55,1.6));
#3234=CARTESIAN_POINT('',(28.2789600444758,33.55,0.));
#3235=CARTESIAN_POINT('',(29.5789600444758,33.55,1.6));
#3236=CARTESIAN_POINT('',(-23.6508284429198,33.55,1.6));
#3237=CARTESIAN_POINT('',(29.5789600444758,33.55,0.));
#3238=CARTESIAN_POINT('Origin',(5.35210286272348,33.7,20.3672873477867));
#3239=CARTESIAN_POINT('',(30.9299994009733,33.7,2.19999993294478));
#3240=CARTESIAN_POINT('',(30.5510746269416,33.7,2.47187493294478));
#3241=CARTESIAN_POINT('',(5.43954704134619,33.7,20.4891623477867));
#3242=CARTESIAN_POINT('Origin',(30.4636304483189,33.7,2.34999993294478));
#3243=CARTESIAN_POINT('Origin',(30.9299994009733,33.7,2.01538454832939));
#3244=CARTESIAN_POINT('Origin',(30.9299994009733,33.7,2.99999993294478));
#3245=CARTESIAN_POINT('Ctrl Pts',(30.2789600444758,33.55,2.53508299811522));
#3246=CARTESIAN_POINT('Ctrl Pts',(30.2789600444758,33.55,2.60131153248143));
#3247=CARTESIAN_POINT('Ctrl Pts',(30.2789600444758,33.5672577831162,2.67888938977655));
#3248=CARTESIAN_POINT('Ctrl Pts',(30.2789600444758,33.5996353938114,2.7777287150095));
#3249=CARTESIAN_POINT('Ctrl Pts',(30.2789600444758,33.6160570358238,2.81998448456579));
#3250=CARTESIAN_POINT('Ctrl Pts',(30.2789600444758,33.6496842195895,2.90064152994543));
#3251=CARTESIAN_POINT('Ctrl Pts',(30.2789600444758,33.6823725586847,2.95039252362771));
#3252=CARTESIAN_POINT('Ctrl Pts',(30.2789600444758,33.6823725586847,2.99999993294478));
#3253=CARTESIAN_POINT('Ctrl Pts',(30.2789600444758,33.6823725586847,3.04960734226185));
#3254=CARTESIAN_POINT('Ctrl Pts',(30.2789600444758,33.6496842195895,3.09935833594412));
#3255=CARTESIAN_POINT('Ctrl Pts',(30.2789600444758,33.6160570358238,3.18001538132376));
#3256=CARTESIAN_POINT('Ctrl Pts',(30.2789600444758,33.5996353938114,3.22227115088005));
#3257=CARTESIAN_POINT('Ctrl Pts',(30.2789600444758,33.5672577831162,3.32111047611301));
#3258=CARTESIAN_POINT('Ctrl Pts',(30.2789600444758,33.55,3.39868833340812));
#3259=CARTESIAN_POINT('Ctrl Pts',(30.2789600444758,33.55,3.46491686777433));
#3260=CARTESIAN_POINT('',(31.3089241750051,33.7,2.47187493294478));
#3261=CARTESIAN_POINT('Origin',(30.9299994009733,33.7,2.99999993294478));
#3262=CARTESIAN_POINT('Origin',(31.3963683536278,33.7,2.34999993294478));
#3263=CARTESIAN_POINT('Origin',(4.67441051015846,33.7,-16.8227562091088));
#3264=CARTESIAN_POINT('',(4.58696633153575,33.7,-16.7008812091088));
#3265=CARTESIAN_POINT('Origin',(30.9299994009733,35.35,2.99999993294478));
#3266=CARTESIAN_POINT('',(30.5510746269416,35.35,2.47187493294478));
#3267=CARTESIAN_POINT('',(30.5510746269416,35.35,2.47187493294478));
#3268=CARTESIAN_POINT('',(31.3089241750051,35.35,2.47187493294478));
#3269=CARTESIAN_POINT('Origin',(30.9299994009733,35.35,2.99999993294478));
#3270=CARTESIAN_POINT('',(31.3089241750051,35.35,2.47187493294478));
#3271=CARTESIAN_POINT('Origin',(30.5510746269416,35.35,2.47187493294478));
#3272=CARTESIAN_POINT('',(30.9299994009733,35.35,2.19999993294478));
#3273=CARTESIAN_POINT('',(30.9299994009733,35.35,2.19999993294478));
#3274=CARTESIAN_POINT('',(36.6649376663461,35.35,-1.91476491683952));
#3275=CARTESIAN_POINT('Origin',(28.5672635576135,35.35,2.46062741979478));
#3276=CARTESIAN_POINT('',(28.9542583176872,35.35,2.20036782693605));
#3277=CARTESIAN_POINT('',(28.9542583176872,35.35,2.20036782693605));
#3278=CARTESIAN_POINT('',(28.5672635576135,35.35,2.46062741979478));
#3279=CARTESIAN_POINT('',(35.5864346065637,35.35,-2.25986698446413));
#3280=CARTESIAN_POINT('',(28.5672635576135,35.35,2.46062741979478));
#3281=CARTESIAN_POINT('Origin',(28.9542583176872,35.35,2.20036782693605));
#3282=CARTESIAN_POINT('',(29.3247645953081,35.35,2.48360818113026));
#3283=CARTESIAN_POINT('',(29.3247645953081,35.35,2.48360818113026));
#3284=CARTESIAN_POINT('',(34.2128747820508,35.35,6.22041412548199));
#3285=CARTESIAN_POINT('Origin',(28.9299994009733,35.35,2.99999993294478));
#3286=CARTESIAN_POINT('',(29.5789600444758,23.65,2.96325645481822));
#3287=CARTESIAN_POINT('',(29.5789600444758,35.35,2.96325645481822));
#3288=CARTESIAN_POINT('',(29.5789600444758,23.65,3.03674341107133));
#3289=CARTESIAN_POINT('Origin',(28.9299994009733,23.65,2.99999993294478));
#3290=CARTESIAN_POINT('',(29.5789600444758,35.35,3.03674341107133));
#3291=CARTESIAN_POINT('Origin',(28.9299994009733,35.35,2.99999993294478));
#3292=CARTESIAN_POINT('Origin',(30.9299994009733,35.35,2.19999993294478));
#3293=CARTESIAN_POINT('',(35.8123569565359,35.35,5.70304605551737));
#3294=CARTESIAN_POINT('Origin',(24.9356744587461,35.35,2.20002006212336));
#3295=CARTESIAN_POINT('',(25.312661065558,35.35,2.47457624632838));
#3296=CARTESIAN_POINT('',(25.312661065558,35.35,2.47457624632838));
#3297=CARTESIAN_POINT('',(24.9356744587461,35.35,2.20002006212336));
#3298=CARTESIAN_POINT('',(31.718852614226,35.35,7.14015182675261));
#3299=CARTESIAN_POINT('',(24.9356744587461,35.35,2.20002006212336));
#3300=CARTESIAN_POINT('Origin',(24.5548305861058,35.35,2.4692001963675));
#3301=CARTESIAN_POINT('',(24.5548305861058,35.35,2.4692001963675));
#3302=CARTESIAN_POINT('',(32.7206643148181,35.35,-3.30240433036826));
#3303=CARTESIAN_POINT('',(24.5548305861058,35.35,2.4692001963675));
#3304=CARTESIAN_POINT('Origin',(24.9299994009733,35.35,2.99999993294478));
#3305=CARTESIAN_POINT('',(25.5789600444758,23.65,2.96325645481838));
#3306=CARTESIAN_POINT('',(25.5789600444758,35.35,2.96325645481838));
#3307=CARTESIAN_POINT('',(25.5789600444758,23.65,3.03674341107117));
#3308=CARTESIAN_POINT('Origin',(24.9299994009733,23.65,2.99999993294478));
#3309=CARTESIAN_POINT('',(25.5789600444758,35.35,3.03674341107117));
#3310=CARTESIAN_POINT('Origin',(24.9299994009733,35.35,2.99999993294478));
#3311=CARTESIAN_POINT('Origin',(29.5789600444758,33.55,0.));
#3312=CARTESIAN_POINT('',(29.5789600444758,23.65,5.));
#3313=CARTESIAN_POINT('',(29.5789600444758,23.65,0.));
#3314=CARTESIAN_POINT('',(29.5789600444758,27.3251893843745,8.71231250946922));
#3315=CARTESIAN_POINT('Origin',(27.5789600444758,33.55,0.));
#3316=CARTESIAN_POINT('',(27.5789600444758,23.65,5.));
#3317=CARTESIAN_POINT('',(27.5789600444758,23.65,0.));
#3318=CARTESIAN_POINT('',(27.5789600444758,27.3251893843745,8.71231250946922));
#3319=CARTESIAN_POINT('Origin',(25.5789600444758,33.55,0.));
#3320=CARTESIAN_POINT('',(25.5789600444758,23.65,5.));
#3321=CARTESIAN_POINT('',(25.5789600444758,23.65,0.));
#3322=CARTESIAN_POINT('',(25.5789600444758,27.3251893843745,8.71231250946922));
#3323=CARTESIAN_POINT('Origin',(29.7539600444758,28.6,10.));
#3324=CARTESIAN_POINT('',(30.2789600444758,23.65,5.));
#3325=CARTESIAN_POINT('',(30.2789600444758,24.8750631281248,6.23743750315641));
#3326=CARTESIAN_POINT('',(29.7539600444758,23.65,5.));
#3327=CARTESIAN_POINT('Origin',(29.5789600444758,23.65,0.));
#3328=CARTESIAN_POINT('',(29.5789600444758,23.65,1.6));
#3329=CARTESIAN_POINT('',(29.5789600444758,23.65,0.));
#3330=CARTESIAN_POINT('',(30.2789600444758,23.65,1.6));
#3331=CARTESIAN_POINT('',(29.7539600444758,23.65,1.6));
#3332=CARTESIAN_POINT('',(30.2789600444758,23.65,0.));
#3333=CARTESIAN_POINT('Origin',(29.5789600444758,33.55,0.));
#3334=CARTESIAN_POINT('',(29.5789600444758,31.075,1.6));
#3335=CARTESIAN_POINT('Origin',(27.7539600444758,28.6,10.));
#3336=CARTESIAN_POINT('',(28.2789600444758,23.65,5.));
#3337=CARTESIAN_POINT('',(28.2789600444758,24.8750631281248,6.23743750315641));
#3338=CARTESIAN_POINT('',(27.7539600444758,23.65,5.));
#3339=CARTESIAN_POINT('Origin',(27.5789600444758,23.65,0.));
#3340=CARTESIAN_POINT('',(27.5789600444758,23.65,1.6));
#3341=CARTESIAN_POINT('',(27.5789600444758,23.65,0.));
#3342=CARTESIAN_POINT('',(28.2789600444758,23.65,1.6));
#3343=CARTESIAN_POINT('',(27.7539600444758,23.65,1.6));
#3344=CARTESIAN_POINT('',(28.2789600444758,23.65,0.));
#3345=CARTESIAN_POINT('Origin',(27.5789600444758,33.55,0.));
#3346=CARTESIAN_POINT('',(27.5789600444758,31.075,1.6));
#3347=CARTESIAN_POINT('Origin',(25.7539600444758,28.6,10.));
#3348=CARTESIAN_POINT('',(26.2789600444758,23.65,5.));
#3349=CARTESIAN_POINT('',(26.2789600444758,24.8750631281248,6.23743750315641));
#3350=CARTESIAN_POINT('',(25.7539600444758,23.65,5.));
#3351=CARTESIAN_POINT('Origin',(26.2789600444758,23.65,0.));
#3352=CARTESIAN_POINT('',(26.2789600444758,23.65,1.6));
#3353=CARTESIAN_POINT('',(26.2789600444758,23.65,0.));
#3354=CARTESIAN_POINT('',(26.2789600444758,26.125,1.6));
#3355=CARTESIAN_POINT('Origin',(25.5789600444758,33.55,0.));
#3356=CARTESIAN_POINT('',(25.5789600444758,23.65,1.6));
#3357=CARTESIAN_POINT('',(25.5789600444758,31.075,1.6));
#3358=CARTESIAN_POINT('',(25.5789600444758,23.65,0.));
#3359=CARTESIAN_POINT('Origin',(25.5789600444758,23.65,0.));
#3360=CARTESIAN_POINT('',(25.7539600444758,23.65,1.6));
#3361=CARTESIAN_POINT('Origin',(30.2789600444758,23.65,0.));
#3362=CARTESIAN_POINT('',(30.2789600444758,26.125,1.6));
#3363=CARTESIAN_POINT('Origin',(28.2789600444758,23.65,0.));
#3364=CARTESIAN_POINT('',(28.2789600444758,26.125,1.6));
#3365=CARTESIAN_POINT('Origin',(-50.6,15.275,25.));
#3366=CARTESIAN_POINT('',(-50.6,30.55,26.5));
#3367=CARTESIAN_POINT('',(-52.1,30.55,25.));
#3368=CARTESIAN_POINT('Origin',(-50.6,30.55,25.));
#3369=CARTESIAN_POINT('',(-52.1,-30.55,25.));
#3370=CARTESIAN_POINT('',(-52.1,15.275,25.));
#3371=CARTESIAN_POINT('',(-50.6,-30.55,26.5));
#3372=CARTESIAN_POINT('Origin',(-50.6,-30.55,25.));
#3373=CARTESIAN_POINT('',(-50.6,15.275,26.5));
#3374=CARTESIAN_POINT('Origin',(-47.3,-30.55,25.));
#3375=CARTESIAN_POINT('',(-47.3,-35.35,25.));
#3376=CARTESIAN_POINT('',(-47.3,-33.85,26.5));
#3377=CARTESIAN_POINT('Origin',(-47.3,-33.85,25.));
#3378=CARTESIAN_POINT('Origin',(-47.3,-30.55,26.5));
#3379=CARTESIAN_POINT('Origin',(-47.3,-30.55,25.));
#3380=CARTESIAN_POINT('Origin',(-23.65,-33.85,25.));
#3381=CARTESIAN_POINT('',(47.3,-35.35,25.));
#3382=CARTESIAN_POINT('',(47.3,-33.85,26.5));
#3383=CARTESIAN_POINT('Origin',(47.3,-33.85,25.));
#3384=CARTESIAN_POINT('',(-23.65,-33.85,26.5));
#3385=CARTESIAN_POINT('',(-23.65,-35.35,25.));
#3386=CARTESIAN_POINT('Origin',(47.3,-30.55,25.));
#3387=CARTESIAN_POINT('',(52.1,-30.55,25.));
#3388=CARTESIAN_POINT('',(50.6,-30.55,26.5));
#3389=CARTESIAN_POINT('Origin',(50.6,-30.55,25.));
#3390=CARTESIAN_POINT('Origin',(47.3,-30.55,26.5));
#3391=CARTESIAN_POINT('Origin',(47.3,-30.55,25.));
#3392=CARTESIAN_POINT('Origin',(50.6,-15.275,25.));
#3393=CARTESIAN_POINT('',(52.1,30.55,25.));
#3394=CARTESIAN_POINT('',(50.6,30.55,26.5));
#3395=CARTESIAN_POINT('Origin',(50.6,30.55,25.));
#3396=CARTESIAN_POINT('',(50.6,-15.275,26.5));
#3397=CARTESIAN_POINT('',(52.1,-15.275,25.));
#3398=CARTESIAN_POINT('Origin',(47.3,30.55,25.));
#3399=CARTESIAN_POINT('',(47.3,35.35,25.));
#3400=CARTESIAN_POINT('',(47.3,33.85,26.5));
#3401=CARTESIAN_POINT('Origin',(47.3,33.85,25.));
#3402=CARTESIAN_POINT('Origin',(47.3,30.55,26.5));
#3403=CARTESIAN_POINT('Origin',(47.3,30.55,25.));
#3404=CARTESIAN_POINT('Origin',(23.65,33.85,25.));
#3405=CARTESIAN_POINT('',(-47.3,35.35,25.));
#3406=CARTESIAN_POINT('',(-47.3,33.85,26.5));
#3407=CARTESIAN_POINT('Origin',(-47.3,33.85,25.));
#3408=CARTESIAN_POINT('',(23.65,33.85,26.5));
#3409=CARTESIAN_POINT('',(23.65,35.35,25.));
#3410=CARTESIAN_POINT('Origin',(-47.3,30.55,25.));
#3411=CARTESIAN_POINT('Origin',(-47.3,30.55,26.5));
#3412=CARTESIAN_POINT('Origin',(-47.3,30.55,25.));
#3413=CARTESIAN_POINT('Origin',(47.3,-30.55,0.));
#3414=CARTESIAN_POINT('',(47.3,-35.35,1.6));
#3415=CARTESIAN_POINT('',(47.3,-35.35,0.));
#3416=CARTESIAN_POINT('',(52.1,-30.55,1.6));
#3417=CARTESIAN_POINT('Origin',(47.3,-30.55,1.6));
#3418=CARTESIAN_POINT('',(52.1,-30.55,0.));
#3419=CARTESIAN_POINT('Origin',(-47.3,-35.35,0.));
#3420=CARTESIAN_POINT('',(-47.3,-35.35,1.6));
#3421=CARTESIAN_POINT('',(-47.3,-35.35,0.));
#3422=CARTESIAN_POINT('',(-23.6508284429198,-35.35,1.6));
#3423=CARTESIAN_POINT('Origin',(-47.3,-30.55,0.));
#3424=CARTESIAN_POINT('',(-52.1,-30.55,1.6));
#3425=CARTESIAN_POINT('',(-52.1,-30.55,0.));
#3426=CARTESIAN_POINT('Origin',(-47.3,-30.55,1.6));
#3427=CARTESIAN_POINT('Origin',(-52.1,30.55,0.));
#3428=CARTESIAN_POINT('',(-52.1,30.55,1.6));
#3429=CARTESIAN_POINT('',(-52.1,30.55,0.));
#3430=CARTESIAN_POINT('',(-52.1,26.1588535022161,1.6));
#3431=CARTESIAN_POINT('',(-52.1,15.2761464234891,1.6));
#3432=CARTESIAN_POINT('',(-52.1,26.1588535022161,7.08997487421324));
#3433=CARTESIAN_POINT('',(-52.1,26.1588535022161,0.));
#3434=CARTESIAN_POINT('',(-52.1,7.38283642140886,7.08997487421324));
#3435=CARTESIAN_POINT('',(-52.1,-6.88957751909375,7.08997487421324));
#3436=CARTESIAN_POINT('',(-52.1,7.38283642140886,5.98997487421324));
#3437=CARTESIAN_POINT('',(-52.1,7.38283642140886,0.));
#3438=CARTESIAN_POINT('',(-52.1,-1.56238441573022,5.98997487421324));
#3439=CARTESIAN_POINT('',(-52.1,-13.4320535817932,5.98997487421324));
#3440=CARTESIAN_POINT('',(-52.1,-1.56238441573022,1.6));
#3441=CARTESIAN_POINT('',(-52.1,-1.56238441573022,0.));
#3442=CARTESIAN_POINT('',(-52.1,15.2761464234891,1.6));
#3443=CARTESIAN_POINT('Origin',(0.,0.,26.5));
#3444=CARTESIAN_POINT('Origin',(0.,0.,25.));
#3445=CARTESIAN_POINT('',(50.3,-25.0680194846606,25.));
#3446=CARTESIAN_POINT('',(44.8180194846605,-25.0680194846605,25.));
#3447=CARTESIAN_POINT('',(44.8180194846605,-25.0680194846605,25.));
#3448=CARTESIAN_POINT('',(41.8180194846605,-28.0680194846605,25.));
#3449=CARTESIAN_POINT('Origin',(44.8180194846605,-28.0680194846605,25.));
#3450=CARTESIAN_POINT('',(41.8180194846605,-33.55,25.));
#3451=CARTESIAN_POINT('',(41.8180194846605,-28.0680194846605,25.));
#3452=CARTESIAN_POINT('',(-41.8180194846606,-33.55,25.));
#3453=CARTESIAN_POINT('',(47.3,-33.55,25.));
#3454=CARTESIAN_POINT('',(-41.8180194846606,-28.0680194846605,25.));
#3455=CARTESIAN_POINT('',(-41.8180194846606,-28.0680194846605,25.));
#3456=CARTESIAN_POINT('',(-44.8180194846606,-25.0680194846605,25.));
#3457=CARTESIAN_POINT('Origin',(-44.8180194846606,-28.0680194846605,25.));
#3458=CARTESIAN_POINT('',(-50.3,-25.0680194846605,25.));
#3459=CARTESIAN_POINT('',(-44.8180194846606,-25.0680194846605,25.));
#3460=CARTESIAN_POINT('',(-50.3,25.0680194846605,25.));
#3461=CARTESIAN_POINT('',(-50.3,-30.55,25.));
#3462=CARTESIAN_POINT('',(-44.8180194846605,25.0680194846605,25.));
#3463=CARTESIAN_POINT('',(-44.8180194846605,25.0680194846605,25.));
#3464=CARTESIAN_POINT('',(-41.8180194846605,28.0680194846605,25.));
#3465=CARTESIAN_POINT('Origin',(-44.8180194846605,28.0680194846605,25.));
#3466=CARTESIAN_POINT('',(-41.8180194846605,28.0680194846605,25.));
#3467=CARTESIAN_POINT('',(41.8180194846605,28.0680194846605,25.));
#3468=CARTESIAN_POINT('',(41.8180194846605,28.0680194846605,25.));
#3469=CARTESIAN_POINT('',(44.8180194846605,25.0680194846605,25.));
#3470=CARTESIAN_POINT('Origin',(44.8180194846605,28.0680194846605,25.));
#3471=CARTESIAN_POINT('',(50.3,25.0680194846605,25.));
#3472=CARTESIAN_POINT('',(44.8180194846605,25.0680194846605,25.));
#3473=CARTESIAN_POINT('',(50.3,30.55,25.));
#3474=CARTESIAN_POINT('Origin',(-45.,-28.25,5.8));
#3475=CARTESIAN_POINT('',(-47.,-28.25,5.8));
#3476=CARTESIAN_POINT('Origin',(-45.,-28.25,5.8));
#3477=CARTESIAN_POINT('Origin',(45.,-28.25,5.8));
#3478=CARTESIAN_POINT('',(43.,-28.25,5.8));
#3479=CARTESIAN_POINT('Origin',(45.,-28.25,5.8));
#3480=CARTESIAN_POINT('Origin',(-45.,28.25,5.8));
#3481=CARTESIAN_POINT('',(-47.,28.25,5.8));
#3482=CARTESIAN_POINT('Origin',(-45.,28.25,5.8));
#3483=CARTESIAN_POINT('Origin',(45.,28.25,5.8));
#3484=CARTESIAN_POINT('',(43.,28.25,5.8));
#3485=CARTESIAN_POINT('Origin',(45.,28.25,5.8));
#3486=CARTESIAN_POINT('Origin',(-50.3,25.0680194846605,0.));
#3487=CARTESIAN_POINT('',(-50.3,25.0680194846605,1.6));
#3488=CARTESIAN_POINT('',(-44.8180194846605,25.0680194846605,1.6));
#3489=CARTESIAN_POINT('',(-48.1795048711652,25.0680194846605,1.6));
#3490=CARTESIAN_POINT('',(-44.8180194846605,25.0680194846605,0.));
#3491=CARTESIAN_POINT('',(-50.3,25.0680194846605,0.));
#3492=CARTESIAN_POINT('Origin',(-45.,28.25,0.));
#3493=CARTESIAN_POINT('',(-47.,28.25,1.6));
#3494=CARTESIAN_POINT('',(-47.,28.25,0.));
#3495=CARTESIAN_POINT('Origin',(-45.,28.25,1.6));
#3496=CARTESIAN_POINT('Origin',(-41.8180194846605,28.0680194846605,0.));
#3497=CARTESIAN_POINT('',(-41.8180194846605,28.0680194846605,1.6));
#3498=CARTESIAN_POINT('',(-41.8180194846605,28.6885146134954,1.6));
#3499=CARTESIAN_POINT('',(-41.8180194846605,28.0680194846605,0.));
#3500=CARTESIAN_POINT('Origin',(-44.8180194846605,28.0680194846605,0.));
#3501=CARTESIAN_POINT('Origin',(-44.8180194846605,28.0680194846605,1.6));
#3502=CARTESIAN_POINT('Origin',(50.3,-25.0680194846606,0.));
#3503=CARTESIAN_POINT('',(50.3,-25.0680194846606,1.6));
#3504=CARTESIAN_POINT('',(44.8180194846605,-25.0680194846605,1.6));
#3505=CARTESIAN_POINT('',(48.1795048711651,-25.0680194846606,1.6));
#3506=CARTESIAN_POINT('',(44.8180194846605,-25.0680194846605,0.));
#3507=CARTESIAN_POINT('',(50.3,-25.0680194846606,0.));
#3508=CARTESIAN_POINT('Origin',(44.8180194846605,-28.0680194846605,0.));
#3509=CARTESIAN_POINT('',(41.8180194846605,-28.0680194846605,1.6));
#3510=CARTESIAN_POINT('Origin',(44.8180194846605,-28.0680194846605,1.6));
#3511=CARTESIAN_POINT('',(41.8180194846605,-28.0680194846605,0.));
#3512=CARTESIAN_POINT('Origin',(45.,-28.25,0.));
#3513=CARTESIAN_POINT('',(43.,-28.25,1.6));
#3514=CARTESIAN_POINT('',(43.,-28.25,0.));
#3515=CARTESIAN_POINT('Origin',(45.,-28.25,1.6));
#3516=CARTESIAN_POINT('Origin',(41.8180194846605,-28.0680194846605,0.));
#3517=CARTESIAN_POINT('',(41.8180194846605,-33.55,1.6));
#3518=CARTESIAN_POINT('',(41.8180194846605,-28.6885146134954,1.6));
#3519=CARTESIAN_POINT('',(41.8180194846605,-33.55,0.));
#3520=CARTESIAN_POINT('Origin',(47.3,-33.55,0.));
#3521=CARTESIAN_POINT('',(-41.8180194846606,-33.55,1.6));
#3522=CARTESIAN_POINT('',(23.6491715570802,-33.55,1.6));
#3523=CARTESIAN_POINT('',(-41.8180194846606,-33.55,0.));
#3524=CARTESIAN_POINT('Origin',(50.3,25.0680194846605,0.));
#3525=CARTESIAN_POINT('',(50.3,25.1437437727888,1.6));
#3526=CARTESIAN_POINT('',(50.3,25.1437437727888,8.5));
#3527=CARTESIAN_POINT('',(50.3,25.1437437727888,0.));
#3528=CARTESIAN_POINT('',(50.3,25.0680194846605,8.5));
#3529=CARTESIAN_POINT('',(50.3,24.0878418913633,8.5));
#3530=CARTESIAN_POINT('',(50.3,25.0680194846605,1.6));
#3531=CARTESIAN_POINT('',(50.3,25.0680194846605,0.));
#3532=CARTESIAN_POINT('',(50.3,27.1885146134954,1.6));
#3533=CARTESIAN_POINT('Origin',(41.8180194846606,33.55,0.));
#3534=CARTESIAN_POINT('',(41.8180194846605,28.0680194846605,1.6));
#3535=CARTESIAN_POINT('',(41.8180194846606,31.4295048711651,1.6));
#3536=CARTESIAN_POINT('',(41.8180194846605,28.0680194846605,0.));
#3537=CARTESIAN_POINT('Origin',(44.8180194846605,28.0680194846605,0.));
#3538=CARTESIAN_POINT('',(44.8180194846605,25.0680194846605,1.6));
#3539=CARTESIAN_POINT('Origin',(44.8180194846605,28.0680194846605,1.6));
#3540=CARTESIAN_POINT('',(44.8180194846605,25.0680194846605,0.));
#3541=CARTESIAN_POINT('Origin',(44.8180194846605,25.0680194846605,0.));
#3542=CARTESIAN_POINT('',(45.4385146134954,25.0680194846605,1.6));
#3543=CARTESIAN_POINT('',(50.3,25.0680194846605,0.));
#3544=CARTESIAN_POINT('Origin',(45.,28.25,0.));
#3545=CARTESIAN_POINT('',(43.,28.25,1.6));
#3546=CARTESIAN_POINT('',(43.,28.25,0.));
#3547=CARTESIAN_POINT('Origin',(45.,28.25,1.6));
#3548=CARTESIAN_POINT('Origin',(-41.8180194846606,-33.55,0.));
#3549=CARTESIAN_POINT('',(-41.8180194846606,-28.0680194846605,1.6));
#3550=CARTESIAN_POINT('',(-41.8180194846606,-31.4295048711651,1.6));
#3551=CARTESIAN_POINT('',(-41.8180194846606,-28.0680194846605,0.));
#3552=CARTESIAN_POINT('Origin',(-44.8180194846606,-28.0680194846605,0.));
#3553=CARTESIAN_POINT('',(-44.8180194846606,-25.0680194846605,1.6));
#3554=CARTESIAN_POINT('Origin',(-44.8180194846606,-28.0680194846605,1.6));
#3555=CARTESIAN_POINT('',(-44.8180194846606,-25.0680194846605,0.));
#3556=CARTESIAN_POINT('Origin',(-44.8180194846606,-25.0680194846605,0.));
#3557=CARTESIAN_POINT('',(-50.3,-25.0680194846605,1.6));
#3558=CARTESIAN_POINT('',(-45.4385146134954,-25.0680194846605,1.6));
#3559=CARTESIAN_POINT('',(-50.3,-25.0680194846605,0.));
#3560=CARTESIAN_POINT('Origin',(-45.,-28.25,0.));
#3561=CARTESIAN_POINT('',(-47.,-28.25,1.6));
#3562=CARTESIAN_POINT('',(-47.,-28.25,0.));
#3563=CARTESIAN_POINT('Origin',(-45.,-28.25,1.6));
#3564=CARTESIAN_POINT('Origin',(-50.3,-30.55,0.));
#3565=CARTESIAN_POINT('',(-50.3,0.427590458483019,1.6));
#3566=CARTESIAN_POINT('',(-50.3,-15.2738535765109,1.6));
#3567=CARTESIAN_POINT('',(-50.3,0.427590458483019,4.));
#3568=CARTESIAN_POINT('',(-50.3,0.427590458483018,0.));
#3569=CARTESIAN_POINT('',(-50.3,6.94419521434425,4.));
#3570=CARTESIAN_POINT('',(-50.3,-13.4320535817932,4.));
#3571=CARTESIAN_POINT('',(-50.3,6.94419521434425,0.));
#3572=CARTESIAN_POINT('',(-50.3,9.37281129562211,5.1));
#3573=CARTESIAN_POINT('',(-50.3,9.3728112956221,0.));
#3574=CARTESIAN_POINT('',(-50.3,24.1688786280029,5.1));
#3575=CARTESIAN_POINT('',(-50.3,-6.88957751909375,5.1));
#3576=CARTESIAN_POINT('',(-50.3,24.1688786280029,1.6));
#3577=CARTESIAN_POINT('',(-50.3,24.1688786280029,0.));
#3578=CARTESIAN_POINT('',(-50.3,-15.2738535765109,1.6));
#3579=CARTESIAN_POINT('Origin',(-0.0016568858396715,0.00229284697828014,
1.6));
#3580=CARTESIAN_POINT('',(32.1613249340588,35.35,1.6));
#3581=CARTESIAN_POINT('Origin',(32.1613249340588,32.35,1.6));
#3582=CARTESIAN_POINT('Origin',(-50.1,26.1588535022161,1.6));
#3583=CARTESIAN_POINT('',(-47.3,35.35,1.6));
#3584=CARTESIAN_POINT('Origin',(-47.3,30.55,1.6));
#3585=CARTESIAN_POINT('',(23.6491715570802,35.35,1.6));
#3586=CARTESIAN_POINT('Origin',(-0.0016568858396715,0.00229284697828014,
1.6));
#3587=CARTESIAN_POINT('',(51.5,25.1437437727888,1.6));
#3588=CARTESIAN_POINT('',(51.65,25.1437437727888,1.6));
#3589=CARTESIAN_POINT('',(43.5861082234401,35.35,1.6));
#3590=CARTESIAN_POINT('Origin',(43.5861082234401,32.35,1.6));
#3591=CARTESIAN_POINT('',(47.3,35.35,1.6));
#3592=CARTESIAN_POINT('',(23.6491715570802,35.35,1.6));
#3593=CARTESIAN_POINT('',(52.1,30.55,1.6));
#3594=CARTESIAN_POINT('Origin',(47.3,30.55,1.6));
#3595=CARTESIAN_POINT('',(52.1,25.7437437727888,1.6));
#3596=CARTESIAN_POINT('',(52.1,-15.2738535765109,1.6));
#3597=CARTESIAN_POINT('Origin',(51.5,25.7437437727888,1.6));
#3598=CARTESIAN_POINT('Origin',(-0.0016568858396715,0.00229284697828014,
1.6));
#3599=CARTESIAN_POINT('Origin',(-50.1,-1.56238441573022,1.6));
#3600=CARTESIAN_POINT('',(50.3,-0.874632869872753,1.6));
#3601=CARTESIAN_POINT('',(50.3,15.2761464234891,1.6));
#3602=CARTESIAN_POINT('',(51.5,-0.874632869872752,1.6));
#3603=CARTESIAN_POINT('',(50.75,-0.874632869872752,1.6));
#3604=CARTESIAN_POINT('',(52.1,-1.47463286987275,1.6));
#3605=CARTESIAN_POINT('Origin',(51.5,-1.47463286987275,1.6));
#3606=CARTESIAN_POINT('',(52.1,-15.2738535765109,1.6));
#3607=CARTESIAN_POINT('Origin',(43.5861082234401,32.35,0.8));
#3608=CARTESIAN_POINT('',(43.5861082234401,35.35,7.54954541697351));
#3609=CARTESIAN_POINT('Origin',(43.5861082234401,32.35,7.54954541697351));
#3610=CARTESIAN_POINT('',(43.5861082234401,35.35,0.8));
#3611=CARTESIAN_POINT('Origin',(51.5,-1.47463286987275,0.));
#3612=CARTESIAN_POINT('',(51.5,-0.874632869872753,5.5));
#3613=CARTESIAN_POINT('',(51.5,-0.874632869872753,0.));
#3614=CARTESIAN_POINT('',(52.1,-1.47463286987275,6.1));
#3615=CARTESIAN_POINT('Origin',(51.5,-1.47463286987275,6.1));
#3616=CARTESIAN_POINT('',(52.1,-1.47463286987275,0.));
#3617=CARTESIAN_POINT('Origin',(50.3,30.55,0.));
#3618=CARTESIAN_POINT('',(50.3,10.1076237926643,8.5));
#3619=CARTESIAN_POINT('',(50.3,24.0878418913633,8.5));
#3620=CARTESIAN_POINT('',(50.3,10.1076237926643,5.5));
#3621=CARTESIAN_POINT('',(50.3,10.1076237926643,0.));
#3622=CARTESIAN_POINT('',(50.3,-0.874632869872752,5.5));
#3623=CARTESIAN_POINT('',(50.3,17.5832477306979,5.5));
#3624=CARTESIAN_POINT('',(50.3,-0.874632869872753,0.));
#3625=CARTESIAN_POINT('Origin',(-50.3,6.94419521434425,0.));
#3626=CARTESIAN_POINT('Origin',(-50.1,6.94419521434425,5.98997487421324));
#3627=CARTESIAN_POINT('Origin',(-50.1,26.1588535022161,0.));
#3628=CARTESIAN_POINT('Origin',(-50.1,26.1588535022161,7.08997487421324));
#3629=CARTESIAN_POINT('Origin',(-50.1,-1.56238441573022,0.));
#3630=CARTESIAN_POINT('Origin',(-50.1,-1.56238441573022,5.98997487421324));
#3631=CARTESIAN_POINT('Origin',(-50.1,-13.4320535817932,5.98997487421324));
#3632=CARTESIAN_POINT('Origin',(-50.1,7.38283642140886,5.98997487421324));
#3633=CARTESIAN_POINT('Origin',(-50.1,7.38283642140886,0.));
#3634=CARTESIAN_POINT('Origin',(-50.1,7.38283642140886,7.08997487421324));
#3635=CARTESIAN_POINT('Origin',(-50.1,-6.88957751909375,7.08997487421324));
#3636=CARTESIAN_POINT('Origin',(51.5,25.7437437727888,0.));
#3637=CARTESIAN_POINT('',(52.1,25.7437437727888,9.1));
#3638=CARTESIAN_POINT('',(52.1,25.7437437727888,0.));
#3639=CARTESIAN_POINT('',(51.5,25.1437437727888,8.5));
#3640=CARTESIAN_POINT('Origin',(51.5,25.7437437727888,9.1));
#3641=CARTESIAN_POINT('',(51.5,25.1437437727888,0.));
#3642=CARTESIAN_POINT('Origin',(51.5,9.5076237926643,0.));
#3643=CARTESIAN_POINT('',(51.5,10.1076237926643,5.5));
#3644=CARTESIAN_POINT('',(51.5,10.1076237926643,8.5));
#3645=CARTESIAN_POINT('',(51.5,10.1076237926643,0.));
#3646=CARTESIAN_POINT('',(52.1,9.5076237926643,9.1));
#3647=CARTESIAN_POINT('Origin',(51.5,9.5076237926643,9.1));
#3648=CARTESIAN_POINT('',(52.1,9.50762379266431,6.1));
#3649=CARTESIAN_POINT('',(52.1,9.5076237926643,0.));
#3650=CARTESIAN_POINT('Origin',(51.5,9.5076237926643,6.1));
#3651=CARTESIAN_POINT('Origin',(51.5,-6.46215810863672,9.1));
#3652=CARTESIAN_POINT('',(52.1,-6.46215810863672,9.1));
#3653=CARTESIAN_POINT('',(51.5,-6.46215810863672,8.5));
#3654=CARTESIAN_POINT('Origin',(51.5,-12.9667522693021,6.1));
#3655=CARTESIAN_POINT('',(51.5,-12.9667522693021,5.5));
#3656=CARTESIAN_POINT('',(52.1,-12.9667522693021,6.1));
#3657=CARTESIAN_POINT('Origin',(52.1,25.1437437727888,0.));
#3658=CARTESIAN_POINT('',(50.3,25.1437437727888,8.5));
#3659=CARTESIAN_POINT('Origin',(51.2,17.6256837827266,8.5));
#3660=CARTESIAN_POINT('',(50.3,10.1076237926643,8.5));
#3661=CARTESIAN_POINT('Origin',(50.3,10.1076237926643,0.));
#3662=CARTESIAN_POINT('',(50.75,10.1076237926643,5.5));
#3663=CARTESIAN_POINT('Origin',(52.1,-30.55,0.));
#3664=CARTESIAN_POINT('',(52.1,30.55,0.));
#3665=CARTESIAN_POINT('Origin',(32.1613249340588,32.35,0.));
#3666=CARTESIAN_POINT('',(32.1613249340588,35.35,7.54954541697351));
#3667=CARTESIAN_POINT('',(32.1613249340588,35.35,0.));
#3668=CARTESIAN_POINT('Origin',(32.1613249340588,32.35,7.54954541697351));
#3669=CARTESIAN_POINT('Origin',(-4.71314171062526,32.35,7.54954541697351));
#3670=CARTESIAN_POINT('',(-4.71314171062526,35.35,7.54954541697351));
#3671=CARTESIAN_POINT('Origin',(47.3,35.35,0.));
#3672=CARTESIAN_POINT('',(47.3,35.35,0.));
#3673=CARTESIAN_POINT('',(-47.3,35.35,0.));
#3674=CARTESIAN_POINT('Origin',(50.3,-0.874632869872752,0.));
#3675=CARTESIAN_POINT('',(50.3,-0.874632869872752,5.5));
#3676=CARTESIAN_POINT('Origin',(51.2,4.61649546139577,5.5));
#3677=CARTESIAN_POINT('Origin',(-47.3,30.55,0.));
#3678=CARTESIAN_POINT('Origin',(47.3,30.55,0.));
#3679=UNCERTAINTY_MEASURE_WITH_UNIT(LENGTH_MEASURE(0.01),#3683,
'DISTANCE_ACCURACY_VALUE',
'Maximum model space distance between geometric entities at asserted c
onnectivities');
#3680=UNCERTAINTY_MEASURE_WITH_UNIT(LENGTH_MEASURE(0.01),#3683,
'DISTANCE_ACCURACY_VALUE',
'Maximum model space distance between geometric entities at asserted c
onnectivities');
#3681=(
GEOMETRIC_REPRESENTATION_CONTEXT(3)
GLOBAL_UNCERTAINTY_ASSIGNED_CONTEXT((#3679))
GLOBAL_UNIT_ASSIGNED_CONTEXT((#3683,#3685,#3686))
REPRESENTATION_CONTEXT('','3D')
);
#3682=(
GEOMETRIC_REPRESENTATION_CONTEXT(3)
GLOBAL_UNCERTAINTY_ASSIGNED_CONTEXT((#3680))
GLOBAL_UNIT_ASSIGNED_CONTEXT((#3683,#3685,#3686))
REPRESENTATION_CONTEXT('','3D')
);
#3683=(
LENGTH_UNIT()
NAMED_UNIT(*)
SI_UNIT(.MILLI.,.METRE.)
);
#3684=(
LENGTH_UNIT()
NAMED_UNIT(*)
SI_UNIT($,.METRE.)
);
#3685=(
NAMED_UNIT(*)
PLANE_ANGLE_UNIT()
SI_UNIT($,.RADIAN.)
);
#3686=(
NAMED_UNIT(*)
SI_UNIT($,.STERADIAN.)
SOLID_ANGLE_UNIT()
);
#3687=SHAPE_DEFINITION_REPRESENTATION(#3688,#3689);
#3688=PRODUCT_DEFINITION_SHAPE('',$,#3691);
#3689=SHAPE_REPRESENTATION('',(#2109),#3681);
#3690=PRODUCT_DEFINITION_CONTEXT('part definition',#3695,'design');
#3691=PRODUCT_DEFINITION('PCB\X2\706F5149753B5C0F591C706F591658F3\X0\',
'PCB\X2\706F5149753B5C0F591C706F591658F3\X0\ v7',#3692,#3690);
#3692=PRODUCT_DEFINITION_FORMATION('',$,#3697);
#3693=PRODUCT_RELATED_PRODUCT_CATEGORY('PCB\X2\706F5149753B5C0F591C706F591658F3\X0\ 
v7','PCB\X2\706F5149753B5C0F591C706F591658F3\X0\ v7',(#3697));
#3694=APPLICATION_PROTOCOL_DEFINITION('international standard',
'automotive_design',2009,#3695);
#3695=APPLICATION_CONTEXT(
'Core Data for Automotive Mechanical Design Process');
#3696=PRODUCT_CONTEXT('part definition',#3695,'mechanical');
#3697=PRODUCT('PCB\X2\706F5149753B5C0F591C706F591658F3\X0\',
'PCB\X2\706F5149753B5C0F591C706F591658F3\X0\ v7',$,(#3696));
#3698=PRESENTATION_STYLE_ASSIGNMENT((#3699));
#3699=SURFACE_STYLE_USAGE(.BOTH.,#3700);
#3700=SURFACE_SIDE_STYLE('',(#3701));
#3701=SURFACE_STYLE_FILL_AREA(#3702);
#3702=FILL_AREA_STYLE('\X2\94A2\X0\ - \X2\7F0E5149\X0\',(#3703));
#3703=FILL_AREA_STYLE_COLOUR('\X2\94A2\X0\ - \X2\7F0E5149\X0\',#3704);
#3704=COLOUR_RGB('\X2\94A2\X0\ - \X2\7F0E5149\X0\',0.627450980392157,0.627450980392157,
0.627450980392157);
ENDSEC;
END-ISO-10303-21;
