ISO-10303-21;
HEADER;
/* Generated by software containing ST-Developer
 * from STEP Tools, Inc. (www.steptools.com) 
 */

FILE_DESCRIPTION(
/* description */ (''),
/* implementation_level */ '2;1');

FILE_NAME(
/* name */ '',
/* time_stamp */ '2026-09-27T14:23:09-07:00',
/* author */ (''),
/* organization */ (''),
/* preprocessor_version */ 'ST-DEVELOPER v20.2',
/* originating_system */ 'Autodesk Translation Framework v15.15.0.0',
/* authorisation */ '');

FILE_SCHEMA (('AUTOMOTIVE_DESIGN { 1 0 10303 214 3 1 1 }'));
ENDSEC;

DATA;
#10=MECHANICAL_DESIGN_GEOMETRIC_PRESENTATION_REPRESENTATION('',(#13),#3366);
#11=SHAPE_REPRESENTATION_RELATIONSHIP('SRR','None',#3373,#12);
#12=ADVANCED_BREP_SHAPE_REPRESENTATION('',(#14),#3365);
#13=STYLED_ITEM('',(#3382),#14);
#14=MANIFOLD_SOLID_BREP('\X2\4E2D90E8\X0\',#1947);
#15=ELLIPSE('',#2108,0.848528137423858,0.6);
#16=ELLIPSE('',#2109,0.848528137423857,0.6);
#17=(
BOUNDED_CURVE()
B_SPLINE_CURVE(2,(#2992,#2993,#2994),.UNSPECIFIED.,.F.,.F.)
B_SPLINE_CURVE_WITH_KNOTS((3,3),(0.134796052606231,0.310221496608789),
 .UNSPECIFIED.)
CURVE()
GEOMETRIC_REPRESENTATION_ITEM()
RATIONAL_B_SPLINE_CURVE((1.0491147785976,1.05651671479827,1.))
REPRESENTATION_ITEM('')
);
#18=(
BOUNDED_CURVE()
B_SPLINE_CURVE(2,(#2998,#2999,#3000),.UNSPECIFIED.,.F.,.F.)
B_SPLINE_CURVE_WITH_KNOTS((3,3),(0.,0.15511074830439),.UNSPECIFIED.)
CURVE()
GEOMETRIC_REPRESENTATION_ITEM()
RATIONAL_B_SPLINE_CURVE((1.,1.04997194092288,1.04997194092288))
REPRESENTATION_ITEM('')
);
#19=(
BOUNDED_CURVE()
B_SPLINE_CURVE(2,(#3005,#3006,#3007),.UNSPECIFIED.,.F.,.F.)
B_SPLINE_CURVE_WITH_KNOTS((3,3),(0.15511074830439,0.175425444002561),
 .UNSPECIFIED.)
CURVE()
GEOMETRIC_REPRESENTATION_ITEM()
RATIONAL_B_SPLINE_CURVE((1.04997194092288,1.04997194092288,1.0491147785976))
REPRESENTATION_ITEM('')
);
#20=(
BOUNDED_CURVE()
B_SPLINE_CURVE(2,(#3033,#3034,#3035),.UNSPECIFIED.,.F.,.F.)
B_SPLINE_CURVE_WITH_KNOTS((3,3),(0.134796052606232,0.310221496608794),
 .UNSPECIFIED.)
CURVE()
GEOMETRIC_REPRESENTATION_ITEM()
RATIONAL_B_SPLINE_CURVE((1.04911477859759,1.05651671479825,1.))
REPRESENTATION_ITEM('')
);
#21=(
BOUNDED_CURVE()
B_SPLINE_CURVE(2,(#3044,#3045,#3046),.UNSPECIFIED.,.F.,.F.)
B_SPLINE_CURVE_WITH_KNOTS((3,3),(0.,0.175425444002555),.UNSPECIFIED.)
CURVE()
GEOMETRIC_REPRESENTATION_ITEM()
RATIONAL_B_SPLINE_CURVE((1.,1.05651671479827,1.0491147785976))
REPRESENTATION_ITEM('')
);
#22=(
BOUNDED_CURVE()
B_SPLINE_CURVE(2,(#3072,#3073,#3074),.UNSPECIFIED.,.F.,.F.)
B_SPLINE_CURVE_WITH_KNOTS((3,3),(0.13479605260623,0.310221496608789),
 .UNSPECIFIED.)
CURVE()
GEOMETRIC_REPRESENTATION_ITEM()
RATIONAL_B_SPLINE_CURVE((1.0491147785976,1.05651671479827,1.))
REPRESENTATION_ITEM('')
);
#23=(
BOUNDED_CURVE()
B_SPLINE_CURVE(2,(#3083,#3084,#3085),.UNSPECIFIED.,.F.,.F.)
B_SPLINE_CURVE_WITH_KNOTS((3,3),(0.,0.175425444002561),.UNSPECIFIED.)
CURVE()
GEOMETRIC_REPRESENTATION_ITEM()
RATIONAL_B_SPLINE_CURVE((1.,1.05651671479827,1.0491147785976))
REPRESENTATION_ITEM('')
);
#24=(
BOUNDED_CURVE()
B_SPLINE_CURVE(2,(#3114,#3115,#3116),.UNSPECIFIED.,.F.,.F.)
B_SPLINE_CURVE_WITH_KNOTS((3,3),(0.134796052606232,0.155110748304401),
 .UNSPECIFIED.)
CURVE()
GEOMETRIC_REPRESENTATION_ITEM()
RATIONAL_B_SPLINE_CURVE((1.04911477859759,1.04997194092286,1.04997194092286))
REPRESENTATION_ITEM('')
);
#25=(
BOUNDED_CURVE()
B_SPLINE_CURVE(2,(#3121,#3122,#3123),.UNSPECIFIED.,.F.,.F.)
B_SPLINE_CURVE_WITH_KNOTS((3,3),(0.155110748304401,0.310221496608794),
 .UNSPECIFIED.)
CURVE()
GEOMETRIC_REPRESENTATION_ITEM()
RATIONAL_B_SPLINE_CURVE((1.04997194092286,1.04997194092286,1.))
REPRESENTATION_ITEM('')
);
#26=(
BOUNDED_CURVE()
B_SPLINE_CURVE(2,(#3127,#3128,#3129),.UNSPECIFIED.,.F.,.F.)
B_SPLINE_CURVE_WITH_KNOTS((3,3),(0.,0.175425444002556),.UNSPECIFIED.)
CURVE()
GEOMETRIC_REPRESENTATION_ITEM()
RATIONAL_B_SPLINE_CURVE((1.,1.05651671479825,1.04911477859758))
REPRESENTATION_ITEM('')
);
#27=CONICAL_SURFACE('',#2028,2.75,0.540419500270585);
#28=CONICAL_SURFACE('',#2036,2.75,0.540419500270585);
#29=CONICAL_SURFACE('',#2045,2.75,0.540419500270585);
#30=CONICAL_SURFACE('',#2054,2.75,0.540419500270585);
#31=FACE_BOUND('',#221,.T.);
#32=FACE_BOUND('',#231,.T.);
#33=FACE_BOUND('',#241,.T.);
#34=FACE_BOUND('',#261,.T.);
#35=FACE_BOUND('',#266,.T.);
#36=FACE_BOUND('',#271,.T.);
#37=FACE_BOUND('',#276,.T.);
#38=FACE_BOUND('',#293,.T.);
#39=FACE_BOUND('',#294,.T.);
#40=FACE_BOUND('',#301,.T.);
#41=FACE_BOUND('',#302,.T.);
#42=PLANE('',#1965);
#43=PLANE('',#1967);
#44=PLANE('',#1968);
#45=PLANE('',#1970);
#46=PLANE('',#1971);
#47=PLANE('',#1973);
#48=PLANE('',#1974);
#49=PLANE('',#1976);
#50=PLANE('',#1977);
#51=PLANE('',#1979);
#52=PLANE('',#1981);
#53=PLANE('',#1983);
#54=PLANE('',#1985);
#55=PLANE('',#1987);
#56=PLANE('',#1989);
#57=PLANE('',#1991);
#58=PLANE('',#1993);
#59=PLANE('',#2002);
#60=PLANE('',#2005);
#61=PLANE('',#2008);
#62=PLANE('',#2011);
#63=PLANE('',#2014);
#64=PLANE('',#2015);
#65=PLANE('',#2016);
#66=PLANE('',#2017);
#67=PLANE('',#2018);
#68=PLANE('',#2019);
#69=PLANE('',#2020);
#70=PLANE('',#2021);
#71=PLANE('',#2022);
#72=PLANE('',#2023);
#73=PLANE('',#2031);
#74=PLANE('',#2033);
#75=PLANE('',#2040);
#76=PLANE('',#2042);
#77=PLANE('',#2049);
#78=PLANE('',#2051);
#79=PLANE('',#2057);
#80=PLANE('',#2059);
#81=PLANE('',#2064);
#82=PLANE('',#2065);
#83=PLANE('',#2071);
#84=PLANE('',#2072);
#85=PLANE('',#2078);
#86=PLANE('',#2079);
#87=PLANE('',#2085);
#88=PLANE('',#2086);
#89=PLANE('',#2088);
#90=PLANE('',#2095);
#91=PLANE('',#2103);
#92=PLANE('',#2116);
#93=PLANE('',#2119);
#94=PLANE('',#2124);
#95=PLANE('',#2126);
#96=PLANE('',#2129);
#97=PLANE('',#2130);
#98=FACE_OUTER_BOUND('',#198,.T.);
#99=FACE_OUTER_BOUND('',#199,.T.);
#100=FACE_OUTER_BOUND('',#200,.T.);
#101=FACE_OUTER_BOUND('',#201,.T.);
#102=FACE_OUTER_BOUND('',#202,.T.);
#103=FACE_OUTER_BOUND('',#203,.T.);
#104=FACE_OUTER_BOUND('',#204,.T.);
#105=FACE_OUTER_BOUND('',#205,.T.);
#106=FACE_OUTER_BOUND('',#206,.T.);
#107=FACE_OUTER_BOUND('',#207,.T.);
#108=FACE_OUTER_BOUND('',#208,.T.);
#109=FACE_OUTER_BOUND('',#209,.T.);
#110=FACE_OUTER_BOUND('',#210,.T.);
#111=FACE_OUTER_BOUND('',#211,.T.);
#112=FACE_OUTER_BOUND('',#212,.T.);
#113=FACE_OUTER_BOUND('',#213,.T.);
#114=FACE_OUTER_BOUND('',#214,.T.);
#115=FACE_OUTER_BOUND('',#215,.T.);
#116=FACE_OUTER_BOUND('',#216,.T.);
#117=FACE_OUTER_BOUND('',#217,.T.);
#118=FACE_OUTER_BOUND('',#218,.T.);
#119=FACE_OUTER_BOUND('',#219,.T.);
#120=FACE_OUTER_BOUND('',#220,.T.);
#121=FACE_OUTER_BOUND('',#222,.T.);
#122=FACE_OUTER_BOUND('',#223,.T.);
#123=FACE_OUTER_BOUND('',#224,.T.);
#124=FACE_OUTER_BOUND('',#225,.T.);
#125=FACE_OUTER_BOUND('',#226,.T.);
#126=FACE_OUTER_BOUND('',#227,.T.);
#127=FACE_OUTER_BOUND('',#228,.T.);
#128=FACE_OUTER_BOUND('',#229,.T.);
#129=FACE_OUTER_BOUND('',#230,.T.);
#130=FACE_OUTER_BOUND('',#232,.T.);
#131=FACE_OUTER_BOUND('',#233,.T.);
#132=FACE_OUTER_BOUND('',#234,.T.);
#133=FACE_OUTER_BOUND('',#235,.T.);
#134=FACE_OUTER_BOUND('',#236,.T.);
#135=FACE_OUTER_BOUND('',#237,.T.);
#136=FACE_OUTER_BOUND('',#238,.T.);
#137=FACE_OUTER_BOUND('',#239,.T.);
#138=FACE_OUTER_BOUND('',#240,.T.);
#139=FACE_OUTER_BOUND('',#242,.T.);
#140=FACE_OUTER_BOUND('',#243,.T.);
#141=FACE_OUTER_BOUND('',#244,.T.);
#142=FACE_OUTER_BOUND('',#245,.T.);
#143=FACE_OUTER_BOUND('',#246,.T.);
#144=FACE_OUTER_BOUND('',#247,.T.);
#145=FACE_OUTER_BOUND('',#248,.T.);
#146=FACE_OUTER_BOUND('',#249,.T.);
#147=FACE_OUTER_BOUND('',#250,.T.);
#148=FACE_OUTER_BOUND('',#251,.T.);
#149=FACE_OUTER_BOUND('',#252,.T.);
#150=FACE_OUTER_BOUND('',#253,.T.);
#151=FACE_OUTER_BOUND('',#254,.T.);
#152=FACE_OUTER_BOUND('',#255,.T.);
#153=FACE_OUTER_BOUND('',#256,.T.);
#154=FACE_OUTER_BOUND('',#257,.T.);
#155=FACE_OUTER_BOUND('',#258,.T.);
#156=FACE_OUTER_BOUND('',#259,.T.);
#157=FACE_OUTER_BOUND('',#260,.T.);
#158=FACE_OUTER_BOUND('',#262,.T.);
#159=FACE_OUTER_BOUND('',#263,.T.);
#160=FACE_OUTER_BOUND('',#264,.T.);
#161=FACE_OUTER_BOUND('',#265,.T.);
#162=FACE_OUTER_BOUND('',#267,.T.);
#163=FACE_OUTER_BOUND('',#268,.T.);
#164=FACE_OUTER_BOUND('',#269,.T.);
#165=FACE_OUTER_BOUND('',#270,.T.);
#166=FACE_OUTER_BOUND('',#272,.T.);
#167=FACE_OUTER_BOUND('',#273,.T.);
#168=FACE_OUTER_BOUND('',#274,.T.);
#169=FACE_OUTER_BOUND('',#275,.T.);
#170=FACE_OUTER_BOUND('',#277,.T.);
#171=FACE_OUTER_BOUND('',#278,.T.);
#172=FACE_OUTER_BOUND('',#279,.T.);
#173=FACE_OUTER_BOUND('',#280,.T.);
#174=FACE_OUTER_BOUND('',#281,.T.);
#175=FACE_OUTER_BOUND('',#282,.T.);
#176=FACE_OUTER_BOUND('',#283,.T.);
#177=FACE_OUTER_BOUND('',#284,.T.);
#178=FACE_OUTER_BOUND('',#285,.T.);
#179=FACE_OUTER_BOUND('',#286,.T.);
#180=FACE_OUTER_BOUND('',#287,.T.);
#181=FACE_OUTER_BOUND('',#288,.T.);
#182=FACE_OUTER_BOUND('',#289,.T.);
#183=FACE_OUTER_BOUND('',#290,.T.);
#184=FACE_OUTER_BOUND('',#291,.T.);
#185=FACE_OUTER_BOUND('',#292,.T.);
#186=FACE_OUTER_BOUND('',#295,.T.);
#187=FACE_OUTER_BOUND('',#296,.T.);
#188=FACE_OUTER_BOUND('',#297,.T.);
#189=FACE_OUTER_BOUND('',#298,.T.);
#190=FACE_OUTER_BOUND('',#299,.T.);
#191=FACE_OUTER_BOUND('',#300,.T.);
#192=FACE_OUTER_BOUND('',#303,.T.);
#193=FACE_OUTER_BOUND('',#304,.T.);
#194=FACE_OUTER_BOUND('',#305,.T.);
#195=FACE_OUTER_BOUND('',#306,.T.);
#196=FACE_OUTER_BOUND('',#307,.T.);
#197=FACE_OUTER_BOUND('',#308,.T.);
#198=EDGE_LOOP('',(#1241,#1242,#1243,#1244));
#199=EDGE_LOOP('',(#1245,#1246,#1247,#1248));
#200=EDGE_LOOP('',(#1249,#1250,#1251,#1252));
#201=EDGE_LOOP('',(#1253,#1254,#1255,#1256));
#202=EDGE_LOOP('',(#1257,#1258,#1259,#1260));
#203=EDGE_LOOP('',(#1261,#1262,#1263,#1264));
#204=EDGE_LOOP('',(#1265,#1266,#1267,#1268));
#205=EDGE_LOOP('',(#1269,#1270,#1271,#1272));
#206=EDGE_LOOP('',(#1273,#1274,#1275,#1276));
#207=EDGE_LOOP('',(#1277,#1278,#1279,#1280));
#208=EDGE_LOOP('',(#1281,#1282,#1283,#1284));
#209=EDGE_LOOP('',(#1285,#1286,#1287,#1288));
#210=EDGE_LOOP('',(#1289,#1290,#1291,#1292));
#211=EDGE_LOOP('',(#1293,#1294,#1295,#1296));
#212=EDGE_LOOP('',(#1297,#1298,#1299,#1300));
#213=EDGE_LOOP('',(#1301,#1302,#1303,#1304));
#214=EDGE_LOOP('',(#1305,#1306,#1307,#1308));
#215=EDGE_LOOP('',(#1309,#1310,#1311,#1312));
#216=EDGE_LOOP('',(#1313,#1314,#1315,#1316));
#217=EDGE_LOOP('',(#1317,#1318,#1319,#1320));
#218=EDGE_LOOP('',(#1321,#1322,#1323,#1324));
#219=EDGE_LOOP('',(#1325,#1326,#1327,#1328));
#220=EDGE_LOOP('',(#1329,#1330,#1331,#1332,#1333,#1334,#1335,#1336));
#221=EDGE_LOOP('',(#1337,#1338,#1339,#1340,#1341,#1342,#1343,#1344));
#222=EDGE_LOOP('',(#1345,#1346,#1347,#1348));
#223=EDGE_LOOP('',(#1349,#1350,#1351,#1352));
#224=EDGE_LOOP('',(#1353,#1354,#1355,#1356));
#225=EDGE_LOOP('',(#1357,#1358,#1359,#1360));
#226=EDGE_LOOP('',(#1361,#1362,#1363,#1364));
#227=EDGE_LOOP('',(#1365,#1366,#1367,#1368));
#228=EDGE_LOOP('',(#1369,#1370,#1371,#1372));
#229=EDGE_LOOP('',(#1373,#1374,#1375,#1376));
#230=EDGE_LOOP('',(#1377,#1378,#1379,#1380,#1381));
#231=EDGE_LOOP('',(#1382,#1383,#1384,#1385,#1386,#1387,#1388,#1389));
#232=EDGE_LOOP('',(#1390,#1391,#1392,#1393));
#233=EDGE_LOOP('',(#1394,#1395,#1396,#1397));
#234=EDGE_LOOP('',(#1398,#1399,#1400,#1401,#1402,#1403,#1404,#1405,#1406,
#1407,#1408,#1409));
#235=EDGE_LOOP('',(#1410,#1411,#1412,#1413));
#236=EDGE_LOOP('',(#1414,#1415,#1416,#1417,#1418,#1419,#1420,#1421,#1422,
#1423,#1424,#1425));
#237=EDGE_LOOP('',(#1426,#1427,#1428,#1429,#1430,#1431,#1432,#1433,#1434,
#1435,#1436,#1437,#1438,#1439,#1440,#1441));
#238=EDGE_LOOP('',(#1442,#1443,#1444,#1445));
#239=EDGE_LOOP('',(#1446,#1447,#1448,#1449));
#240=EDGE_LOOP('',(#1450,#1451,#1452,#1453,#1454,#1455,#1456,#1457));
#241=EDGE_LOOP('',(#1458,#1459,#1460,#1461,#1462));
#242=EDGE_LOOP('',(#1463,#1464,#1465,#1466,#1467,#1468,#1469,#1470));
#243=EDGE_LOOP('',(#1471,#1472,#1473,#1474,#1475,#1476));
#244=EDGE_LOOP('',(#1477,#1478,#1479,#1480,#1481));
#245=EDGE_LOOP('',(#1482,#1483,#1484,#1485));
#246=EDGE_LOOP('',(#1486,#1487,#1488,#1489,#1490,#1491,#1492,#1493));
#247=EDGE_LOOP('',(#1494,#1495,#1496,#1497,#1498,#1499,#1500));
#248=EDGE_LOOP('',(#1501,#1502,#1503,#1504,#1505));
#249=EDGE_LOOP('',(#1506,#1507,#1508,#1509));
#250=EDGE_LOOP('',(#1510,#1511,#1512,#1513,#1514,#1515,#1516,#1517));
#251=EDGE_LOOP('',(#1518,#1519,#1520,#1521,#1522,#1523,#1524));
#252=EDGE_LOOP('',(#1525,#1526,#1527,#1528,#1529));
#253=EDGE_LOOP('',(#1530,#1531,#1532,#1533));
#254=EDGE_LOOP('',(#1534,#1535,#1536,#1537,#1538,#1539,#1540,#1541));
#255=EDGE_LOOP('',(#1542,#1543,#1544,#1545,#1546,#1547));
#256=EDGE_LOOP('',(#1548,#1549,#1550,#1551,#1552,#1553));
#257=EDGE_LOOP('',(#1554,#1555,#1556,#1557));
#258=EDGE_LOOP('',(#1558,#1559,#1560,#1561));
#259=EDGE_LOOP('',(#1562,#1563,#1564,#1565,#1566));
#260=EDGE_LOOP('',(#1567,#1568,#1569,#1570,#1571,#1572));
#261=EDGE_LOOP('',(#1573));
#262=EDGE_LOOP('',(#1574,#1575,#1576,#1577));
#263=EDGE_LOOP('',(#1578,#1579,#1580,#1581));
#264=EDGE_LOOP('',(#1582,#1583,#1584,#1585,#1586));
#265=EDGE_LOOP('',(#1587,#1588,#1589,#1590,#1591,#1592));
#266=EDGE_LOOP('',(#1593));
#267=EDGE_LOOP('',(#1594,#1595,#1596,#1597));
#268=EDGE_LOOP('',(#1598,#1599,#1600,#1601));
#269=EDGE_LOOP('',(#1602,#1603,#1604,#1605,#1606,#1607));
#270=EDGE_LOOP('',(#1608,#1609,#1610,#1611,#1612,#1613));
#271=EDGE_LOOP('',(#1614));
#272=EDGE_LOOP('',(#1615,#1616,#1617,#1618));
#273=EDGE_LOOP('',(#1619,#1620,#1621,#1622));
#274=EDGE_LOOP('',(#1623,#1624,#1625,#1626,#1627));
#275=EDGE_LOOP('',(#1628,#1629,#1630,#1631,#1632,#1633));
#276=EDGE_LOOP('',(#1634));
#277=EDGE_LOOP('',(#1635,#1636,#1637,#1638,#1639,#1640,#1641,#1642,#1643,
#1644,#1645,#1646,#1647,#1648,#1649,#1650));
#278=EDGE_LOOP('',(#1651,#1652,#1653,#1654));
#279=EDGE_LOOP('',(#1655,#1656,#1657,#1658));
#280=EDGE_LOOP('',(#1659,#1660,#1661,#1662));
#281=EDGE_LOOP('',(#1663,#1664,#1665,#1666));
#282=EDGE_LOOP('',(#1667,#1668,#1669,#1670));
#283=EDGE_LOOP('',(#1671,#1672,#1673,#1674,#1675,#1676,#1677,#1678,#1679,
#1680,#1681,#1682,#1683,#1684,#1685,#1686,#1687,#1688,#1689,#1690));
#284=EDGE_LOOP('',(#1691,#1692,#1693));
#285=EDGE_LOOP('',(#1694,#1695,#1696,#1697));
#286=EDGE_LOOP('',(#1698,#1699,#1700,#1701));
#287=EDGE_LOOP('',(#1702,#1703,#1704,#1705));
#288=EDGE_LOOP('',(#1706,#1707,#1708));
#289=EDGE_LOOP('',(#1709,#1710,#1711));
#290=EDGE_LOOP('',(#1712,#1713,#1714,#1715,#1716,#1717,#1718,#1719,#1720));
#291=EDGE_LOOP('',(#1721,#1722,#1723,#1724));
#292=EDGE_LOOP('',(#1725,#1726,#1727,#1728,#1729,#1730,#1731,#1732));
#293=EDGE_LOOP('',(#1733,#1734,#1735,#1736));
#294=EDGE_LOOP('',(#1737,#1738,#1739,#1740));
#295=EDGE_LOOP('',(#1741,#1742,#1743,#1744));
#296=EDGE_LOOP('',(#1745,#1746,#1747,#1748,#1749,#1750,#1751,#1752));
#297=EDGE_LOOP('',(#1753,#1754,#1755));
#298=EDGE_LOOP('',(#1756,#1757,#1758));
#299=EDGE_LOOP('',(#1759,#1760,#1761,#1762));
#300=EDGE_LOOP('',(#1763,#1764,#1765,#1766));
#301=EDGE_LOOP('',(#1767,#1768,#1769,#1770));
#302=EDGE_LOOP('',(#1771,#1772,#1773,#1774));
#303=EDGE_LOOP('',(#1775,#1776,#1777,#1778));
#304=EDGE_LOOP('',(#1779,#1780,#1781,#1782,#1783,#1784,#1785,#1786));
#305=EDGE_LOOP('',(#1787,#1788,#1789));
#306=EDGE_LOOP('',(#1790,#1791,#1792,#1793));
#307=EDGE_LOOP('',(#1794,#1795,#1796,#1797,#1798,#1799,#1800,#1801));
#308=EDGE_LOOP('',(#1802,#1803,#1804,#1805,#1806));
#309=B_SPLINE_CURVE_WITH_KNOTS('',3,(#2673,#2674,#2675,#2676,#2677,#2678,
#2679,#2680,#2681,#2682,#2683,#2684,#2685,#2686,#2687,#2688,#2689,#2690,
#2691),.UNSPECIFIED.,.F.,.F.,(4,2,2,2,2,3,2,2,4),(0.494295452586611,0.533980414721563,
0.581892778595658,0.623962149055847,0.644996834285941,0.666031519516035,
0.687066204746129,0.708100889976223,0.733006373542493),.UNSPECIFIED.);
#310=B_SPLINE_CURVE_WITH_KNOTS('',3,(#2695,#2696,#2697,#2698),
 .UNSPECIFIED.,.F.,.F.,(4,4),(-0.0165017862970444,0.),.UNSPECIFIED.);
#311=B_SPLINE_CURVE_WITH_KNOTS('',3,(#3008,#3009,#3010,#3011,#3012,#3013,
#3014,#3015,#3016,#3017),.UNSPECIFIED.,.F.,.F.,(4,2,2,2,4),(0.890386127610101,
0.994700704958373,1.11715623735458,1.23961176975078,1.34392634709906),
 .UNSPECIFIED.);
#312=B_SPLINE_CURVE_WITH_KNOTS('',3,(#3047,#3048,#3049,#3050,#3051,#3052,
#3053,#3054,#3055,#3056),.UNSPECIFIED.,.F.,.F.,(4,2,2,2,4),(1.34608219378435,
1.45039677113262,1.57285230352883,1.69530783592503,1.7996224132733),
 .UNSPECIFIED.);
#313=B_SPLINE_CURVE_WITH_KNOTS('',3,(#3086,#3087,#3088,#3089,#3090,#3091,
#3092,#3093,#3094,#3095),.UNSPECIFIED.,.F.,.F.,(4,2,2,2,4),(0.0181409550479298,
0.122455532396202,0.244911064792405,0.367366597188608,0.471681174536882),
 .UNSPECIFIED.);
#314=B_SPLINE_CURVE_WITH_KNOTS('',3,(#3130,#3131,#3132,#3133,#3134,#3135,
#3136,#3137,#3138,#3139),.UNSPECIFIED.,.F.,.F.,(4,2,2,2,4),(0.473837021222178,
0.578151598570452,0.700607130966656,0.823062663362858,0.927377240711131),
 .UNSPECIFIED.);
#315=B_SPLINE_CURVE_WITH_KNOTS('',3,(#3255,#3256,#3257,#3258,#3259,#3260,
#3261,#3262,#3263,#3264),.UNSPECIFIED.,.F.,.F.,(4,2,2,2,4),(1.65857969417559,
1.76412517735665,1.86967066053771,1.97895148860728,2.00139934410691),
 .UNSPECIFIED.);
#316=B_SPLINE_CURVE_WITH_KNOTS('',3,(#3268,#3269,#3270,#3271,#3272,#3273,
#3274,#3275,#3276,#3277),.UNSPECIFIED.,.F.,.F.,(4,2,2,2,4),(1.31576004424427,
1.3382078997439,1.44748872781348,1.55303421099453,1.65857969417559),
 .UNSPECIFIED.);
#317=B_SPLINE_CURVE_WITH_KNOTS('',3,(#3291,#3292,#3293,#3294,#3295,#3296,
#3297,#3298,#3299,#3300,#3301,#3302,#3303,#3304),.UNSPECIFIED.,.F.,.F.,
(4,2,2,2,2,2,4),(0.385901524649416,0.464903816478147,0.544135234311287,
0.635598335623169,0.68132988627911,0.704195661607081,0.727061436935051),
 .UNSPECIFIED.);
#318=B_SPLINE_CURVE_WITH_KNOTS('',3,(#3307,#3308,#3309,#3310,#3311,#3312,
#3313,#3314,#3315,#3316,#3317,#3318,#3319,#3320),.UNSPECIFIED.,.F.,.F.,
(4,2,2,2,2,2,4),(1.10389294892415,1.14252367154738,1.21659686786967,1.33535987086989,
1.39474137236999,1.42443212312005,1.4541228738701),.UNSPECIFIED.);
#319=B_SPLINE_CURVE_WITH_KNOTS('',3,(#3321,#3322,#3323,#3324,#3325,#3326,
#3327,#3328),.UNSPECIFIED.,.F.,.F.,(4,2,2,4),(2.33342034645591,2.36411051342892,
2.44334193126206,2.52234422309079),.UNSPECIFIED.);
#320=LINE('',#2671,#512);
#321=LINE('',#2692,#513);
#322=LINE('',#2700,#514);
#323=LINE('',#2705,#515);
#324=LINE('',#2707,#516);
#325=LINE('',#2710,#517);
#326=LINE('',#2713,#518);
#327=LINE('',#2715,#519);
#328=LINE('',#2716,#520);
#329=LINE('',#2720,#521);
#330=LINE('',#2722,#522);
#331=LINE('',#2725,#523);
#332=LINE('',#2728,#524);
#333=LINE('',#2730,#525);
#334=LINE('',#2731,#526);
#335=LINE('',#2735,#527);
#336=LINE('',#2737,#528);
#337=LINE('',#2740,#529);
#338=LINE('',#2743,#530);
#339=LINE('',#2745,#531);
#340=LINE('',#2746,#532);
#341=LINE('',#2750,#533);
#342=LINE('',#2752,#534);
#343=LINE('',#2755,#535);
#344=LINE('',#2758,#536);
#345=LINE('',#2760,#537);
#346=LINE('',#2761,#538);
#347=LINE('',#2764,#539);
#348=LINE('',#2767,#540);
#349=LINE('',#2769,#541);
#350=LINE('',#2770,#542);
#351=LINE('',#2774,#543);
#352=LINE('',#2777,#544);
#353=LINE('',#2779,#545);
#354=LINE('',#2780,#546);
#355=LINE('',#2784,#547);
#356=LINE('',#2787,#548);
#357=LINE('',#2789,#549);
#358=LINE('',#2790,#550);
#359=LINE('',#2794,#551);
#360=LINE('',#2797,#552);
#361=LINE('',#2799,#553);
#362=LINE('',#2800,#554);
#363=LINE('',#2807,#555);
#364=LINE('',#2811,#556);
#365=LINE('',#2815,#557);
#366=LINE('',#2818,#558);
#367=LINE('',#2823,#559);
#368=LINE('',#2827,#560);
#369=LINE('',#2831,#561);
#370=LINE('',#2834,#562);
#371=LINE('',#2837,#563);
#372=LINE('',#2839,#564);
#373=LINE('',#2840,#565);
#374=LINE('',#2844,#566);
#375=LINE('',#2847,#567);
#376=LINE('',#2848,#568);
#377=LINE('',#2852,#569);
#378=LINE('',#2855,#570);
#379=LINE('',#2856,#571);
#380=LINE('',#2860,#572);
#381=LINE('',#2863,#573);
#382=LINE('',#2864,#574);
#383=LINE('',#2870,#575);
#384=LINE('',#2872,#576);
#385=LINE('',#2874,#577);
#386=LINE('',#2876,#578);
#387=LINE('',#2877,#579);
#388=LINE('',#2880,#580);
#389=LINE('',#2882,#581);
#390=LINE('',#2883,#582);
#391=LINE('',#2886,#583);
#392=LINE('',#2888,#584);
#393=LINE('',#2889,#585);
#394=LINE('',#2892,#586);
#395=LINE('',#2894,#587);
#396=LINE('',#2896,#588);
#397=LINE('',#2898,#589);
#398=LINE('',#2900,#590);
#399=LINE('',#2902,#591);
#400=LINE('',#2904,#592);
#401=LINE('',#2906,#593);
#402=LINE('',#2908,#594);
#403=LINE('',#2910,#595);
#404=LINE('',#2911,#596);
#405=LINE('',#2914,#597);
#406=LINE('',#2915,#598);
#407=LINE('',#2918,#599);
#408=LINE('',#2920,#600);
#409=LINE('',#2922,#601);
#410=LINE('',#2924,#602);
#411=LINE('',#2926,#603);
#412=LINE('',#2928,#604);
#413=LINE('',#2930,#605);
#414=LINE('',#2932,#606);
#415=LINE('',#2934,#607);
#416=LINE('',#2936,#608);
#417=LINE('',#2937,#609);
#418=LINE('',#2940,#610);
#419=LINE('',#2942,#611);
#420=LINE('',#2944,#612);
#421=LINE('',#2946,#613);
#422=LINE('',#2948,#614);
#423=LINE('',#2950,#615);
#424=LINE('',#2952,#616);
#425=LINE('',#2954,#617);
#426=LINE('',#2956,#618);
#427=LINE('',#2958,#619);
#428=LINE('',#2960,#620);
#429=LINE('',#2962,#621);
#430=LINE('',#2964,#622);
#431=LINE('',#2966,#623);
#432=LINE('',#2967,#624);
#433=LINE('',#2969,#625);
#434=LINE('',#2971,#626);
#435=LINE('',#2977,#627);
#436=LINE('',#2981,#628);
#437=LINE('',#2985,#629);
#438=LINE('',#2988,#630);
#439=LINE('',#3002,#631);
#440=LINE('',#3019,#632);
#441=LINE('',#3021,#633);
#442=LINE('',#3024,#634);
#443=LINE('',#3025,#635);
#444=LINE('',#3028,#636);
#445=LINE('',#3039,#637);
#446=LINE('',#3058,#638);
#447=LINE('',#3060,#639);
#448=LINE('',#3063,#640);
#449=LINE('',#3064,#641);
#450=LINE('',#3067,#642);
#451=LINE('',#3078,#643);
#452=LINE('',#3097,#644);
#453=LINE('',#3101,#645);
#454=LINE('',#3102,#646);
#455=LINE('',#3105,#647);
#456=LINE('',#3106,#648);
#457=LINE('',#3109,#649);
#458=LINE('',#3118,#650);
#459=LINE('',#3142,#651);
#460=LINE('',#3144,#652);
#461=LINE('',#3146,#653);
#462=LINE('',#3149,#654);
#463=LINE('',#3151,#655);
#464=LINE('',#3152,#656);
#465=LINE('',#3155,#657);
#466=LINE('',#3159,#658);
#467=LINE('',#3162,#659);
#468=LINE('',#3169,#660);
#469=LINE('',#3173,#661);
#470=LINE('',#3174,#662);
#471=LINE('',#3177,#663);
#472=LINE('',#3181,#664);
#473=LINE('',#3185,#665);
#474=LINE('',#3188,#666);
#475=LINE('',#3195,#667);
#476=LINE('',#3198,#668);
#477=LINE('',#3202,#669);
#478=LINE('',#3204,#670);
#479=LINE('',#3206,#671);
#480=LINE('',#3208,#672);
#481=LINE('',#3210,#673);
#482=LINE('',#3212,#674);
#483=LINE('',#3214,#675);
#484=LINE('',#3215,#676);
#485=LINE('',#3216,#677);
#486=LINE('',#3226,#678);
#487=LINE('',#3230,#679);
#488=LINE('',#3234,#680);
#489=LINE('',#3239,#681);
#490=LINE('',#3243,#682);
#491=LINE('',#3247,#683);
#492=LINE('',#3250,#684);
#493=LINE('',#3254,#685);
#494=LINE('',#3267,#686);
#495=LINE('',#3281,#687);
#496=LINE('',#3285,#688);
#497=LINE('',#3290,#689);
#498=LINE('',#3329,#690);
#499=LINE('',#3333,#691);
#500=LINE('',#3335,#692);
#501=LINE('',#3337,#693);
#502=LINE('',#3338,#694);
#503=LINE('',#3342,#695);
#504=LINE('',#3344,#696);
#505=LINE('',#3345,#697);
#506=LINE('',#3346,#698);
#507=LINE('',#3351,#699);
#508=LINE('',#3353,#700);
#509=LINE('',#3355,#701);
#510=LINE('',#3357,#702);
#511=LINE('',#3358,#703);
#512=VECTOR('',#2137,10.);
#513=VECTOR('',#2138,10.);
#514=VECTOR('',#2141,2.);
#515=VECTOR('',#2146,10.);
#516=VECTOR('',#2147,10.);
#517=VECTOR('',#2150,10.);
#518=VECTOR('',#2153,10.);
#519=VECTOR('',#2154,10.);
#520=VECTOR('',#2155,10.);
#521=VECTOR('',#2158,10.);
#522=VECTOR('',#2159,10.);
#523=VECTOR('',#2162,10.);
#524=VECTOR('',#2165,10.);
#525=VECTOR('',#2166,10.);
#526=VECTOR('',#2167,10.);
#527=VECTOR('',#2170,10.);
#528=VECTOR('',#2171,10.);
#529=VECTOR('',#2174,10.);
#530=VECTOR('',#2177,10.);
#531=VECTOR('',#2178,10.);
#532=VECTOR('',#2179,10.);
#533=VECTOR('',#2182,10.);
#534=VECTOR('',#2183,10.);
#535=VECTOR('',#2186,10.);
#536=VECTOR('',#2189,10.);
#537=VECTOR('',#2190,10.);
#538=VECTOR('',#2191,10.);
#539=VECTOR('',#2194,10.);
#540=VECTOR('',#2197,10.);
#541=VECTOR('',#2200,10.);
#542=VECTOR('',#2201,10.);
#543=VECTOR('',#2206,10.);
#544=VECTOR('',#2209,10.);
#545=VECTOR('',#2212,10.);
#546=VECTOR('',#2213,10.);
#547=VECTOR('',#2218,10.);
#548=VECTOR('',#2221,10.);
#549=VECTOR('',#2224,10.);
#550=VECTOR('',#2225,10.);
#551=VECTOR('',#2230,10.);
#552=VECTOR('',#2233,10.);
#553=VECTOR('',#2236,10.);
#554=VECTOR('',#2237,10.);
#555=VECTOR('',#2244,10.);
#556=VECTOR('',#2247,10.);
#557=VECTOR('',#2250,10.);
#558=VECTOR('',#2253,10.);
#559=VECTOR('',#2256,10.);
#560=VECTOR('',#2259,10.);
#561=VECTOR('',#2262,10.);
#562=VECTOR('',#2265,10.);
#563=VECTOR('',#2268,10.);
#564=VECTOR('',#2269,10.);
#565=VECTOR('',#2270,10.);
#566=VECTOR('',#2275,10.);
#567=VECTOR('',#2278,10.);
#568=VECTOR('',#2279,10.);
#569=VECTOR('',#2284,10.);
#570=VECTOR('',#2287,10.);
#571=VECTOR('',#2288,10.);
#572=VECTOR('',#2293,10.);
#573=VECTOR('',#2296,10.);
#574=VECTOR('',#2297,10.);
#575=VECTOR('',#2304,10.);
#576=VECTOR('',#2305,10.);
#577=VECTOR('',#2306,10.);
#578=VECTOR('',#2307,10.);
#579=VECTOR('',#2308,10.);
#580=VECTOR('',#2311,10.);
#581=VECTOR('',#2312,10.);
#582=VECTOR('',#2313,10.);
#583=VECTOR('',#2316,10.);
#584=VECTOR('',#2317,10.);
#585=VECTOR('',#2318,10.);
#586=VECTOR('',#2321,10.);
#587=VECTOR('',#2322,10.);
#588=VECTOR('',#2323,10.);
#589=VECTOR('',#2324,10.);
#590=VECTOR('',#2325,10.);
#591=VECTOR('',#2326,10.);
#592=VECTOR('',#2327,10.);
#593=VECTOR('',#2328,10.);
#594=VECTOR('',#2329,10.);
#595=VECTOR('',#2330,10.);
#596=VECTOR('',#2331,10.);
#597=VECTOR('',#2334,10.);
#598=VECTOR('',#2335,10.);
#599=VECTOR('',#2338,10.);
#600=VECTOR('',#2339,10.);
#601=VECTOR('',#2340,10.);
#602=VECTOR('',#2341,10.);
#603=VECTOR('',#2342,10.);
#604=VECTOR('',#2343,10.);
#605=VECTOR('',#2344,10.);
#606=VECTOR('',#2345,10.);
#607=VECTOR('',#2346,10.);
#608=VECTOR('',#2347,10.);
#609=VECTOR('',#2348,10.);
#610=VECTOR('',#2351,10.);
#611=VECTOR('',#2352,10.);
#612=VECTOR('',#2353,10.);
#613=VECTOR('',#2354,10.);
#614=VECTOR('',#2355,10.);
#615=VECTOR('',#2356,10.);
#616=VECTOR('',#2357,10.);
#617=VECTOR('',#2358,10.);
#618=VECTOR('',#2359,10.);
#619=VECTOR('',#2360,10.);
#620=VECTOR('',#2361,10.);
#621=VECTOR('',#2362,10.);
#622=VECTOR('',#2363,10.);
#623=VECTOR('',#2364,10.);
#624=VECTOR('',#2365,10.);
#625=VECTOR('',#2368,10.);
#626=VECTOR('',#2371,10.);
#627=VECTOR('',#2376,10.);
#628=VECTOR('',#2379,10.);
#629=VECTOR('',#2382,10.);
#630=VECTOR('',#2385,10.);
#631=VECTOR('',#2390,2.75);
#632=VECTOR('',#2395,10.);
#633=VECTOR('',#2398,10.);
#634=VECTOR('',#2401,10.);
#635=VECTOR('',#2402,10.);
#636=VECTOR('',#2405,2.);
#637=VECTOR('',#2412,2.75);
#638=VECTOR('',#2419,10.);
#639=VECTOR('',#2422,10.);
#640=VECTOR('',#2425,10.);
#641=VECTOR('',#2426,10.);
#642=VECTOR('',#2429,2.);
#643=VECTOR('',#2436,2.75);
#644=VECTOR('',#2443,10.);
#645=VECTOR('',#2446,10.);
#646=VECTOR('',#2447,10.);
#647=VECTOR('',#2450,10.);
#648=VECTOR('',#2451,10.);
#649=VECTOR('',#2454,2.);
#650=VECTOR('',#2459,2.75);
#651=VECTOR('',#2466,10.);
#652=VECTOR('',#2467,10.);
#653=VECTOR('',#2470,10.);
#654=VECTOR('',#2473,10.);
#655=VECTOR('',#2474,10.);
#656=VECTOR('',#2475,10.);
#657=VECTOR('',#2478,2.);
#658=VECTOR('',#2483,10.);
#659=VECTOR('',#2488,10.);
#660=VECTOR('',#2499,10.);
#661=VECTOR('',#2504,10.);
#662=VECTOR('',#2505,10.);
#663=VECTOR('',#2508,10.);
#664=VECTOR('',#2513,10.);
#665=VECTOR('',#2518,10.);
#666=VECTOR('',#2523,10.);
#667=VECTOR('',#2534,10.);
#668=VECTOR('',#2539,10.);
#669=VECTOR('',#2544,10.);
#670=VECTOR('',#2547,10.);
#671=VECTOR('',#2548,10.);
#672=VECTOR('',#2549,10.);
#673=VECTOR('',#2550,10.);
#674=VECTOR('',#2551,10.);
#675=VECTOR('',#2552,10.);
#676=VECTOR('',#2553,10.);
#677=VECTOR('',#2554,10.);
#678=VECTOR('',#2569,10.);
#679=VECTOR('',#2572,10.);
#680=VECTOR('',#2575,10.);
#681=VECTOR('',#2580,10.);
#682=VECTOR('',#2583,10.);
#683=VECTOR('',#2586,10.);
#684=VECTOR('',#2591,10.);
#685=VECTOR('',#2596,10.);
#686=VECTOR('',#2599,10.);
#687=VECTOR('',#2602,10.);
#688=VECTOR('',#2609,10.);
#689=VECTOR('',#2614,2.);
#690=VECTOR('',#2617,10.);
#691=VECTOR('',#2622,10.);
#692=VECTOR('',#2625,10.);
#693=VECTOR('',#2626,10.);
#694=VECTOR('',#2627,10.);
#695=VECTOR('',#2632,10.);
#696=VECTOR('',#2635,10.);
#697=VECTOR('',#2636,10.);
#698=VECTOR('',#2637,10.);
#699=VECTOR('',#2646,10.);
#700=VECTOR('',#2649,10.);
#701=VECTOR('',#2652,10.);
#702=VECTOR('',#2655,10.);
#703=VECTOR('',#2656,10.);
#704=CIRCLE('',#1962,1.);
#705=CIRCLE('',#1964,2.);
#706=CIRCLE('',#1966,0.799999999999994);
#707=CIRCLE('',#1969,0.799999999999994);
#708=CIRCLE('',#1972,0.799999999999994);
#709=CIRCLE('',#1975,0.799999999999994);
#710=CIRCLE('',#1978,0.799999999999994);
#711=CIRCLE('',#1982,0.799999999999994);
#712=CIRCLE('',#1986,0.799999999999994);
#713=CIRCLE('',#1990,0.799999999999994);
#714=CIRCLE('',#1994,3.00000000000002);
#715=CIRCLE('',#1995,3.);
#716=CIRCLE('',#1996,2.99999999999999);
#717=CIRCLE('',#1997,3.);
#718=CIRCLE('',#1998,2.);
#719=CIRCLE('',#1999,2.00000000000002);
#720=CIRCLE('',#2000,2.00000000000001);
#721=CIRCLE('',#2001,1.99999999999999);
#722=CIRCLE('',#2004,2.00000000000002);
#723=CIRCLE('',#2007,2.00000000000001);
#724=CIRCLE('',#2010,1.99999999999999);
#725=CIRCLE('',#2013,2.);
#726=CIRCLE('',#2024,4.8);
#727=CIRCLE('',#2025,4.80000000000002);
#728=CIRCLE('',#2026,4.8);
#729=CIRCLE('',#2027,4.79999999999999);
#730=CIRCLE('',#2029,3.50000000000001);
#731=CIRCLE('',#2030,2.);
#732=CIRCLE('',#2032,3.);
#733=CIRCLE('',#2035,2.);
#734=CIRCLE('',#2037,3.50000000000001);
#735=CIRCLE('',#2038,2.);
#736=CIRCLE('',#2039,3.50000000000001);
#737=CIRCLE('',#2041,2.99999999999999);
#738=CIRCLE('',#2044,2.);
#739=CIRCLE('',#2046,3.50000000000001);
#740=CIRCLE('',#2047,2.);
#741=CIRCLE('',#2048,3.50000000000001);
#742=CIRCLE('',#2050,3.);
#743=CIRCLE('',#2053,2.);
#744=CIRCLE('',#2055,2.);
#745=CIRCLE('',#2056,3.50000000000001);
#746=CIRCLE('',#2058,3.00000000000002);
#747=CIRCLE('',#2061,2.);
#748=CIRCLE('',#2063,3.);
#749=CIRCLE('',#2066,2.99999999999999);
#750=CIRCLE('',#2068,2.99999999999999);
#751=CIRCLE('',#2070,3.);
#752=CIRCLE('',#2073,3.);
#753=CIRCLE('',#2075,3.);
#754=CIRCLE('',#2077,3.);
#755=CIRCLE('',#2080,3.);
#756=CIRCLE('',#2082,3.);
#757=CIRCLE('',#2084,3.);
#758=CIRCLE('',#2087,3.00000000000002);
#759=CIRCLE('',#2090,3.00000000000002);
#760=CIRCLE('',#2096,0.6);
#761=CIRCLE('',#2097,4.80000000000001);
#762=CIRCLE('',#2098,3.);
#763=CIRCLE('',#2099,2.);
#764=CIRCLE('',#2100,4.79999999999999);
#765=CIRCLE('',#2101,4.8);
#766=CIRCLE('',#2102,0.6);
#767=CIRCLE('',#2104,2.);
#768=CIRCLE('',#2112,2.);
#769=CIRCLE('',#2115,3.);
#770=CIRCLE('',#2118,4.8);
#771=CIRCLE('',#2121,2.);
#772=VERTEX_POINT('',#2667);
#773=VERTEX_POINT('',#2668);
#774=VERTEX_POINT('',#2670);
#775=VERTEX_POINT('',#2672);
#776=VERTEX_POINT('',#2694);
#777=VERTEX_POINT('',#2699);
#778=VERTEX_POINT('',#2703);
#779=VERTEX_POINT('',#2704);
#780=VERTEX_POINT('',#2706);
#781=VERTEX_POINT('',#2708);
#782=VERTEX_POINT('',#2712);
#783=VERTEX_POINT('',#2714);
#784=VERTEX_POINT('',#2718);
#785=VERTEX_POINT('',#2719);
#786=VERTEX_POINT('',#2721);
#787=VERTEX_POINT('',#2723);
#788=VERTEX_POINT('',#2727);
#789=VERTEX_POINT('',#2729);
#790=VERTEX_POINT('',#2733);
#791=VERTEX_POINT('',#2734);
#792=VERTEX_POINT('',#2736);
#793=VERTEX_POINT('',#2738);
#794=VERTEX_POINT('',#2742);
#795=VERTEX_POINT('',#2744);
#796=VERTEX_POINT('',#2748);
#797=VERTEX_POINT('',#2749);
#798=VERTEX_POINT('',#2751);
#799=VERTEX_POINT('',#2753);
#800=VERTEX_POINT('',#2757);
#801=VERTEX_POINT('',#2759);
#802=VERTEX_POINT('',#2763);
#803=VERTEX_POINT('',#2765);
#804=VERTEX_POINT('',#2773);
#805=VERTEX_POINT('',#2775);
#806=VERTEX_POINT('',#2783);
#807=VERTEX_POINT('',#2785);
#808=VERTEX_POINT('',#2793);
#809=VERTEX_POINT('',#2795);
#810=VERTEX_POINT('',#2803);
#811=VERTEX_POINT('',#2804);
#812=VERTEX_POINT('',#2806);
#813=VERTEX_POINT('',#2808);
#814=VERTEX_POINT('',#2810);
#815=VERTEX_POINT('',#2812);
#816=VERTEX_POINT('',#2814);
#817=VERTEX_POINT('',#2816);
#818=VERTEX_POINT('',#2819);
#819=VERTEX_POINT('',#2820);
#820=VERTEX_POINT('',#2822);
#821=VERTEX_POINT('',#2824);
#822=VERTEX_POINT('',#2826);
#823=VERTEX_POINT('',#2828);
#824=VERTEX_POINT('',#2830);
#825=VERTEX_POINT('',#2832);
#826=VERTEX_POINT('',#2836);
#827=VERTEX_POINT('',#2838);
#828=VERTEX_POINT('',#2842);
#829=VERTEX_POINT('',#2846);
#830=VERTEX_POINT('',#2850);
#831=VERTEX_POINT('',#2854);
#832=VERTEX_POINT('',#2858);
#833=VERTEX_POINT('',#2862);
#834=VERTEX_POINT('',#2868);
#835=VERTEX_POINT('',#2869);
#836=VERTEX_POINT('',#2871);
#837=VERTEX_POINT('',#2873);
#838=VERTEX_POINT('',#2875);
#839=VERTEX_POINT('',#2879);
#840=VERTEX_POINT('',#2881);
#841=VERTEX_POINT('',#2885);
#842=VERTEX_POINT('',#2887);
#843=VERTEX_POINT('',#2891);
#844=VERTEX_POINT('',#2893);
#845=VERTEX_POINT('',#2895);
#846=VERTEX_POINT('',#2897);
#847=VERTEX_POINT('',#2899);
#848=VERTEX_POINT('',#2901);
#849=VERTEX_POINT('',#2903);
#850=VERTEX_POINT('',#2905);
#851=VERTEX_POINT('',#2907);
#852=VERTEX_POINT('',#2909);
#853=VERTEX_POINT('',#2913);
#854=VERTEX_POINT('',#2917);
#855=VERTEX_POINT('',#2919);
#856=VERTEX_POINT('',#2921);
#857=VERTEX_POINT('',#2923);
#858=VERTEX_POINT('',#2925);
#859=VERTEX_POINT('',#2927);
#860=VERTEX_POINT('',#2929);
#861=VERTEX_POINT('',#2931);
#862=VERTEX_POINT('',#2933);
#863=VERTEX_POINT('',#2935);
#864=VERTEX_POINT('',#2939);
#865=VERTEX_POINT('',#2941);
#866=VERTEX_POINT('',#2943);
#867=VERTEX_POINT('',#2945);
#868=VERTEX_POINT('',#2947);
#869=VERTEX_POINT('',#2949);
#870=VERTEX_POINT('',#2951);
#871=VERTEX_POINT('',#2953);
#872=VERTEX_POINT('',#2955);
#873=VERTEX_POINT('',#2957);
#874=VERTEX_POINT('',#2959);
#875=VERTEX_POINT('',#2961);
#876=VERTEX_POINT('',#2963);
#877=VERTEX_POINT('',#2965);
#878=VERTEX_POINT('',#2973);
#879=VERTEX_POINT('',#2974);
#880=VERTEX_POINT('',#2976);
#881=VERTEX_POINT('',#2978);
#882=VERTEX_POINT('',#2980);
#883=VERTEX_POINT('',#2982);
#884=VERTEX_POINT('',#2984);
#885=VERTEX_POINT('',#2986);
#886=VERTEX_POINT('',#2990);
#887=VERTEX_POINT('',#2991);
#888=VERTEX_POINT('',#2995);
#889=VERTEX_POINT('',#2997);
#890=VERTEX_POINT('',#3001);
#891=VERTEX_POINT('',#3004);
#892=VERTEX_POINT('',#3023);
#893=VERTEX_POINT('',#3027);
#894=VERTEX_POINT('',#3031);
#895=VERTEX_POINT('',#3032);
#896=VERTEX_POINT('',#3036);
#897=VERTEX_POINT('',#3038);
#898=VERTEX_POINT('',#3041);
#899=VERTEX_POINT('',#3043);
#900=VERTEX_POINT('',#3062);
#901=VERTEX_POINT('',#3066);
#902=VERTEX_POINT('',#3070);
#903=VERTEX_POINT('',#3071);
#904=VERTEX_POINT('',#3075);
#905=VERTEX_POINT('',#3077);
#906=VERTEX_POINT('',#3080);
#907=VERTEX_POINT('',#3082);
#908=VERTEX_POINT('',#3098);
#909=VERTEX_POINT('',#3100);
#910=VERTEX_POINT('',#3104);
#911=VERTEX_POINT('',#3108);
#912=VERTEX_POINT('',#3112);
#913=VERTEX_POINT('',#3113);
#914=VERTEX_POINT('',#3117);
#915=VERTEX_POINT('',#3120);
#916=VERTEX_POINT('',#3124);
#917=VERTEX_POINT('',#3126);
#918=VERTEX_POINT('',#3141);
#919=VERTEX_POINT('',#3143);
#920=VERTEX_POINT('',#3148);
#921=VERTEX_POINT('',#3150);
#922=VERTEX_POINT('',#3154);
#923=VERTEX_POINT('',#3158);
#924=VERTEX_POINT('',#3168);
#925=VERTEX_POINT('',#3172);
#926=VERTEX_POINT('',#3176);
#927=VERTEX_POINT('',#3180);
#928=VERTEX_POINT('',#3184);
#929=VERTEX_POINT('',#3194);
#930=VERTEX_POINT('',#3200);
#931=VERTEX_POINT('',#3205);
#932=VERTEX_POINT('',#3207);
#933=VERTEX_POINT('',#3209);
#934=VERTEX_POINT('',#3211);
#935=VERTEX_POINT('',#3213);
#936=VERTEX_POINT('',#3224);
#937=VERTEX_POINT('',#3225);
#938=VERTEX_POINT('',#3227);
#939=VERTEX_POINT('',#3229);
#940=VERTEX_POINT('',#3231);
#941=VERTEX_POINT('',#3233);
#942=VERTEX_POINT('',#3236);
#943=VERTEX_POINT('',#3238);
#944=VERTEX_POINT('',#3240);
#945=VERTEX_POINT('',#3242);
#946=VERTEX_POINT('',#3244);
#947=VERTEX_POINT('',#3246);
#948=VERTEX_POINT('',#3253);
#949=VERTEX_POINT('',#3266);
#950=VERTEX_POINT('',#3279);
#951=VERTEX_POINT('',#3280);
#952=VERTEX_POINT('',#3287);
#953=VERTEX_POINT('',#3289);
#954=VERTEX_POINT('',#3306);
#955=VERTEX_POINT('',#3331);
#956=VERTEX_POINT('',#3336);
#957=VERTEX_POINT('',#3340);
#958=EDGE_CURVE('',#772,#773,#704,.T.);
#959=EDGE_CURVE('',#773,#774,#320,.T.);
#960=EDGE_CURVE('',#774,#775,#309,.F.);
#961=EDGE_CURVE('',#775,#772,#321,.T.);
#962=EDGE_CURVE('',#775,#776,#310,.T.);
#963=EDGE_CURVE('',#776,#777,#322,.T.);
#964=EDGE_CURVE('',#772,#777,#705,.T.);
#965=EDGE_CURVE('',#778,#779,#323,.F.);
#966=EDGE_CURVE('',#780,#778,#324,.T.);
#967=EDGE_CURVE('',#781,#780,#706,.T.);
#968=EDGE_CURVE('',#779,#781,#325,.T.);
#969=EDGE_CURVE('',#779,#782,#326,.T.);
#970=EDGE_CURVE('',#783,#781,#327,.T.);
#971=EDGE_CURVE('',#783,#782,#328,.F.);
#972=EDGE_CURVE('',#784,#785,#329,.T.);
#973=EDGE_CURVE('',#784,#786,#330,.T.);
#974=EDGE_CURVE('',#786,#787,#707,.T.);
#975=EDGE_CURVE('',#787,#785,#331,.T.);
#976=EDGE_CURVE('',#785,#788,#332,.T.);
#977=EDGE_CURVE('',#787,#789,#333,.T.);
#978=EDGE_CURVE('',#788,#789,#334,.F.);
#979=EDGE_CURVE('',#790,#791,#335,.T.);
#980=EDGE_CURVE('',#790,#792,#336,.T.);
#981=EDGE_CURVE('',#792,#793,#708,.T.);
#982=EDGE_CURVE('',#793,#791,#337,.T.);
#983=EDGE_CURVE('',#791,#794,#338,.T.);
#984=EDGE_CURVE('',#793,#795,#339,.T.);
#985=EDGE_CURVE('',#794,#795,#340,.F.);
#986=EDGE_CURVE('',#796,#797,#341,.F.);
#987=EDGE_CURVE('',#798,#796,#342,.T.);
#988=EDGE_CURVE('',#799,#798,#709,.T.);
#989=EDGE_CURVE('',#797,#799,#343,.T.);
#990=EDGE_CURVE('',#797,#800,#344,.T.);
#991=EDGE_CURVE('',#801,#799,#345,.T.);
#992=EDGE_CURVE('',#801,#800,#346,.F.);
#993=EDGE_CURVE('',#782,#802,#347,.T.);
#994=EDGE_CURVE('',#803,#783,#710,.F.);
#995=EDGE_CURVE('',#802,#803,#348,.F.);
#996=EDGE_CURVE('',#802,#778,#349,.T.);
#997=EDGE_CURVE('',#803,#780,#350,.T.);
#998=EDGE_CURVE('',#788,#804,#351,.F.);
#999=EDGE_CURVE('',#789,#805,#711,.F.);
#1000=EDGE_CURVE('',#805,#804,#352,.F.);
#1001=EDGE_CURVE('',#804,#784,#353,.T.);
#1002=EDGE_CURVE('',#786,#805,#354,.T.);
#1003=EDGE_CURVE('',#794,#806,#355,.F.);
#1004=EDGE_CURVE('',#795,#807,#712,.F.);
#1005=EDGE_CURVE('',#807,#806,#356,.F.);
#1006=EDGE_CURVE('',#806,#790,#357,.T.);
#1007=EDGE_CURVE('',#792,#807,#358,.T.);
#1008=EDGE_CURVE('',#800,#808,#359,.T.);
#1009=EDGE_CURVE('',#809,#801,#713,.F.);
#1010=EDGE_CURVE('',#808,#809,#360,.F.);
#1011=EDGE_CURVE('',#808,#796,#361,.T.);
#1012=EDGE_CURVE('',#809,#798,#362,.T.);
#1013=EDGE_CURVE('',#810,#811,#714,.T.);
#1014=EDGE_CURVE('',#812,#811,#363,.T.);
#1015=EDGE_CURVE('',#812,#813,#715,.T.);
#1016=EDGE_CURVE('',#814,#813,#364,.T.);
#1017=EDGE_CURVE('',#814,#815,#716,.T.);
#1018=EDGE_CURVE('',#816,#815,#365,.T.);
#1019=EDGE_CURVE('',#816,#817,#717,.T.);
#1020=EDGE_CURVE('',#810,#817,#366,.T.);
#1021=EDGE_CURVE('',#818,#819,#718,.T.);
#1022=EDGE_CURVE('',#820,#818,#367,.T.);
#1023=EDGE_CURVE('',#821,#820,#719,.T.);
#1024=EDGE_CURVE('',#822,#821,#368,.T.);
#1025=EDGE_CURVE('',#823,#822,#720,.T.);
#1026=EDGE_CURVE('',#824,#823,#369,.T.);
#1027=EDGE_CURVE('',#825,#824,#721,.T.);
#1028=EDGE_CURVE('',#819,#825,#370,.T.);
#1029=EDGE_CURVE('',#818,#826,#371,.T.);
#1030=EDGE_CURVE('',#827,#826,#372,.T.);
#1031=EDGE_CURVE('',#820,#827,#373,.T.);
#1032=EDGE_CURVE('',#828,#827,#722,.T.);
#1033=EDGE_CURVE('',#821,#828,#374,.T.);
#1034=EDGE_CURVE('',#829,#828,#375,.T.);
#1035=EDGE_CURVE('',#822,#829,#376,.T.);
#1036=EDGE_CURVE('',#830,#829,#723,.T.);
#1037=EDGE_CURVE('',#823,#830,#377,.T.);
#1038=EDGE_CURVE('',#831,#830,#378,.T.);
#1039=EDGE_CURVE('',#824,#831,#379,.T.);
#1040=EDGE_CURVE('',#832,#831,#724,.T.);
#1041=EDGE_CURVE('',#825,#832,#380,.T.);
#1042=EDGE_CURVE('',#833,#832,#381,.T.);
#1043=EDGE_CURVE('',#819,#833,#382,.T.);
#1044=EDGE_CURVE('',#826,#833,#725,.T.);
#1045=EDGE_CURVE('',#834,#835,#383,.T.);
#1046=EDGE_CURVE('',#836,#834,#384,.T.);
#1047=EDGE_CURVE('',#837,#836,#385,.T.);
#1048=EDGE_CURVE('',#838,#837,#386,.T.);
#1049=EDGE_CURVE('',#835,#838,#387,.T.);
#1050=EDGE_CURVE('',#836,#839,#388,.T.);
#1051=EDGE_CURVE('',#840,#839,#389,.T.);
#1052=EDGE_CURVE('',#837,#840,#390,.T.);
#1053=EDGE_CURVE('',#838,#841,#391,.T.);
#1054=EDGE_CURVE('',#842,#841,#392,.T.);
#1055=EDGE_CURVE('',#835,#842,#393,.T.);
#1056=EDGE_CURVE('',#817,#843,#394,.T.);
#1057=EDGE_CURVE('',#843,#844,#395,.T.);
#1058=EDGE_CURVE('',#844,#845,#396,.T.);
#1059=EDGE_CURVE('',#845,#846,#397,.T.);
#1060=EDGE_CURVE('',#846,#847,#398,.T.);
#1061=EDGE_CURVE('',#848,#847,#399,.T.);
#1062=EDGE_CURVE('',#849,#848,#400,.T.);
#1063=EDGE_CURVE('',#849,#850,#401,.T.);
#1064=EDGE_CURVE('',#850,#851,#402,.T.);
#1065=EDGE_CURVE('',#851,#852,#403,.T.);
#1066=EDGE_CURVE('',#810,#852,#404,.T.);
#1067=EDGE_CURVE('',#853,#842,#405,.T.);
#1068=EDGE_CURVE('',#834,#853,#406,.T.);
#1069=EDGE_CURVE('',#815,#854,#407,.T.);
#1070=EDGE_CURVE('',#854,#855,#408,.T.);
#1071=EDGE_CURVE('',#855,#856,#409,.T.);
#1072=EDGE_CURVE('',#856,#857,#410,.T.);
#1073=EDGE_CURVE('',#857,#858,#411,.T.);
#1074=EDGE_CURVE('',#859,#858,#412,.T.);
#1075=EDGE_CURVE('',#860,#859,#413,.T.);
#1076=EDGE_CURVE('',#860,#861,#414,.T.);
#1077=EDGE_CURVE('',#861,#862,#415,.T.);
#1078=EDGE_CURVE('',#862,#863,#416,.T.);
#1079=EDGE_CURVE('',#816,#863,#417,.T.);
#1080=EDGE_CURVE('',#864,#813,#418,.T.);
#1081=EDGE_CURVE('',#864,#865,#419,.T.);
#1082=EDGE_CURVE('',#865,#866,#420,.T.);
#1083=EDGE_CURVE('',#866,#867,#421,.T.);
#1084=EDGE_CURVE('',#868,#867,#422,.T.);
#1085=EDGE_CURVE('',#869,#868,#423,.T.);
#1086=EDGE_CURVE('',#870,#869,#424,.T.);
#1087=EDGE_CURVE('',#871,#870,#425,.T.);
#1088=EDGE_CURVE('',#872,#871,#426,.T.);
#1089=EDGE_CURVE('',#873,#872,#427,.T.);
#1090=EDGE_CURVE('',#874,#873,#428,.T.);
#1091=EDGE_CURVE('',#874,#875,#429,.T.);
#1092=EDGE_CURVE('',#875,#876,#430,.T.);
#1093=EDGE_CURVE('',#876,#877,#431,.T.);
#1094=EDGE_CURVE('',#814,#877,#432,.T.);
#1095=EDGE_CURVE('',#839,#853,#433,.T.);
#1096=EDGE_CURVE('',#841,#840,#434,.T.);
#1097=EDGE_CURVE('',#878,#879,#726,.T.);
#1098=EDGE_CURVE('',#879,#880,#435,.T.);
#1099=EDGE_CURVE('',#880,#881,#727,.T.);
#1100=EDGE_CURVE('',#881,#882,#436,.T.);
#1101=EDGE_CURVE('',#882,#883,#728,.T.);
#1102=EDGE_CURVE('',#883,#884,#437,.T.);
#1103=EDGE_CURVE('',#884,#885,#729,.T.);
#1104=EDGE_CURVE('',#885,#878,#438,.T.);
#1105=EDGE_CURVE('',#886,#887,#17,.T.);
#1106=EDGE_CURVE('',#887,#888,#730,.T.);
#1107=EDGE_CURVE('',#888,#889,#18,.T.);
#1108=EDGE_CURVE('',#889,#890,#439,.T.);
#1109=EDGE_CURVE('',#890,#890,#731,.T.);
#1110=EDGE_CURVE('',#889,#891,#19,.T.);
#1111=EDGE_CURVE('',#891,#886,#311,.T.);
#1112=EDGE_CURVE('',#887,#844,#440,.T.);
#1113=EDGE_CURVE('',#863,#843,#732,.T.);
#1114=EDGE_CURVE('',#862,#888,#441,.T.);
#1115=EDGE_CURVE('',#892,#886,#442,.T.);
#1116=EDGE_CURVE('',#892,#845,#443,.T.);
#1117=EDGE_CURVE('',#890,#893,#444,.T.);
#1118=EDGE_CURVE('',#893,#893,#733,.T.);
#1119=EDGE_CURVE('',#894,#895,#20,.T.);
#1120=EDGE_CURVE('',#895,#896,#734,.T.);
#1121=EDGE_CURVE('',#896,#897,#445,.T.);
#1122=EDGE_CURVE('',#897,#897,#735,.T.);
#1123=EDGE_CURVE('',#896,#898,#736,.T.);
#1124=EDGE_CURVE('',#898,#899,#21,.T.);
#1125=EDGE_CURVE('',#899,#894,#312,.T.);
#1126=EDGE_CURVE('',#895,#855,#446,.T.);
#1127=EDGE_CURVE('',#877,#854,#737,.T.);
#1128=EDGE_CURVE('',#876,#898,#447,.T.);
#1129=EDGE_CURVE('',#900,#894,#448,.T.);
#1130=EDGE_CURVE('',#900,#856,#449,.T.);
#1131=EDGE_CURVE('',#897,#901,#450,.T.);
#1132=EDGE_CURVE('',#901,#901,#738,.T.);
#1133=EDGE_CURVE('',#902,#903,#22,.T.);
#1134=EDGE_CURVE('',#903,#904,#739,.T.);
#1135=EDGE_CURVE('',#904,#905,#451,.T.);
#1136=EDGE_CURVE('',#905,#905,#740,.T.);
#1137=EDGE_CURVE('',#904,#906,#741,.T.);
#1138=EDGE_CURVE('',#906,#907,#23,.T.);
#1139=EDGE_CURVE('',#907,#902,#313,.T.);
#1140=EDGE_CURVE('',#903,#865,#452,.T.);
#1141=EDGE_CURVE('',#908,#864,#742,.T.);
#1142=EDGE_CURVE('',#909,#908,#453,.T.);
#1143=EDGE_CURVE('',#909,#906,#454,.T.);
#1144=EDGE_CURVE('',#910,#902,#455,.T.);
#1145=EDGE_CURVE('',#910,#866,#456,.T.);
#1146=EDGE_CURVE('',#905,#911,#457,.T.);
#1147=EDGE_CURVE('',#911,#911,#743,.T.);
#1148=EDGE_CURVE('',#912,#913,#24,.T.);
#1149=EDGE_CURVE('',#913,#914,#458,.T.);
#1150=EDGE_CURVE('',#914,#914,#744,.T.);
#1151=EDGE_CURVE('',#913,#915,#25,.T.);
#1152=EDGE_CURVE('',#915,#916,#745,.T.);
#1153=EDGE_CURVE('',#916,#917,#26,.T.);
#1154=EDGE_CURVE('',#917,#912,#314,.T.);
#1155=EDGE_CURVE('',#915,#918,#459,.T.);
#1156=EDGE_CURVE('',#919,#918,#460,.T.);
#1157=EDGE_CURVE('',#852,#919,#746,.T.);
#1158=EDGE_CURVE('',#851,#916,#461,.T.);
#1159=EDGE_CURVE('',#920,#912,#462,.T.);
#1160=EDGE_CURVE('',#920,#921,#463,.T.);
#1161=EDGE_CURVE('',#918,#921,#464,.T.);
#1162=EDGE_CURVE('',#914,#922,#465,.T.);
#1163=EDGE_CURVE('',#922,#922,#747,.T.);
#1164=EDGE_CURVE('',#923,#899,#466,.T.);
#1165=EDGE_CURVE('',#900,#923,#748,.T.);
#1166=EDGE_CURVE('',#875,#923,#467,.T.);
#1167=EDGE_CURVE('',#857,#874,#749,.T.);
#1168=EDGE_CURVE('',#858,#873,#750,.T.);
#1169=EDGE_CURVE('',#924,#907,#468,.T.);
#1170=EDGE_CURVE('',#910,#924,#751,.T.);
#1171=EDGE_CURVE('',#925,#909,#469,.T.);
#1172=EDGE_CURVE('',#925,#924,#470,.T.);
#1173=EDGE_CURVE('',#926,#925,#471,.T.);
#1174=EDGE_CURVE('',#867,#926,#752,.T.);
#1175=EDGE_CURVE('',#926,#927,#472,.T.);
#1176=EDGE_CURVE('',#868,#927,#753,.T.);
#1177=EDGE_CURVE('',#928,#891,#473,.T.);
#1178=EDGE_CURVE('',#892,#928,#754,.T.);
#1179=EDGE_CURVE('',#861,#928,#474,.T.);
#1180=EDGE_CURVE('',#846,#860,#755,.T.);
#1181=EDGE_CURVE('',#847,#859,#756,.T.);
#1182=EDGE_CURVE('',#929,#917,#475,.T.);
#1183=EDGE_CURVE('',#920,#929,#757,.T.);
#1184=EDGE_CURVE('',#850,#929,#476,.T.);
#1185=EDGE_CURVE('',#930,#849,#758,.T.);
#1186=EDGE_CURVE('',#921,#930,#477,.T.);
#1187=EDGE_CURVE('',#811,#919,#478,.T.);
#1188=EDGE_CURVE('',#930,#931,#479,.T.);
#1189=EDGE_CURVE('',#932,#931,#480,.T.);
#1190=EDGE_CURVE('',#932,#933,#481,.T.);
#1191=EDGE_CURVE('',#933,#934,#482,.T.);
#1192=EDGE_CURVE('',#934,#935,#483,.T.);
#1193=EDGE_CURVE('',#927,#935,#484,.T.);
#1194=EDGE_CURVE('',#812,#908,#485,.T.);
#1195=EDGE_CURVE('',#931,#848,#759,.T.);
#1196=EDGE_CURVE('',#936,#937,#486,.T.);
#1197=EDGE_CURVE('',#936,#938,#760,.T.);
#1198=EDGE_CURVE('',#938,#939,#487,.T.);
#1199=EDGE_CURVE('',#939,#940,#761,.T.);
#1200=EDGE_CURVE('',#940,#941,#488,.T.);
#1201=EDGE_CURVE('',#941,#932,#762,.T.);
#1202=EDGE_CURVE('',#872,#942,#763,.T.);
#1203=EDGE_CURVE('',#942,#943,#489,.T.);
#1204=EDGE_CURVE('',#943,#944,#764,.T.);
#1205=EDGE_CURVE('',#944,#945,#490,.T.);
#1206=EDGE_CURVE('',#945,#946,#765,.T.);
#1207=EDGE_CURVE('',#946,#947,#491,.T.);
#1208=EDGE_CURVE('',#947,#937,#766,.T.);
#1209=EDGE_CURVE('',#777,#871,#492,.T.);
#1210=EDGE_CURVE('',#871,#776,#767,.T.);
#1211=EDGE_CURVE('',#941,#948,#493,.T.);
#1212=EDGE_CURVE('',#948,#933,#315,.T.);
#1213=EDGE_CURVE('',#949,#948,#494,.T.);
#1214=EDGE_CURVE('',#949,#934,#316,.F.);
#1215=EDGE_CURVE('',#950,#951,#495,.T.);
#1216=EDGE_CURVE('',#951,#936,#15,.T.);
#1217=EDGE_CURVE('',#950,#937,#16,.T.);
#1218=EDGE_CURVE('',#947,#950,#496,.T.);
#1219=EDGE_CURVE('',#952,#869,#768,.T.);
#1220=EDGE_CURVE('',#952,#953,#497,.T.);
#1221=EDGE_CURVE('',#953,#869,#317,.F.);
#1222=EDGE_CURVE('',#954,#872,#318,.F.);
#1223=EDGE_CURVE('',#774,#870,#319,.T.);
#1224=EDGE_CURVE('',#954,#953,#498,.T.);
#1225=EDGE_CURVE('',#935,#955,#769,.T.);
#1226=EDGE_CURVE('',#949,#955,#499,.T.);
#1227=EDGE_CURVE('',#880,#940,#500,.T.);
#1228=EDGE_CURVE('',#879,#956,#501,.T.);
#1229=EDGE_CURVE('',#955,#956,#502,.T.);
#1230=EDGE_CURVE('',#956,#957,#770,.T.);
#1231=EDGE_CURVE('',#878,#957,#503,.T.);
#1232=EDGE_CURVE('',#954,#942,#504,.T.);
#1233=EDGE_CURVE('',#957,#952,#505,.T.);
#1234=EDGE_CURVE('',#885,#943,#506,.T.);
#1235=EDGE_CURVE('',#870,#773,#771,.T.);
#1236=EDGE_CURVE('',#884,#944,#507,.T.);
#1237=EDGE_CURVE('',#883,#945,#508,.T.);
#1238=EDGE_CURVE('',#882,#946,#509,.T.);
#1239=EDGE_CURVE('',#951,#938,#510,.T.);
#1240=EDGE_CURVE('',#939,#881,#511,.T.);
#1241=ORIENTED_EDGE('',*,*,#958,.T.);
#1242=ORIENTED_EDGE('',*,*,#959,.T.);
#1243=ORIENTED_EDGE('',*,*,#960,.T.);
#1244=ORIENTED_EDGE('',*,*,#961,.T.);
#1245=ORIENTED_EDGE('',*,*,#961,.F.);
#1246=ORIENTED_EDGE('',*,*,#962,.T.);
#1247=ORIENTED_EDGE('',*,*,#963,.T.);
#1248=ORIENTED_EDGE('',*,*,#964,.F.);
#1249=ORIENTED_EDGE('',*,*,#965,.F.);
#1250=ORIENTED_EDGE('',*,*,#966,.F.);
#1251=ORIENTED_EDGE('',*,*,#967,.F.);
#1252=ORIENTED_EDGE('',*,*,#968,.F.);
#1253=ORIENTED_EDGE('',*,*,#969,.F.);
#1254=ORIENTED_EDGE('',*,*,#968,.T.);
#1255=ORIENTED_EDGE('',*,*,#970,.F.);
#1256=ORIENTED_EDGE('',*,*,#971,.T.);
#1257=ORIENTED_EDGE('',*,*,#972,.F.);
#1258=ORIENTED_EDGE('',*,*,#973,.T.);
#1259=ORIENTED_EDGE('',*,*,#974,.T.);
#1260=ORIENTED_EDGE('',*,*,#975,.T.);
#1261=ORIENTED_EDGE('',*,*,#976,.F.);
#1262=ORIENTED_EDGE('',*,*,#975,.F.);
#1263=ORIENTED_EDGE('',*,*,#977,.T.);
#1264=ORIENTED_EDGE('',*,*,#978,.F.);
#1265=ORIENTED_EDGE('',*,*,#979,.F.);
#1266=ORIENTED_EDGE('',*,*,#980,.T.);
#1267=ORIENTED_EDGE('',*,*,#981,.T.);
#1268=ORIENTED_EDGE('',*,*,#982,.T.);
#1269=ORIENTED_EDGE('',*,*,#983,.F.);
#1270=ORIENTED_EDGE('',*,*,#982,.F.);
#1271=ORIENTED_EDGE('',*,*,#984,.T.);
#1272=ORIENTED_EDGE('',*,*,#985,.F.);
#1273=ORIENTED_EDGE('',*,*,#986,.F.);
#1274=ORIENTED_EDGE('',*,*,#987,.F.);
#1275=ORIENTED_EDGE('',*,*,#988,.F.);
#1276=ORIENTED_EDGE('',*,*,#989,.F.);
#1277=ORIENTED_EDGE('',*,*,#990,.F.);
#1278=ORIENTED_EDGE('',*,*,#989,.T.);
#1279=ORIENTED_EDGE('',*,*,#991,.F.);
#1280=ORIENTED_EDGE('',*,*,#992,.T.);
#1281=ORIENTED_EDGE('',*,*,#993,.F.);
#1282=ORIENTED_EDGE('',*,*,#971,.F.);
#1283=ORIENTED_EDGE('',*,*,#994,.F.);
#1284=ORIENTED_EDGE('',*,*,#995,.F.);
#1285=ORIENTED_EDGE('',*,*,#996,.F.);
#1286=ORIENTED_EDGE('',*,*,#995,.T.);
#1287=ORIENTED_EDGE('',*,*,#997,.T.);
#1288=ORIENTED_EDGE('',*,*,#966,.T.);
#1289=ORIENTED_EDGE('',*,*,#994,.T.);
#1290=ORIENTED_EDGE('',*,*,#970,.T.);
#1291=ORIENTED_EDGE('',*,*,#967,.T.);
#1292=ORIENTED_EDGE('',*,*,#997,.F.);
#1293=ORIENTED_EDGE('',*,*,#998,.F.);
#1294=ORIENTED_EDGE('',*,*,#978,.T.);
#1295=ORIENTED_EDGE('',*,*,#999,.T.);
#1296=ORIENTED_EDGE('',*,*,#1000,.T.);
#1297=ORIENTED_EDGE('',*,*,#1001,.F.);
#1298=ORIENTED_EDGE('',*,*,#1000,.F.);
#1299=ORIENTED_EDGE('',*,*,#1002,.F.);
#1300=ORIENTED_EDGE('',*,*,#973,.F.);
#1301=ORIENTED_EDGE('',*,*,#974,.F.);
#1302=ORIENTED_EDGE('',*,*,#1002,.T.);
#1303=ORIENTED_EDGE('',*,*,#999,.F.);
#1304=ORIENTED_EDGE('',*,*,#977,.F.);
#1305=ORIENTED_EDGE('',*,*,#1003,.F.);
#1306=ORIENTED_EDGE('',*,*,#985,.T.);
#1307=ORIENTED_EDGE('',*,*,#1004,.T.);
#1308=ORIENTED_EDGE('',*,*,#1005,.T.);
#1309=ORIENTED_EDGE('',*,*,#1006,.F.);
#1310=ORIENTED_EDGE('',*,*,#1005,.F.);
#1311=ORIENTED_EDGE('',*,*,#1007,.F.);
#1312=ORIENTED_EDGE('',*,*,#980,.F.);
#1313=ORIENTED_EDGE('',*,*,#981,.F.);
#1314=ORIENTED_EDGE('',*,*,#1007,.T.);
#1315=ORIENTED_EDGE('',*,*,#1004,.F.);
#1316=ORIENTED_EDGE('',*,*,#984,.F.);
#1317=ORIENTED_EDGE('',*,*,#1008,.F.);
#1318=ORIENTED_EDGE('',*,*,#992,.F.);
#1319=ORIENTED_EDGE('',*,*,#1009,.F.);
#1320=ORIENTED_EDGE('',*,*,#1010,.F.);
#1321=ORIENTED_EDGE('',*,*,#1011,.F.);
#1322=ORIENTED_EDGE('',*,*,#1010,.T.);
#1323=ORIENTED_EDGE('',*,*,#1012,.T.);
#1324=ORIENTED_EDGE('',*,*,#987,.T.);
#1325=ORIENTED_EDGE('',*,*,#1009,.T.);
#1326=ORIENTED_EDGE('',*,*,#991,.T.);
#1327=ORIENTED_EDGE('',*,*,#988,.T.);
#1328=ORIENTED_EDGE('',*,*,#1012,.F.);
#1329=ORIENTED_EDGE('',*,*,#1013,.T.);
#1330=ORIENTED_EDGE('',*,*,#1014,.F.);
#1331=ORIENTED_EDGE('',*,*,#1015,.T.);
#1332=ORIENTED_EDGE('',*,*,#1016,.F.);
#1333=ORIENTED_EDGE('',*,*,#1017,.T.);
#1334=ORIENTED_EDGE('',*,*,#1018,.F.);
#1335=ORIENTED_EDGE('',*,*,#1019,.T.);
#1336=ORIENTED_EDGE('',*,*,#1020,.F.);
#1337=ORIENTED_EDGE('',*,*,#1021,.F.);
#1338=ORIENTED_EDGE('',*,*,#1022,.F.);
#1339=ORIENTED_EDGE('',*,*,#1023,.F.);
#1340=ORIENTED_EDGE('',*,*,#1024,.F.);
#1341=ORIENTED_EDGE('',*,*,#1025,.F.);
#1342=ORIENTED_EDGE('',*,*,#1026,.F.);
#1343=ORIENTED_EDGE('',*,*,#1027,.F.);
#1344=ORIENTED_EDGE('',*,*,#1028,.F.);
#1345=ORIENTED_EDGE('',*,*,#1022,.T.);
#1346=ORIENTED_EDGE('',*,*,#1029,.T.);
#1347=ORIENTED_EDGE('',*,*,#1030,.F.);
#1348=ORIENTED_EDGE('',*,*,#1031,.F.);
#1349=ORIENTED_EDGE('',*,*,#1023,.T.);
#1350=ORIENTED_EDGE('',*,*,#1031,.T.);
#1351=ORIENTED_EDGE('',*,*,#1032,.F.);
#1352=ORIENTED_EDGE('',*,*,#1033,.F.);
#1353=ORIENTED_EDGE('',*,*,#1024,.T.);
#1354=ORIENTED_EDGE('',*,*,#1033,.T.);
#1355=ORIENTED_EDGE('',*,*,#1034,.F.);
#1356=ORIENTED_EDGE('',*,*,#1035,.F.);
#1357=ORIENTED_EDGE('',*,*,#1025,.T.);
#1358=ORIENTED_EDGE('',*,*,#1035,.T.);
#1359=ORIENTED_EDGE('',*,*,#1036,.F.);
#1360=ORIENTED_EDGE('',*,*,#1037,.F.);
#1361=ORIENTED_EDGE('',*,*,#1026,.T.);
#1362=ORIENTED_EDGE('',*,*,#1037,.T.);
#1363=ORIENTED_EDGE('',*,*,#1038,.F.);
#1364=ORIENTED_EDGE('',*,*,#1039,.F.);
#1365=ORIENTED_EDGE('',*,*,#1027,.T.);
#1366=ORIENTED_EDGE('',*,*,#1039,.T.);
#1367=ORIENTED_EDGE('',*,*,#1040,.F.);
#1368=ORIENTED_EDGE('',*,*,#1041,.F.);
#1369=ORIENTED_EDGE('',*,*,#1028,.T.);
#1370=ORIENTED_EDGE('',*,*,#1041,.T.);
#1371=ORIENTED_EDGE('',*,*,#1042,.F.);
#1372=ORIENTED_EDGE('',*,*,#1043,.F.);
#1373=ORIENTED_EDGE('',*,*,#1021,.T.);
#1374=ORIENTED_EDGE('',*,*,#1043,.T.);
#1375=ORIENTED_EDGE('',*,*,#1044,.F.);
#1376=ORIENTED_EDGE('',*,*,#1029,.F.);
#1377=ORIENTED_EDGE('',*,*,#1045,.F.);
#1378=ORIENTED_EDGE('',*,*,#1046,.F.);
#1379=ORIENTED_EDGE('',*,*,#1047,.F.);
#1380=ORIENTED_EDGE('',*,*,#1048,.F.);
#1381=ORIENTED_EDGE('',*,*,#1049,.F.);
#1382=ORIENTED_EDGE('',*,*,#1044,.T.);
#1383=ORIENTED_EDGE('',*,*,#1042,.T.);
#1384=ORIENTED_EDGE('',*,*,#1040,.T.);
#1385=ORIENTED_EDGE('',*,*,#1038,.T.);
#1386=ORIENTED_EDGE('',*,*,#1036,.T.);
#1387=ORIENTED_EDGE('',*,*,#1034,.T.);
#1388=ORIENTED_EDGE('',*,*,#1032,.T.);
#1389=ORIENTED_EDGE('',*,*,#1030,.T.);
#1390=ORIENTED_EDGE('',*,*,#1047,.T.);
#1391=ORIENTED_EDGE('',*,*,#1050,.T.);
#1392=ORIENTED_EDGE('',*,*,#1051,.F.);
#1393=ORIENTED_EDGE('',*,*,#1052,.F.);
#1394=ORIENTED_EDGE('',*,*,#1049,.T.);
#1395=ORIENTED_EDGE('',*,*,#1053,.T.);
#1396=ORIENTED_EDGE('',*,*,#1054,.F.);
#1397=ORIENTED_EDGE('',*,*,#1055,.F.);
#1398=ORIENTED_EDGE('',*,*,#1020,.T.);
#1399=ORIENTED_EDGE('',*,*,#1056,.T.);
#1400=ORIENTED_EDGE('',*,*,#1057,.T.);
#1401=ORIENTED_EDGE('',*,*,#1058,.T.);
#1402=ORIENTED_EDGE('',*,*,#1059,.T.);
#1403=ORIENTED_EDGE('',*,*,#1060,.T.);
#1404=ORIENTED_EDGE('',*,*,#1061,.F.);
#1405=ORIENTED_EDGE('',*,*,#1062,.F.);
#1406=ORIENTED_EDGE('',*,*,#1063,.T.);
#1407=ORIENTED_EDGE('',*,*,#1064,.T.);
#1408=ORIENTED_EDGE('',*,*,#1065,.T.);
#1409=ORIENTED_EDGE('',*,*,#1066,.F.);
#1410=ORIENTED_EDGE('',*,*,#1045,.T.);
#1411=ORIENTED_EDGE('',*,*,#1055,.T.);
#1412=ORIENTED_EDGE('',*,*,#1067,.F.);
#1413=ORIENTED_EDGE('',*,*,#1068,.F.);
#1414=ORIENTED_EDGE('',*,*,#1018,.T.);
#1415=ORIENTED_EDGE('',*,*,#1069,.T.);
#1416=ORIENTED_EDGE('',*,*,#1070,.T.);
#1417=ORIENTED_EDGE('',*,*,#1071,.T.);
#1418=ORIENTED_EDGE('',*,*,#1072,.T.);
#1419=ORIENTED_EDGE('',*,*,#1073,.T.);
#1420=ORIENTED_EDGE('',*,*,#1074,.F.);
#1421=ORIENTED_EDGE('',*,*,#1075,.F.);
#1422=ORIENTED_EDGE('',*,*,#1076,.T.);
#1423=ORIENTED_EDGE('',*,*,#1077,.T.);
#1424=ORIENTED_EDGE('',*,*,#1078,.T.);
#1425=ORIENTED_EDGE('',*,*,#1079,.F.);
#1426=ORIENTED_EDGE('',*,*,#1016,.T.);
#1427=ORIENTED_EDGE('',*,*,#1080,.F.);
#1428=ORIENTED_EDGE('',*,*,#1081,.T.);
#1429=ORIENTED_EDGE('',*,*,#1082,.T.);
#1430=ORIENTED_EDGE('',*,*,#1083,.T.);
#1431=ORIENTED_EDGE('',*,*,#1084,.F.);
#1432=ORIENTED_EDGE('',*,*,#1085,.F.);
#1433=ORIENTED_EDGE('',*,*,#1086,.F.);
#1434=ORIENTED_EDGE('',*,*,#1087,.F.);
#1435=ORIENTED_EDGE('',*,*,#1088,.F.);
#1436=ORIENTED_EDGE('',*,*,#1089,.F.);
#1437=ORIENTED_EDGE('',*,*,#1090,.F.);
#1438=ORIENTED_EDGE('',*,*,#1091,.T.);
#1439=ORIENTED_EDGE('',*,*,#1092,.T.);
#1440=ORIENTED_EDGE('',*,*,#1093,.T.);
#1441=ORIENTED_EDGE('',*,*,#1094,.F.);
#1442=ORIENTED_EDGE('',*,*,#1046,.T.);
#1443=ORIENTED_EDGE('',*,*,#1068,.T.);
#1444=ORIENTED_EDGE('',*,*,#1095,.F.);
#1445=ORIENTED_EDGE('',*,*,#1050,.F.);
#1446=ORIENTED_EDGE('',*,*,#1048,.T.);
#1447=ORIENTED_EDGE('',*,*,#1052,.T.);
#1448=ORIENTED_EDGE('',*,*,#1096,.F.);
#1449=ORIENTED_EDGE('',*,*,#1053,.F.);
#1450=ORIENTED_EDGE('',*,*,#1097,.T.);
#1451=ORIENTED_EDGE('',*,*,#1098,.T.);
#1452=ORIENTED_EDGE('',*,*,#1099,.T.);
#1453=ORIENTED_EDGE('',*,*,#1100,.T.);
#1454=ORIENTED_EDGE('',*,*,#1101,.T.);
#1455=ORIENTED_EDGE('',*,*,#1102,.T.);
#1456=ORIENTED_EDGE('',*,*,#1103,.T.);
#1457=ORIENTED_EDGE('',*,*,#1104,.T.);
#1458=ORIENTED_EDGE('',*,*,#1067,.T.);
#1459=ORIENTED_EDGE('',*,*,#1054,.T.);
#1460=ORIENTED_EDGE('',*,*,#1096,.T.);
#1461=ORIENTED_EDGE('',*,*,#1051,.T.);
#1462=ORIENTED_EDGE('',*,*,#1095,.T.);
#1463=ORIENTED_EDGE('',*,*,#1105,.T.);
#1464=ORIENTED_EDGE('',*,*,#1106,.T.);
#1465=ORIENTED_EDGE('',*,*,#1107,.T.);
#1466=ORIENTED_EDGE('',*,*,#1108,.T.);
#1467=ORIENTED_EDGE('',*,*,#1109,.T.);
#1468=ORIENTED_EDGE('',*,*,#1108,.F.);
#1469=ORIENTED_EDGE('',*,*,#1110,.T.);
#1470=ORIENTED_EDGE('',*,*,#1111,.T.);
#1471=ORIENTED_EDGE('',*,*,#1106,.F.);
#1472=ORIENTED_EDGE('',*,*,#1112,.T.);
#1473=ORIENTED_EDGE('',*,*,#1057,.F.);
#1474=ORIENTED_EDGE('',*,*,#1113,.F.);
#1475=ORIENTED_EDGE('',*,*,#1078,.F.);
#1476=ORIENTED_EDGE('',*,*,#1114,.T.);
#1477=ORIENTED_EDGE('',*,*,#1105,.F.);
#1478=ORIENTED_EDGE('',*,*,#1115,.F.);
#1479=ORIENTED_EDGE('',*,*,#1116,.T.);
#1480=ORIENTED_EDGE('',*,*,#1058,.F.);
#1481=ORIENTED_EDGE('',*,*,#1112,.F.);
#1482=ORIENTED_EDGE('',*,*,#1109,.F.);
#1483=ORIENTED_EDGE('',*,*,#1117,.T.);
#1484=ORIENTED_EDGE('',*,*,#1118,.F.);
#1485=ORIENTED_EDGE('',*,*,#1117,.F.);
#1486=ORIENTED_EDGE('',*,*,#1119,.T.);
#1487=ORIENTED_EDGE('',*,*,#1120,.T.);
#1488=ORIENTED_EDGE('',*,*,#1121,.T.);
#1489=ORIENTED_EDGE('',*,*,#1122,.T.);
#1490=ORIENTED_EDGE('',*,*,#1121,.F.);
#1491=ORIENTED_EDGE('',*,*,#1123,.T.);
#1492=ORIENTED_EDGE('',*,*,#1124,.T.);
#1493=ORIENTED_EDGE('',*,*,#1125,.T.);
#1494=ORIENTED_EDGE('',*,*,#1120,.F.);
#1495=ORIENTED_EDGE('',*,*,#1126,.T.);
#1496=ORIENTED_EDGE('',*,*,#1070,.F.);
#1497=ORIENTED_EDGE('',*,*,#1127,.F.);
#1498=ORIENTED_EDGE('',*,*,#1093,.F.);
#1499=ORIENTED_EDGE('',*,*,#1128,.T.);
#1500=ORIENTED_EDGE('',*,*,#1123,.F.);
#1501=ORIENTED_EDGE('',*,*,#1119,.F.);
#1502=ORIENTED_EDGE('',*,*,#1129,.F.);
#1503=ORIENTED_EDGE('',*,*,#1130,.T.);
#1504=ORIENTED_EDGE('',*,*,#1071,.F.);
#1505=ORIENTED_EDGE('',*,*,#1126,.F.);
#1506=ORIENTED_EDGE('',*,*,#1122,.F.);
#1507=ORIENTED_EDGE('',*,*,#1131,.T.);
#1508=ORIENTED_EDGE('',*,*,#1132,.F.);
#1509=ORIENTED_EDGE('',*,*,#1131,.F.);
#1510=ORIENTED_EDGE('',*,*,#1133,.T.);
#1511=ORIENTED_EDGE('',*,*,#1134,.T.);
#1512=ORIENTED_EDGE('',*,*,#1135,.T.);
#1513=ORIENTED_EDGE('',*,*,#1136,.T.);
#1514=ORIENTED_EDGE('',*,*,#1135,.F.);
#1515=ORIENTED_EDGE('',*,*,#1137,.T.);
#1516=ORIENTED_EDGE('',*,*,#1138,.T.);
#1517=ORIENTED_EDGE('',*,*,#1139,.T.);
#1518=ORIENTED_EDGE('',*,*,#1134,.F.);
#1519=ORIENTED_EDGE('',*,*,#1140,.T.);
#1520=ORIENTED_EDGE('',*,*,#1081,.F.);
#1521=ORIENTED_EDGE('',*,*,#1141,.F.);
#1522=ORIENTED_EDGE('',*,*,#1142,.F.);
#1523=ORIENTED_EDGE('',*,*,#1143,.T.);
#1524=ORIENTED_EDGE('',*,*,#1137,.F.);
#1525=ORIENTED_EDGE('',*,*,#1133,.F.);
#1526=ORIENTED_EDGE('',*,*,#1144,.F.);
#1527=ORIENTED_EDGE('',*,*,#1145,.T.);
#1528=ORIENTED_EDGE('',*,*,#1082,.F.);
#1529=ORIENTED_EDGE('',*,*,#1140,.F.);
#1530=ORIENTED_EDGE('',*,*,#1136,.F.);
#1531=ORIENTED_EDGE('',*,*,#1146,.T.);
#1532=ORIENTED_EDGE('',*,*,#1147,.F.);
#1533=ORIENTED_EDGE('',*,*,#1146,.F.);
#1534=ORIENTED_EDGE('',*,*,#1148,.T.);
#1535=ORIENTED_EDGE('',*,*,#1149,.T.);
#1536=ORIENTED_EDGE('',*,*,#1150,.T.);
#1537=ORIENTED_EDGE('',*,*,#1149,.F.);
#1538=ORIENTED_EDGE('',*,*,#1151,.T.);
#1539=ORIENTED_EDGE('',*,*,#1152,.T.);
#1540=ORIENTED_EDGE('',*,*,#1153,.T.);
#1541=ORIENTED_EDGE('',*,*,#1154,.T.);
#1542=ORIENTED_EDGE('',*,*,#1152,.F.);
#1543=ORIENTED_EDGE('',*,*,#1155,.T.);
#1544=ORIENTED_EDGE('',*,*,#1156,.F.);
#1545=ORIENTED_EDGE('',*,*,#1157,.F.);
#1546=ORIENTED_EDGE('',*,*,#1065,.F.);
#1547=ORIENTED_EDGE('',*,*,#1158,.T.);
#1548=ORIENTED_EDGE('',*,*,#1148,.F.);
#1549=ORIENTED_EDGE('',*,*,#1159,.F.);
#1550=ORIENTED_EDGE('',*,*,#1160,.T.);
#1551=ORIENTED_EDGE('',*,*,#1161,.F.);
#1552=ORIENTED_EDGE('',*,*,#1155,.F.);
#1553=ORIENTED_EDGE('',*,*,#1151,.F.);
#1554=ORIENTED_EDGE('',*,*,#1150,.F.);
#1555=ORIENTED_EDGE('',*,*,#1162,.T.);
#1556=ORIENTED_EDGE('',*,*,#1163,.F.);
#1557=ORIENTED_EDGE('',*,*,#1162,.F.);
#1558=ORIENTED_EDGE('',*,*,#1125,.F.);
#1559=ORIENTED_EDGE('',*,*,#1164,.F.);
#1560=ORIENTED_EDGE('',*,*,#1165,.F.);
#1561=ORIENTED_EDGE('',*,*,#1129,.T.);
#1562=ORIENTED_EDGE('',*,*,#1124,.F.);
#1563=ORIENTED_EDGE('',*,*,#1128,.F.);
#1564=ORIENTED_EDGE('',*,*,#1092,.F.);
#1565=ORIENTED_EDGE('',*,*,#1166,.T.);
#1566=ORIENTED_EDGE('',*,*,#1164,.T.);
#1567=ORIENTED_EDGE('',*,*,#1091,.F.);
#1568=ORIENTED_EDGE('',*,*,#1167,.F.);
#1569=ORIENTED_EDGE('',*,*,#1072,.F.);
#1570=ORIENTED_EDGE('',*,*,#1130,.F.);
#1571=ORIENTED_EDGE('',*,*,#1165,.T.);
#1572=ORIENTED_EDGE('',*,*,#1166,.F.);
#1573=ORIENTED_EDGE('',*,*,#1132,.T.);
#1574=ORIENTED_EDGE('',*,*,#1167,.T.);
#1575=ORIENTED_EDGE('',*,*,#1090,.T.);
#1576=ORIENTED_EDGE('',*,*,#1168,.F.);
#1577=ORIENTED_EDGE('',*,*,#1073,.F.);
#1578=ORIENTED_EDGE('',*,*,#1139,.F.);
#1579=ORIENTED_EDGE('',*,*,#1169,.F.);
#1580=ORIENTED_EDGE('',*,*,#1170,.F.);
#1581=ORIENTED_EDGE('',*,*,#1144,.T.);
#1582=ORIENTED_EDGE('',*,*,#1138,.F.);
#1583=ORIENTED_EDGE('',*,*,#1143,.F.);
#1584=ORIENTED_EDGE('',*,*,#1171,.F.);
#1585=ORIENTED_EDGE('',*,*,#1172,.T.);
#1586=ORIENTED_EDGE('',*,*,#1169,.T.);
#1587=ORIENTED_EDGE('',*,*,#1173,.F.);
#1588=ORIENTED_EDGE('',*,*,#1174,.F.);
#1589=ORIENTED_EDGE('',*,*,#1083,.F.);
#1590=ORIENTED_EDGE('',*,*,#1145,.F.);
#1591=ORIENTED_EDGE('',*,*,#1170,.T.);
#1592=ORIENTED_EDGE('',*,*,#1172,.F.);
#1593=ORIENTED_EDGE('',*,*,#1147,.T.);
#1594=ORIENTED_EDGE('',*,*,#1174,.T.);
#1595=ORIENTED_EDGE('',*,*,#1175,.T.);
#1596=ORIENTED_EDGE('',*,*,#1176,.F.);
#1597=ORIENTED_EDGE('',*,*,#1084,.T.);
#1598=ORIENTED_EDGE('',*,*,#1111,.F.);
#1599=ORIENTED_EDGE('',*,*,#1177,.F.);
#1600=ORIENTED_EDGE('',*,*,#1178,.F.);
#1601=ORIENTED_EDGE('',*,*,#1115,.T.);
#1602=ORIENTED_EDGE('',*,*,#1107,.F.);
#1603=ORIENTED_EDGE('',*,*,#1114,.F.);
#1604=ORIENTED_EDGE('',*,*,#1077,.F.);
#1605=ORIENTED_EDGE('',*,*,#1179,.T.);
#1606=ORIENTED_EDGE('',*,*,#1177,.T.);
#1607=ORIENTED_EDGE('',*,*,#1110,.F.);
#1608=ORIENTED_EDGE('',*,*,#1076,.F.);
#1609=ORIENTED_EDGE('',*,*,#1180,.F.);
#1610=ORIENTED_EDGE('',*,*,#1059,.F.);
#1611=ORIENTED_EDGE('',*,*,#1116,.F.);
#1612=ORIENTED_EDGE('',*,*,#1178,.T.);
#1613=ORIENTED_EDGE('',*,*,#1179,.F.);
#1614=ORIENTED_EDGE('',*,*,#1118,.T.);
#1615=ORIENTED_EDGE('',*,*,#1180,.T.);
#1616=ORIENTED_EDGE('',*,*,#1075,.T.);
#1617=ORIENTED_EDGE('',*,*,#1181,.F.);
#1618=ORIENTED_EDGE('',*,*,#1060,.F.);
#1619=ORIENTED_EDGE('',*,*,#1154,.F.);
#1620=ORIENTED_EDGE('',*,*,#1182,.F.);
#1621=ORIENTED_EDGE('',*,*,#1183,.F.);
#1622=ORIENTED_EDGE('',*,*,#1159,.T.);
#1623=ORIENTED_EDGE('',*,*,#1153,.F.);
#1624=ORIENTED_EDGE('',*,*,#1158,.F.);
#1625=ORIENTED_EDGE('',*,*,#1064,.F.);
#1626=ORIENTED_EDGE('',*,*,#1184,.T.);
#1627=ORIENTED_EDGE('',*,*,#1182,.T.);
#1628=ORIENTED_EDGE('',*,*,#1063,.F.);
#1629=ORIENTED_EDGE('',*,*,#1185,.F.);
#1630=ORIENTED_EDGE('',*,*,#1186,.F.);
#1631=ORIENTED_EDGE('',*,*,#1160,.F.);
#1632=ORIENTED_EDGE('',*,*,#1183,.T.);
#1633=ORIENTED_EDGE('',*,*,#1184,.F.);
#1634=ORIENTED_EDGE('',*,*,#1163,.T.);
#1635=ORIENTED_EDGE('',*,*,#1014,.T.);
#1636=ORIENTED_EDGE('',*,*,#1187,.T.);
#1637=ORIENTED_EDGE('',*,*,#1156,.T.);
#1638=ORIENTED_EDGE('',*,*,#1161,.T.);
#1639=ORIENTED_EDGE('',*,*,#1186,.T.);
#1640=ORIENTED_EDGE('',*,*,#1188,.T.);
#1641=ORIENTED_EDGE('',*,*,#1189,.F.);
#1642=ORIENTED_EDGE('',*,*,#1190,.T.);
#1643=ORIENTED_EDGE('',*,*,#1191,.T.);
#1644=ORIENTED_EDGE('',*,*,#1192,.T.);
#1645=ORIENTED_EDGE('',*,*,#1193,.F.);
#1646=ORIENTED_EDGE('',*,*,#1175,.F.);
#1647=ORIENTED_EDGE('',*,*,#1173,.T.);
#1648=ORIENTED_EDGE('',*,*,#1171,.T.);
#1649=ORIENTED_EDGE('',*,*,#1142,.T.);
#1650=ORIENTED_EDGE('',*,*,#1194,.F.);
#1651=ORIENTED_EDGE('',*,*,#1185,.T.);
#1652=ORIENTED_EDGE('',*,*,#1062,.T.);
#1653=ORIENTED_EDGE('',*,*,#1195,.F.);
#1654=ORIENTED_EDGE('',*,*,#1188,.F.);
#1655=ORIENTED_EDGE('',*,*,#1141,.T.);
#1656=ORIENTED_EDGE('',*,*,#1080,.T.);
#1657=ORIENTED_EDGE('',*,*,#1015,.F.);
#1658=ORIENTED_EDGE('',*,*,#1194,.T.);
#1659=ORIENTED_EDGE('',*,*,#1157,.T.);
#1660=ORIENTED_EDGE('',*,*,#1187,.F.);
#1661=ORIENTED_EDGE('',*,*,#1013,.F.);
#1662=ORIENTED_EDGE('',*,*,#1066,.T.);
#1663=ORIENTED_EDGE('',*,*,#1113,.T.);
#1664=ORIENTED_EDGE('',*,*,#1056,.F.);
#1665=ORIENTED_EDGE('',*,*,#1019,.F.);
#1666=ORIENTED_EDGE('',*,*,#1079,.T.);
#1667=ORIENTED_EDGE('',*,*,#1127,.T.);
#1668=ORIENTED_EDGE('',*,*,#1069,.F.);
#1669=ORIENTED_EDGE('',*,*,#1017,.F.);
#1670=ORIENTED_EDGE('',*,*,#1094,.T.);
#1671=ORIENTED_EDGE('',*,*,#1196,.F.);
#1672=ORIENTED_EDGE('',*,*,#1197,.T.);
#1673=ORIENTED_EDGE('',*,*,#1198,.T.);
#1674=ORIENTED_EDGE('',*,*,#1199,.T.);
#1675=ORIENTED_EDGE('',*,*,#1200,.T.);
#1676=ORIENTED_EDGE('',*,*,#1201,.T.);
#1677=ORIENTED_EDGE('',*,*,#1189,.T.);
#1678=ORIENTED_EDGE('',*,*,#1195,.T.);
#1679=ORIENTED_EDGE('',*,*,#1061,.T.);
#1680=ORIENTED_EDGE('',*,*,#1181,.T.);
#1681=ORIENTED_EDGE('',*,*,#1074,.T.);
#1682=ORIENTED_EDGE('',*,*,#1168,.T.);
#1683=ORIENTED_EDGE('',*,*,#1089,.T.);
#1684=ORIENTED_EDGE('',*,*,#1202,.T.);
#1685=ORIENTED_EDGE('',*,*,#1203,.T.);
#1686=ORIENTED_EDGE('',*,*,#1204,.T.);
#1687=ORIENTED_EDGE('',*,*,#1205,.T.);
#1688=ORIENTED_EDGE('',*,*,#1206,.T.);
#1689=ORIENTED_EDGE('',*,*,#1207,.T.);
#1690=ORIENTED_EDGE('',*,*,#1208,.T.);
#1691=ORIENTED_EDGE('',*,*,#1209,.F.);
#1692=ORIENTED_EDGE('',*,*,#963,.F.);
#1693=ORIENTED_EDGE('',*,*,#1210,.F.);
#1694=ORIENTED_EDGE('',*,*,#1201,.F.);
#1695=ORIENTED_EDGE('',*,*,#1211,.T.);
#1696=ORIENTED_EDGE('',*,*,#1212,.T.);
#1697=ORIENTED_EDGE('',*,*,#1190,.F.);
#1698=ORIENTED_EDGE('',*,*,#1212,.F.);
#1699=ORIENTED_EDGE('',*,*,#1213,.F.);
#1700=ORIENTED_EDGE('',*,*,#1214,.T.);
#1701=ORIENTED_EDGE('',*,*,#1191,.F.);
#1702=ORIENTED_EDGE('',*,*,#1215,.T.);
#1703=ORIENTED_EDGE('',*,*,#1216,.T.);
#1704=ORIENTED_EDGE('',*,*,#1196,.T.);
#1705=ORIENTED_EDGE('',*,*,#1217,.F.);
#1706=ORIENTED_EDGE('',*,*,#1208,.F.);
#1707=ORIENTED_EDGE('',*,*,#1218,.T.);
#1708=ORIENTED_EDGE('',*,*,#1217,.T.);
#1709=ORIENTED_EDGE('',*,*,#1219,.F.);
#1710=ORIENTED_EDGE('',*,*,#1220,.T.);
#1711=ORIENTED_EDGE('',*,*,#1221,.T.);
#1712=ORIENTED_EDGE('',*,*,#1222,.T.);
#1713=ORIENTED_EDGE('',*,*,#1088,.T.);
#1714=ORIENTED_EDGE('',*,*,#1210,.T.);
#1715=ORIENTED_EDGE('',*,*,#962,.F.);
#1716=ORIENTED_EDGE('',*,*,#960,.F.);
#1717=ORIENTED_EDGE('',*,*,#1223,.T.);
#1718=ORIENTED_EDGE('',*,*,#1086,.T.);
#1719=ORIENTED_EDGE('',*,*,#1221,.F.);
#1720=ORIENTED_EDGE('',*,*,#1224,.F.);
#1721=ORIENTED_EDGE('',*,*,#1225,.F.);
#1722=ORIENTED_EDGE('',*,*,#1192,.F.);
#1723=ORIENTED_EDGE('',*,*,#1214,.F.);
#1724=ORIENTED_EDGE('',*,*,#1226,.T.);
#1725=ORIENTED_EDGE('',*,*,#1200,.F.);
#1726=ORIENTED_EDGE('',*,*,#1227,.F.);
#1727=ORIENTED_EDGE('',*,*,#1098,.F.);
#1728=ORIENTED_EDGE('',*,*,#1228,.T.);
#1729=ORIENTED_EDGE('',*,*,#1229,.F.);
#1730=ORIENTED_EDGE('',*,*,#1226,.F.);
#1731=ORIENTED_EDGE('',*,*,#1213,.T.);
#1732=ORIENTED_EDGE('',*,*,#1211,.F.);
#1733=ORIENTED_EDGE('',*,*,#993,.T.);
#1734=ORIENTED_EDGE('',*,*,#996,.T.);
#1735=ORIENTED_EDGE('',*,*,#965,.T.);
#1736=ORIENTED_EDGE('',*,*,#969,.T.);
#1737=ORIENTED_EDGE('',*,*,#998,.T.);
#1738=ORIENTED_EDGE('',*,*,#1001,.T.);
#1739=ORIENTED_EDGE('',*,*,#972,.T.);
#1740=ORIENTED_EDGE('',*,*,#976,.T.);
#1741=ORIENTED_EDGE('',*,*,#1230,.F.);
#1742=ORIENTED_EDGE('',*,*,#1228,.F.);
#1743=ORIENTED_EDGE('',*,*,#1097,.F.);
#1744=ORIENTED_EDGE('',*,*,#1231,.T.);
#1745=ORIENTED_EDGE('',*,*,#1203,.F.);
#1746=ORIENTED_EDGE('',*,*,#1232,.F.);
#1747=ORIENTED_EDGE('',*,*,#1224,.T.);
#1748=ORIENTED_EDGE('',*,*,#1220,.F.);
#1749=ORIENTED_EDGE('',*,*,#1233,.F.);
#1750=ORIENTED_EDGE('',*,*,#1231,.F.);
#1751=ORIENTED_EDGE('',*,*,#1104,.F.);
#1752=ORIENTED_EDGE('',*,*,#1234,.T.);
#1753=ORIENTED_EDGE('',*,*,#959,.F.);
#1754=ORIENTED_EDGE('',*,*,#1235,.F.);
#1755=ORIENTED_EDGE('',*,*,#1223,.F.);
#1756=ORIENTED_EDGE('',*,*,#1202,.F.);
#1757=ORIENTED_EDGE('',*,*,#1222,.F.);
#1758=ORIENTED_EDGE('',*,*,#1232,.T.);
#1759=ORIENTED_EDGE('',*,*,#1204,.F.);
#1760=ORIENTED_EDGE('',*,*,#1234,.F.);
#1761=ORIENTED_EDGE('',*,*,#1103,.F.);
#1762=ORIENTED_EDGE('',*,*,#1236,.T.);
#1763=ORIENTED_EDGE('',*,*,#1205,.F.);
#1764=ORIENTED_EDGE('',*,*,#1236,.F.);
#1765=ORIENTED_EDGE('',*,*,#1102,.F.);
#1766=ORIENTED_EDGE('',*,*,#1237,.T.);
#1767=ORIENTED_EDGE('',*,*,#1003,.T.);
#1768=ORIENTED_EDGE('',*,*,#1006,.T.);
#1769=ORIENTED_EDGE('',*,*,#979,.T.);
#1770=ORIENTED_EDGE('',*,*,#983,.T.);
#1771=ORIENTED_EDGE('',*,*,#1008,.T.);
#1772=ORIENTED_EDGE('',*,*,#1011,.T.);
#1773=ORIENTED_EDGE('',*,*,#986,.T.);
#1774=ORIENTED_EDGE('',*,*,#990,.T.);
#1775=ORIENTED_EDGE('',*,*,#1206,.F.);
#1776=ORIENTED_EDGE('',*,*,#1237,.F.);
#1777=ORIENTED_EDGE('',*,*,#1101,.F.);
#1778=ORIENTED_EDGE('',*,*,#1238,.T.);
#1779=ORIENTED_EDGE('',*,*,#1198,.F.);
#1780=ORIENTED_EDGE('',*,*,#1239,.F.);
#1781=ORIENTED_EDGE('',*,*,#1215,.F.);
#1782=ORIENTED_EDGE('',*,*,#1218,.F.);
#1783=ORIENTED_EDGE('',*,*,#1207,.F.);
#1784=ORIENTED_EDGE('',*,*,#1238,.F.);
#1785=ORIENTED_EDGE('',*,*,#1100,.F.);
#1786=ORIENTED_EDGE('',*,*,#1240,.F.);
#1787=ORIENTED_EDGE('',*,*,#1197,.F.);
#1788=ORIENTED_EDGE('',*,*,#1216,.F.);
#1789=ORIENTED_EDGE('',*,*,#1239,.T.);
#1790=ORIENTED_EDGE('',*,*,#1199,.F.);
#1791=ORIENTED_EDGE('',*,*,#1240,.T.);
#1792=ORIENTED_EDGE('',*,*,#1099,.F.);
#1793=ORIENTED_EDGE('',*,*,#1227,.T.);
#1794=ORIENTED_EDGE('',*,*,#1225,.T.);
#1795=ORIENTED_EDGE('',*,*,#1229,.T.);
#1796=ORIENTED_EDGE('',*,*,#1230,.T.);
#1797=ORIENTED_EDGE('',*,*,#1233,.T.);
#1798=ORIENTED_EDGE('',*,*,#1219,.T.);
#1799=ORIENTED_EDGE('',*,*,#1085,.T.);
#1800=ORIENTED_EDGE('',*,*,#1176,.T.);
#1801=ORIENTED_EDGE('',*,*,#1193,.T.);
#1802=ORIENTED_EDGE('',*,*,#958,.F.);
#1803=ORIENTED_EDGE('',*,*,#964,.T.);
#1804=ORIENTED_EDGE('',*,*,#1209,.T.);
#1805=ORIENTED_EDGE('',*,*,#1087,.T.);
#1806=ORIENTED_EDGE('',*,*,#1235,.T.);
#1807=CYLINDRICAL_SURFACE('',#1961,1.);
#1808=CYLINDRICAL_SURFACE('',#1963,2.);
#1809=CYLINDRICAL_SURFACE('',#1980,0.799999999999994);
#1810=CYLINDRICAL_SURFACE('',#1984,0.799999999999994);
#1811=CYLINDRICAL_SURFACE('',#1988,0.799999999999994);
#1812=CYLINDRICAL_SURFACE('',#1992,0.799999999999994);
#1813=CYLINDRICAL_SURFACE('',#2003,2.00000000000002);
#1814=CYLINDRICAL_SURFACE('',#2006,2.00000000000001);
#1815=CYLINDRICAL_SURFACE('',#2009,1.99999999999999);
#1816=CYLINDRICAL_SURFACE('',#2012,2.);
#1817=CYLINDRICAL_SURFACE('',#2034,2.);
#1818=CYLINDRICAL_SURFACE('',#2043,2.);
#1819=CYLINDRICAL_SURFACE('',#2052,2.);
#1820=CYLINDRICAL_SURFACE('',#2060,2.);
#1821=CYLINDRICAL_SURFACE('',#2062,3.);
#1822=CYLINDRICAL_SURFACE('',#2067,2.99999999999999);
#1823=CYLINDRICAL_SURFACE('',#2069,3.);
#1824=CYLINDRICAL_SURFACE('',#2074,3.);
#1825=CYLINDRICAL_SURFACE('',#2076,3.);
#1826=CYLINDRICAL_SURFACE('',#2081,3.);
#1827=CYLINDRICAL_SURFACE('',#2083,3.);
#1828=CYLINDRICAL_SURFACE('',#2089,3.00000000000002);
#1829=CYLINDRICAL_SURFACE('',#2091,3.);
#1830=CYLINDRICAL_SURFACE('',#2092,3.00000000000002);
#1831=CYLINDRICAL_SURFACE('',#2093,3.);
#1832=CYLINDRICAL_SURFACE('',#2094,2.99999999999999);
#1833=CYLINDRICAL_SURFACE('',#2105,3.);
#1834=CYLINDRICAL_SURFACE('',#2106,3.);
#1835=CYLINDRICAL_SURFACE('',#2107,0.6);
#1836=CYLINDRICAL_SURFACE('',#2110,0.6);
#1837=CYLINDRICAL_SURFACE('',#2111,2.);
#1838=CYLINDRICAL_SURFACE('',#2113,2.);
#1839=CYLINDRICAL_SURFACE('',#2114,3.);
#1840=CYLINDRICAL_SURFACE('',#2117,4.8);
#1841=CYLINDRICAL_SURFACE('',#2120,2.);
#1842=CYLINDRICAL_SURFACE('',#2122,2.);
#1843=CYLINDRICAL_SURFACE('',#2123,4.79999999999999);
#1844=CYLINDRICAL_SURFACE('',#2125,4.8);
#1845=CYLINDRICAL_SURFACE('',#2127,0.6);
#1846=CYLINDRICAL_SURFACE('',#2128,4.80000000000001);
#1847=ADVANCED_FACE('',(#98),#1807,.T.);
#1848=ADVANCED_FACE('',(#99),#1808,.T.);
#1849=ADVANCED_FACE('',(#100),#42,.T.);
#1850=ADVANCED_FACE('',(#101),#43,.F.);
#1851=ADVANCED_FACE('',(#102),#44,.T.);
#1852=ADVANCED_FACE('',(#103),#45,.T.);
#1853=ADVANCED_FACE('',(#104),#46,.T.);
#1854=ADVANCED_FACE('',(#105),#47,.T.);
#1855=ADVANCED_FACE('',(#106),#48,.T.);
#1856=ADVANCED_FACE('',(#107),#49,.F.);
#1857=ADVANCED_FACE('',(#108),#50,.F.);
#1858=ADVANCED_FACE('',(#109),#51,.F.);
#1859=ADVANCED_FACE('',(#110),#1809,.F.);
#1860=ADVANCED_FACE('',(#111),#52,.F.);
#1861=ADVANCED_FACE('',(#112),#53,.T.);
#1862=ADVANCED_FACE('',(#113),#1810,.F.);
#1863=ADVANCED_FACE('',(#114),#54,.F.);
#1864=ADVANCED_FACE('',(#115),#55,.T.);
#1865=ADVANCED_FACE('',(#116),#1811,.F.);
#1866=ADVANCED_FACE('',(#117),#56,.F.);
#1867=ADVANCED_FACE('',(#118),#57,.F.);
#1868=ADVANCED_FACE('',(#119),#1812,.F.);
#1869=ADVANCED_FACE('',(#120,#31),#58,.F.);
#1870=ADVANCED_FACE('',(#121),#59,.T.);
#1871=ADVANCED_FACE('',(#122),#1813,.F.);
#1872=ADVANCED_FACE('',(#123),#60,.T.);
#1873=ADVANCED_FACE('',(#124),#1814,.F.);
#1874=ADVANCED_FACE('',(#125),#61,.T.);
#1875=ADVANCED_FACE('',(#126),#1815,.F.);
#1876=ADVANCED_FACE('',(#127),#62,.T.);
#1877=ADVANCED_FACE('',(#128),#1816,.F.);
#1878=ADVANCED_FACE('',(#129,#32),#63,.T.);
#1879=ADVANCED_FACE('',(#130),#64,.T.);
#1880=ADVANCED_FACE('',(#131),#65,.T.);
#1881=ADVANCED_FACE('',(#132),#66,.T.);
#1882=ADVANCED_FACE('',(#133),#67,.T.);
#1883=ADVANCED_FACE('',(#134),#68,.T.);
#1884=ADVANCED_FACE('',(#135),#69,.T.);
#1885=ADVANCED_FACE('',(#136),#70,.T.);
#1886=ADVANCED_FACE('',(#137),#71,.T.);
#1887=ADVANCED_FACE('',(#138,#33),#72,.T.);
#1888=ADVANCED_FACE('',(#139),#27,.F.);
#1889=ADVANCED_FACE('',(#140),#73,.F.);
#1890=ADVANCED_FACE('',(#141),#74,.T.);
#1891=ADVANCED_FACE('',(#142),#1817,.F.);
#1892=ADVANCED_FACE('',(#143),#28,.F.);
#1893=ADVANCED_FACE('',(#144),#75,.F.);
#1894=ADVANCED_FACE('',(#145),#76,.T.);
#1895=ADVANCED_FACE('',(#146),#1818,.F.);
#1896=ADVANCED_FACE('',(#147),#29,.F.);
#1897=ADVANCED_FACE('',(#148),#77,.F.);
#1898=ADVANCED_FACE('',(#149),#78,.T.);
#1899=ADVANCED_FACE('',(#150),#1819,.F.);
#1900=ADVANCED_FACE('',(#151),#30,.F.);
#1901=ADVANCED_FACE('',(#152),#79,.F.);
#1902=ADVANCED_FACE('',(#153),#80,.T.);
#1903=ADVANCED_FACE('',(#154),#1820,.F.);
#1904=ADVANCED_FACE('',(#155),#1821,.T.);
#1905=ADVANCED_FACE('',(#156),#81,.T.);
#1906=ADVANCED_FACE('',(#157,#34),#82,.T.);
#1907=ADVANCED_FACE('',(#158),#1822,.F.);
#1908=ADVANCED_FACE('',(#159),#1823,.T.);
#1909=ADVANCED_FACE('',(#160),#83,.T.);
#1910=ADVANCED_FACE('',(#161,#35),#84,.T.);
#1911=ADVANCED_FACE('',(#162),#1824,.F.);
#1912=ADVANCED_FACE('',(#163),#1825,.T.);
#1913=ADVANCED_FACE('',(#164),#85,.T.);
#1914=ADVANCED_FACE('',(#165,#36),#86,.T.);
#1915=ADVANCED_FACE('',(#166),#1826,.F.);
#1916=ADVANCED_FACE('',(#167),#1827,.T.);
#1917=ADVANCED_FACE('',(#168),#87,.T.);
#1918=ADVANCED_FACE('',(#169,#37),#88,.T.);
#1919=ADVANCED_FACE('',(#170),#89,.T.);
#1920=ADVANCED_FACE('',(#171),#1828,.F.);
#1921=ADVANCED_FACE('',(#172),#1829,.F.);
#1922=ADVANCED_FACE('',(#173),#1830,.F.);
#1923=ADVANCED_FACE('',(#174),#1831,.F.);
#1924=ADVANCED_FACE('',(#175),#1832,.F.);
#1925=ADVANCED_FACE('',(#176),#90,.T.);
#1926=ADVANCED_FACE('',(#177),#91,.F.);
#1927=ADVANCED_FACE('',(#178),#1833,.T.);
#1928=ADVANCED_FACE('',(#179),#1834,.T.);
#1929=ADVANCED_FACE('',(#180),#1835,.T.);
#1930=ADVANCED_FACE('',(#181),#1836,.T.);
#1931=ADVANCED_FACE('',(#182),#1837,.T.);
#1932=ADVANCED_FACE('',(#183),#1838,.T.);
#1933=ADVANCED_FACE('',(#184),#1839,.T.);
#1934=ADVANCED_FACE('',(#185,#38,#39),#92,.T.);
#1935=ADVANCED_FACE('',(#186),#1840,.T.);
#1936=ADVANCED_FACE('',(#187),#93,.T.);
#1937=ADVANCED_FACE('',(#188),#1841,.T.);
#1938=ADVANCED_FACE('',(#189),#1842,.T.);
#1939=ADVANCED_FACE('',(#190),#1843,.T.);
#1940=ADVANCED_FACE('',(#191,#40,#41),#94,.T.);
#1941=ADVANCED_FACE('',(#192),#1844,.T.);
#1942=ADVANCED_FACE('',(#193),#95,.T.);
#1943=ADVANCED_FACE('',(#194),#1845,.T.);
#1944=ADVANCED_FACE('',(#195),#1846,.T.);
#1945=ADVANCED_FACE('',(#196),#96,.T.);
#1946=ADVANCED_FACE('',(#197),#97,.T.);
#1947=CLOSED_SHELL('',(#1847,#1848,#1849,#1850,#1851,#1852,#1853,#1854,
#1855,#1856,#1857,#1858,#1859,#1860,#1861,#1862,#1863,#1864,#1865,#1866,
#1867,#1868,#1869,#1870,#1871,#1872,#1873,#1874,#1875,#1876,#1877,#1878,
#1879,#1880,#1881,#1882,#1883,#1884,#1885,#1886,#1887,#1888,#1889,#1890,
#1891,#1892,#1893,#1894,#1895,#1896,#1897,#1898,#1899,#1900,#1901,#1902,
#1903,#1904,#1905,#1906,#1907,#1908,#1909,#1910,#1911,#1912,#1913,#1914,
#1915,#1916,#1917,#1918,#1919,#1920,#1921,#1922,#1923,#1924,#1925,#1926,
#1927,#1928,#1929,#1930,#1931,#1932,#1933,#1934,#1935,#1936,#1937,#1938,
#1939,#1940,#1941,#1942,#1943,#1944,#1945,#1946));
#1948=DERIVED_UNIT_ELEMENT(#1950,1.);
#1949=DERIVED_UNIT_ELEMENT(#3368,-3.);
#1950=(
MASS_UNIT()
NAMED_UNIT(*)
SI_UNIT(.KILO.,.GRAM.)
);
#1951=DERIVED_UNIT((#1948,#1949));
#1952=MEASURE_REPRESENTATION_ITEM('density measure',
POSITIVE_RATIO_MEASURE(7850.),#1951);
#1953=PROPERTY_DEFINITION_REPRESENTATION(#1958,#1955);
#1954=PROPERTY_DEFINITION_REPRESENTATION(#1959,#1956);
#1955=REPRESENTATION('material name',(#1957),#3365);
#1956=REPRESENTATION('density',(#1952),#3365);
#1957=DESCRIPTIVE_REPRESENTATION_ITEM('\X2\94A2\X0\','\X2\94A2\X0\');
#1958=PROPERTY_DEFINITION('material property','material name',#3375);
#1959=PROPERTY_DEFINITION('material property','density of part',#3375);
#1960=AXIS2_PLACEMENT_3D('',#2665,#2131,#2132);
#1961=AXIS2_PLACEMENT_3D('',#2666,#2133,#2134);
#1962=AXIS2_PLACEMENT_3D('',#2669,#2135,#2136);
#1963=AXIS2_PLACEMENT_3D('',#2693,#2139,#2140);
#1964=AXIS2_PLACEMENT_3D('',#2701,#2142,#2143);
#1965=AXIS2_PLACEMENT_3D('',#2702,#2144,#2145);
#1966=AXIS2_PLACEMENT_3D('',#2709,#2148,#2149);
#1967=AXIS2_PLACEMENT_3D('',#2711,#2151,#2152);
#1968=AXIS2_PLACEMENT_3D('',#2717,#2156,#2157);
#1969=AXIS2_PLACEMENT_3D('',#2724,#2160,#2161);
#1970=AXIS2_PLACEMENT_3D('',#2726,#2163,#2164);
#1971=AXIS2_PLACEMENT_3D('',#2732,#2168,#2169);
#1972=AXIS2_PLACEMENT_3D('',#2739,#2172,#2173);
#1973=AXIS2_PLACEMENT_3D('',#2741,#2175,#2176);
#1974=AXIS2_PLACEMENT_3D('',#2747,#2180,#2181);
#1975=AXIS2_PLACEMENT_3D('',#2754,#2184,#2185);
#1976=AXIS2_PLACEMENT_3D('',#2756,#2187,#2188);
#1977=AXIS2_PLACEMENT_3D('',#2762,#2192,#2193);
#1978=AXIS2_PLACEMENT_3D('',#2766,#2195,#2196);
#1979=AXIS2_PLACEMENT_3D('',#2768,#2198,#2199);
#1980=AXIS2_PLACEMENT_3D('',#2771,#2202,#2203);
#1981=AXIS2_PLACEMENT_3D('',#2772,#2204,#2205);
#1982=AXIS2_PLACEMENT_3D('',#2776,#2207,#2208);
#1983=AXIS2_PLACEMENT_3D('',#2778,#2210,#2211);
#1984=AXIS2_PLACEMENT_3D('',#2781,#2214,#2215);
#1985=AXIS2_PLACEMENT_3D('',#2782,#2216,#2217);
#1986=AXIS2_PLACEMENT_3D('',#2786,#2219,#2220);
#1987=AXIS2_PLACEMENT_3D('',#2788,#2222,#2223);
#1988=AXIS2_PLACEMENT_3D('',#2791,#2226,#2227);
#1989=AXIS2_PLACEMENT_3D('',#2792,#2228,#2229);
#1990=AXIS2_PLACEMENT_3D('',#2796,#2231,#2232);
#1991=AXIS2_PLACEMENT_3D('',#2798,#2234,#2235);
#1992=AXIS2_PLACEMENT_3D('',#2801,#2238,#2239);
#1993=AXIS2_PLACEMENT_3D('',#2802,#2240,#2241);
#1994=AXIS2_PLACEMENT_3D('',#2805,#2242,#2243);
#1995=AXIS2_PLACEMENT_3D('',#2809,#2245,#2246);
#1996=AXIS2_PLACEMENT_3D('',#2813,#2248,#2249);
#1997=AXIS2_PLACEMENT_3D('',#2817,#2251,#2252);
#1998=AXIS2_PLACEMENT_3D('',#2821,#2254,#2255);
#1999=AXIS2_PLACEMENT_3D('',#2825,#2257,#2258);
#2000=AXIS2_PLACEMENT_3D('',#2829,#2260,#2261);
#2001=AXIS2_PLACEMENT_3D('',#2833,#2263,#2264);
#2002=AXIS2_PLACEMENT_3D('',#2835,#2266,#2267);
#2003=AXIS2_PLACEMENT_3D('',#2841,#2271,#2272);
#2004=AXIS2_PLACEMENT_3D('',#2843,#2273,#2274);
#2005=AXIS2_PLACEMENT_3D('',#2845,#2276,#2277);
#2006=AXIS2_PLACEMENT_3D('',#2849,#2280,#2281);
#2007=AXIS2_PLACEMENT_3D('',#2851,#2282,#2283);
#2008=AXIS2_PLACEMENT_3D('',#2853,#2285,#2286);
#2009=AXIS2_PLACEMENT_3D('',#2857,#2289,#2290);
#2010=AXIS2_PLACEMENT_3D('',#2859,#2291,#2292);
#2011=AXIS2_PLACEMENT_3D('',#2861,#2294,#2295);
#2012=AXIS2_PLACEMENT_3D('',#2865,#2298,#2299);
#2013=AXIS2_PLACEMENT_3D('',#2866,#2300,#2301);
#2014=AXIS2_PLACEMENT_3D('',#2867,#2302,#2303);
#2015=AXIS2_PLACEMENT_3D('',#2878,#2309,#2310);
#2016=AXIS2_PLACEMENT_3D('',#2884,#2314,#2315);
#2017=AXIS2_PLACEMENT_3D('',#2890,#2319,#2320);
#2018=AXIS2_PLACEMENT_3D('',#2912,#2332,#2333);
#2019=AXIS2_PLACEMENT_3D('',#2916,#2336,#2337);
#2020=AXIS2_PLACEMENT_3D('',#2938,#2349,#2350);
#2021=AXIS2_PLACEMENT_3D('',#2968,#2366,#2367);
#2022=AXIS2_PLACEMENT_3D('',#2970,#2369,#2370);
#2023=AXIS2_PLACEMENT_3D('',#2972,#2372,#2373);
#2024=AXIS2_PLACEMENT_3D('',#2975,#2374,#2375);
#2025=AXIS2_PLACEMENT_3D('',#2979,#2377,#2378);
#2026=AXIS2_PLACEMENT_3D('',#2983,#2380,#2381);
#2027=AXIS2_PLACEMENT_3D('',#2987,#2383,#2384);
#2028=AXIS2_PLACEMENT_3D('',#2989,#2386,#2387);
#2029=AXIS2_PLACEMENT_3D('',#2996,#2388,#2389);
#2030=AXIS2_PLACEMENT_3D('',#3003,#2391,#2392);
#2031=AXIS2_PLACEMENT_3D('',#3018,#2393,#2394);
#2032=AXIS2_PLACEMENT_3D('',#3020,#2396,#2397);
#2033=AXIS2_PLACEMENT_3D('',#3022,#2399,#2400);
#2034=AXIS2_PLACEMENT_3D('',#3026,#2403,#2404);
#2035=AXIS2_PLACEMENT_3D('',#3029,#2406,#2407);
#2036=AXIS2_PLACEMENT_3D('',#3030,#2408,#2409);
#2037=AXIS2_PLACEMENT_3D('',#3037,#2410,#2411);
#2038=AXIS2_PLACEMENT_3D('',#3040,#2413,#2414);
#2039=AXIS2_PLACEMENT_3D('',#3042,#2415,#2416);
#2040=AXIS2_PLACEMENT_3D('',#3057,#2417,#2418);
#2041=AXIS2_PLACEMENT_3D('',#3059,#2420,#2421);
#2042=AXIS2_PLACEMENT_3D('',#3061,#2423,#2424);
#2043=AXIS2_PLACEMENT_3D('',#3065,#2427,#2428);
#2044=AXIS2_PLACEMENT_3D('',#3068,#2430,#2431);
#2045=AXIS2_PLACEMENT_3D('',#3069,#2432,#2433);
#2046=AXIS2_PLACEMENT_3D('',#3076,#2434,#2435);
#2047=AXIS2_PLACEMENT_3D('',#3079,#2437,#2438);
#2048=AXIS2_PLACEMENT_3D('',#3081,#2439,#2440);
#2049=AXIS2_PLACEMENT_3D('',#3096,#2441,#2442);
#2050=AXIS2_PLACEMENT_3D('',#3099,#2444,#2445);
#2051=AXIS2_PLACEMENT_3D('',#3103,#2448,#2449);
#2052=AXIS2_PLACEMENT_3D('',#3107,#2452,#2453);
#2053=AXIS2_PLACEMENT_3D('',#3110,#2455,#2456);
#2054=AXIS2_PLACEMENT_3D('',#3111,#2457,#2458);
#2055=AXIS2_PLACEMENT_3D('',#3119,#2460,#2461);
#2056=AXIS2_PLACEMENT_3D('',#3125,#2462,#2463);
#2057=AXIS2_PLACEMENT_3D('',#3140,#2464,#2465);
#2058=AXIS2_PLACEMENT_3D('',#3145,#2468,#2469);
#2059=AXIS2_PLACEMENT_3D('',#3147,#2471,#2472);
#2060=AXIS2_PLACEMENT_3D('',#3153,#2476,#2477);
#2061=AXIS2_PLACEMENT_3D('',#3156,#2479,#2480);
#2062=AXIS2_PLACEMENT_3D('',#3157,#2481,#2482);
#2063=AXIS2_PLACEMENT_3D('',#3160,#2484,#2485);
#2064=AXIS2_PLACEMENT_3D('',#3161,#2486,#2487);
#2065=AXIS2_PLACEMENT_3D('',#3163,#2489,#2490);
#2066=AXIS2_PLACEMENT_3D('',#3164,#2491,#2492);
#2067=AXIS2_PLACEMENT_3D('',#3165,#2493,#2494);
#2068=AXIS2_PLACEMENT_3D('',#3166,#2495,#2496);
#2069=AXIS2_PLACEMENT_3D('',#3167,#2497,#2498);
#2070=AXIS2_PLACEMENT_3D('',#3170,#2500,#2501);
#2071=AXIS2_PLACEMENT_3D('',#3171,#2502,#2503);
#2072=AXIS2_PLACEMENT_3D('',#3175,#2506,#2507);
#2073=AXIS2_PLACEMENT_3D('',#3178,#2509,#2510);
#2074=AXIS2_PLACEMENT_3D('',#3179,#2511,#2512);
#2075=AXIS2_PLACEMENT_3D('',#3182,#2514,#2515);
#2076=AXIS2_PLACEMENT_3D('',#3183,#2516,#2517);
#2077=AXIS2_PLACEMENT_3D('',#3186,#2519,#2520);
#2078=AXIS2_PLACEMENT_3D('',#3187,#2521,#2522);
#2079=AXIS2_PLACEMENT_3D('',#3189,#2524,#2525);
#2080=AXIS2_PLACEMENT_3D('',#3190,#2526,#2527);
#2081=AXIS2_PLACEMENT_3D('',#3191,#2528,#2529);
#2082=AXIS2_PLACEMENT_3D('',#3192,#2530,#2531);
#2083=AXIS2_PLACEMENT_3D('',#3193,#2532,#2533);
#2084=AXIS2_PLACEMENT_3D('',#3196,#2535,#2536);
#2085=AXIS2_PLACEMENT_3D('',#3197,#2537,#2538);
#2086=AXIS2_PLACEMENT_3D('',#3199,#2540,#2541);
#2087=AXIS2_PLACEMENT_3D('',#3201,#2542,#2543);
#2088=AXIS2_PLACEMENT_3D('',#3203,#2545,#2546);
#2089=AXIS2_PLACEMENT_3D('',#3217,#2555,#2556);
#2090=AXIS2_PLACEMENT_3D('',#3218,#2557,#2558);
#2091=AXIS2_PLACEMENT_3D('',#3219,#2559,#2560);
#2092=AXIS2_PLACEMENT_3D('',#3220,#2561,#2562);
#2093=AXIS2_PLACEMENT_3D('',#3221,#2563,#2564);
#2094=AXIS2_PLACEMENT_3D('',#3222,#2565,#2566);
#2095=AXIS2_PLACEMENT_3D('',#3223,#2567,#2568);
#2096=AXIS2_PLACEMENT_3D('',#3228,#2570,#2571);
#2097=AXIS2_PLACEMENT_3D('',#3232,#2573,#2574);
#2098=AXIS2_PLACEMENT_3D('',#3235,#2576,#2577);
#2099=AXIS2_PLACEMENT_3D('',#3237,#2578,#2579);
#2100=AXIS2_PLACEMENT_3D('',#3241,#2581,#2582);
#2101=AXIS2_PLACEMENT_3D('',#3245,#2584,#2585);
#2102=AXIS2_PLACEMENT_3D('',#3248,#2587,#2588);
#2103=AXIS2_PLACEMENT_3D('',#3249,#2589,#2590);
#2104=AXIS2_PLACEMENT_3D('',#3251,#2592,#2593);
#2105=AXIS2_PLACEMENT_3D('',#3252,#2594,#2595);
#2106=AXIS2_PLACEMENT_3D('',#3265,#2597,#2598);
#2107=AXIS2_PLACEMENT_3D('',#3278,#2600,#2601);
#2108=AXIS2_PLACEMENT_3D('',#3282,#2603,#2604);
#2109=AXIS2_PLACEMENT_3D('',#3283,#2605,#2606);
#2110=AXIS2_PLACEMENT_3D('',#3284,#2607,#2608);
#2111=AXIS2_PLACEMENT_3D('',#3286,#2610,#2611);
#2112=AXIS2_PLACEMENT_3D('',#3288,#2612,#2613);
#2113=AXIS2_PLACEMENT_3D('',#3305,#2615,#2616);
#2114=AXIS2_PLACEMENT_3D('',#3330,#2618,#2619);
#2115=AXIS2_PLACEMENT_3D('',#3332,#2620,#2621);
#2116=AXIS2_PLACEMENT_3D('',#3334,#2623,#2624);
#2117=AXIS2_PLACEMENT_3D('',#3339,#2628,#2629);
#2118=AXIS2_PLACEMENT_3D('',#3341,#2630,#2631);
#2119=AXIS2_PLACEMENT_3D('',#3343,#2633,#2634);
#2120=AXIS2_PLACEMENT_3D('',#3347,#2638,#2639);
#2121=AXIS2_PLACEMENT_3D('',#3348,#2640,#2641);
#2122=AXIS2_PLACEMENT_3D('',#3349,#2642,#2643);
#2123=AXIS2_PLACEMENT_3D('',#3350,#2644,#2645);
#2124=AXIS2_PLACEMENT_3D('',#3352,#2647,#2648);
#2125=AXIS2_PLACEMENT_3D('',#3354,#2650,#2651);
#2126=AXIS2_PLACEMENT_3D('',#3356,#2653,#2654);
#2127=AXIS2_PLACEMENT_3D('',#3359,#2657,#2658);
#2128=AXIS2_PLACEMENT_3D('',#3360,#2659,#2660);
#2129=AXIS2_PLACEMENT_3D('',#3361,#2661,#2662);
#2130=AXIS2_PLACEMENT_3D('',#3362,#2663,#2664);
#2131=DIRECTION('axis',(0.,0.,1.));
#2132=DIRECTION('refdir',(1.,0.,0.));
#2133=DIRECTION('center_axis',(0.,0.,1.));
#2134=DIRECTION('ref_axis',(-0.901368886809708,-0.433052109902985,0.));
#2135=DIRECTION('center_axis',(0.,0.,-1.));
#2136=DIRECTION('ref_axis',(-0.901368886809708,-0.433052109902985,0.));
#2137=DIRECTION('',(0.,0.,-1.));
#2138=DIRECTION('',(0.,0.,1.));
#2139=DIRECTION('center_axis',(0.,0.,1.));
#2140=DIRECTION('ref_axis',(-0.624931740217148,-0.780679396467697,0.));
#2141=DIRECTION('',(0.,0.,1.));
#2142=DIRECTION('center_axis',(0.,0.,1.));
#2143=DIRECTION('ref_axis',(-0.624931740217148,-0.780679396467697,0.));
#2144=DIRECTION('center_axis',(-1.,0.,0.));
#2145=DIRECTION('ref_axis',(0.,-1.,0.));
#2146=DIRECTION('',(0.,0.,-1.));
#2147=DIRECTION('',(0.,0.819152044288994,-0.573576436351043));
#2148=DIRECTION('center_axis',(1.,0.,0.));
#2149=DIRECTION('ref_axis',(0.,-0.573576436351036,-0.819152044288999));
#2150=DIRECTION('',(0.,-0.819152044289065,-0.573576436350942));
#2151=DIRECTION('center_axis',(0.,-0.573576436350942,0.819152044289065));
#2152=DIRECTION('ref_axis',(0.,-0.819152044289065,-0.573576436350942));
#2153=DIRECTION('',(-1.,0.,0.));
#2154=DIRECTION('',(1.,0.,0.));
#2155=DIRECTION('',(0.,-0.819152044289065,-0.573576436350942));
#2156=DIRECTION('center_axis',(-1.,0.,0.));
#2157=DIRECTION('ref_axis',(0.,-1.,0.));
#2158=DIRECTION('',(0.,0.,1.));
#2159=DIRECTION('',(0.,-0.819152044288994,0.573576436351043));
#2160=DIRECTION('center_axis',(-1.,0.,0.));
#2161=DIRECTION('ref_axis',(0.,-0.573576436351036,-0.819152044288999));
#2162=DIRECTION('',(0.,0.819152044289065,0.573576436350942));
#2163=DIRECTION('center_axis',(0.,0.573576436350942,-0.819152044289065));
#2164=DIRECTION('ref_axis',(0.,-0.819152044289065,-0.573576436350942));
#2165=DIRECTION('',(-1.,0.,0.));
#2166=DIRECTION('',(-1.,0.,0.));
#2167=DIRECTION('',(0.,0.819152044289065,0.573576436350942));
#2168=DIRECTION('center_axis',(1.,0.,0.));
#2169=DIRECTION('ref_axis',(0.,1.,0.));
#2170=DIRECTION('',(0.,0.,1.));
#2171=DIRECTION('',(0.,0.819152044288994,0.573576436351043));
#2172=DIRECTION('center_axis',(1.,0.,0.));
#2173=DIRECTION('ref_axis',(0.,0.573576436351036,-0.819152044288999));
#2174=DIRECTION('',(0.,-0.819152044289065,0.573576436350942));
#2175=DIRECTION('center_axis',(0.,-0.573576436350942,-0.819152044289065));
#2176=DIRECTION('ref_axis',(0.,0.819152044289065,-0.573576436350942));
#2177=DIRECTION('',(1.,0.,0.));
#2178=DIRECTION('',(1.,0.,0.));
#2179=DIRECTION('',(0.,-0.819152044289065,0.573576436350942));
#2180=DIRECTION('center_axis',(1.,0.,0.));
#2181=DIRECTION('ref_axis',(0.,1.,0.));
#2182=DIRECTION('',(0.,0.,-1.));
#2183=DIRECTION('',(0.,-0.819152044288994,-0.573576436351043));
#2184=DIRECTION('center_axis',(-1.,0.,0.));
#2185=DIRECTION('ref_axis',(0.,0.573576436351036,-0.819152044288999));
#2186=DIRECTION('',(0.,0.819152044289065,-0.573576436350942));
#2187=DIRECTION('center_axis',(0.,0.573576436350942,0.819152044289065));
#2188=DIRECTION('ref_axis',(0.,0.819152044289065,-0.573576436350942));
#2189=DIRECTION('',(1.,0.,0.));
#2190=DIRECTION('',(-1.,0.,0.));
#2191=DIRECTION('',(0.,0.819152044289065,-0.573576436350942));
#2192=DIRECTION('center_axis',(-1.,0.,0.));
#2193=DIRECTION('ref_axis',(0.,-1.,0.));
#2194=DIRECTION('',(0.,0.,-1.));
#2195=DIRECTION('center_axis',(1.,0.,0.));
#2196=DIRECTION('ref_axis',(0.,-0.573576436351036,-0.819152044288999));
#2197=DIRECTION('',(0.,0.819152044288994,-0.573576436351043));
#2198=DIRECTION('center_axis',(0.,-0.573576436351043,-0.819152044288994));
#2199=DIRECTION('ref_axis',(0.,0.819152044288994,-0.573576436351043));
#2200=DIRECTION('',(1.,0.,0.));
#2201=DIRECTION('',(1.,0.,0.));
#2202=DIRECTION('center_axis',(1.,0.,0.));
#2203=DIRECTION('ref_axis',(0.,-0.573576436351036,-0.819152044288999));
#2204=DIRECTION('center_axis',(-1.,0.,0.));
#2205=DIRECTION('ref_axis',(0.,-1.,0.));
#2206=DIRECTION('',(0.,0.,1.));
#2207=DIRECTION('center_axis',(-1.,0.,0.));
#2208=DIRECTION('ref_axis',(0.,-0.573576436351036,-0.819152044288999));
#2209=DIRECTION('',(0.,-0.819152044288994,0.573576436351043));
#2210=DIRECTION('center_axis',(0.,0.573576436351043,0.819152044288994));
#2211=DIRECTION('ref_axis',(0.,0.819152044288994,-0.573576436351043));
#2212=DIRECTION('',(1.,0.,0.));
#2213=DIRECTION('',(-1.,0.,0.));
#2214=DIRECTION('center_axis',(1.,0.,0.));
#2215=DIRECTION('ref_axis',(0.,-0.573576436351036,-0.819152044288999));
#2216=DIRECTION('center_axis',(1.,0.,0.));
#2217=DIRECTION('ref_axis',(0.,1.,0.));
#2218=DIRECTION('',(0.,0.,1.));
#2219=DIRECTION('center_axis',(1.,0.,0.));
#2220=DIRECTION('ref_axis',(0.,0.573576436351036,-0.819152044288999));
#2221=DIRECTION('',(0.,0.819152044288994,0.573576436351043));
#2222=DIRECTION('center_axis',(0.,-0.573576436351043,0.819152044288994));
#2223=DIRECTION('ref_axis',(0.,-0.819152044288994,-0.573576436351043));
#2224=DIRECTION('',(-1.,0.,0.));
#2225=DIRECTION('',(1.,0.,0.));
#2226=DIRECTION('center_axis',(-1.,0.,0.));
#2227=DIRECTION('ref_axis',(0.,0.573576436351036,-0.819152044288999));
#2228=DIRECTION('center_axis',(1.,0.,0.));
#2229=DIRECTION('ref_axis',(0.,1.,0.));
#2230=DIRECTION('',(0.,0.,-1.));
#2231=DIRECTION('center_axis',(-1.,0.,0.));
#2232=DIRECTION('ref_axis',(0.,0.573576436351036,-0.819152044288999));
#2233=DIRECTION('',(0.,-0.819152044288994,-0.573576436351043));
#2234=DIRECTION('center_axis',(0.,0.573576436351043,-0.819152044288994));
#2235=DIRECTION('ref_axis',(0.,-0.819152044288994,-0.573576436351043));
#2236=DIRECTION('',(-1.,0.,0.));
#2237=DIRECTION('',(-1.,0.,0.));
#2238=DIRECTION('center_axis',(-1.,0.,0.));
#2239=DIRECTION('ref_axis',(0.,0.573576436351036,-0.819152044288999));
#2240=DIRECTION('center_axis',(0.,0.,-1.));
#2241=DIRECTION('ref_axis',(1.,0.,0.));
#2242=DIRECTION('center_axis',(0.,0.,1.));
#2243=DIRECTION('ref_axis',(1.,0.,0.));
#2244=DIRECTION('',(1.,0.,0.));
#2245=DIRECTION('center_axis',(0.,0.,1.));
#2246=DIRECTION('ref_axis',(0.,1.,0.));
#2247=DIRECTION('',(0.,1.,0.));
#2248=DIRECTION('center_axis',(0.,0.,1.));
#2249=DIRECTION('ref_axis',(-1.,0.,0.));
#2250=DIRECTION('',(-1.,0.,0.));
#2251=DIRECTION('center_axis',(0.,0.,1.));
#2252=DIRECTION('ref_axis',(0.,-1.,0.));
#2253=DIRECTION('',(0.,-1.,0.));
#2254=DIRECTION('center_axis',(0.,0.,1.));
#2255=DIRECTION('ref_axis',(0.,-1.,0.));
#2256=DIRECTION('',(1.61193905571711E-16,-1.,0.));
#2257=DIRECTION('center_axis',(0.,0.,1.));
#2258=DIRECTION('ref_axis',(-1.,6.66133814775087E-15,0.));
#2259=DIRECTION('',(-1.,0.,0.));
#2260=DIRECTION('center_axis',(0.,0.,1.));
#2261=DIRECTION('ref_axis',(4.44089209850061E-15,1.,0.));
#2262=DIRECTION('',(1.61193905571711E-16,1.,0.));
#2263=DIRECTION('center_axis',(0.,0.,1.));
#2264=DIRECTION('ref_axis',(1.,2.22044604925032E-15,0.));
#2265=DIRECTION('',(1.,0.,0.));
#2266=DIRECTION('center_axis',(1.,1.61193905571711E-16,0.));
#2267=DIRECTION('ref_axis',(1.61193905571711E-16,-1.,0.));
#2268=DIRECTION('',(0.,0.,-1.));
#2269=DIRECTION('',(1.61193905571711E-16,-1.,0.));
#2270=DIRECTION('',(0.,0.,-1.));
#2271=DIRECTION('center_axis',(0.,0.,-1.));
#2272=DIRECTION('ref_axis',(-1.,6.66133814775087E-15,0.));
#2273=DIRECTION('center_axis',(0.,0.,1.));
#2274=DIRECTION('ref_axis',(-1.,6.66133814775087E-15,0.));
#2275=DIRECTION('',(0.,0.,-1.));
#2276=DIRECTION('center_axis',(0.,-1.,0.));
#2277=DIRECTION('ref_axis',(-1.,0.,0.));
#2278=DIRECTION('',(-1.,0.,0.));
#2279=DIRECTION('',(0.,0.,-1.));
#2280=DIRECTION('center_axis',(0.,0.,-1.));
#2281=DIRECTION('ref_axis',(4.44089209850061E-15,1.,0.));
#2282=DIRECTION('center_axis',(0.,0.,1.));
#2283=DIRECTION('ref_axis',(4.44089209850061E-15,1.,0.));
#2284=DIRECTION('',(0.,0.,-1.));
#2285=DIRECTION('center_axis',(-1.,1.61193905571711E-16,0.));
#2286=DIRECTION('ref_axis',(1.61193905571711E-16,1.,0.));
#2287=DIRECTION('',(1.61193905571711E-16,1.,0.));
#2288=DIRECTION('',(0.,0.,-1.));
#2289=DIRECTION('center_axis',(0.,0.,-1.));
#2290=DIRECTION('ref_axis',(1.,2.22044604925032E-15,0.));
#2291=DIRECTION('center_axis',(0.,0.,1.));
#2292=DIRECTION('ref_axis',(1.,2.22044604925032E-15,0.));
#2293=DIRECTION('',(0.,0.,-1.));
#2294=DIRECTION('center_axis',(0.,1.,0.));
#2295=DIRECTION('ref_axis',(1.,0.,0.));
#2296=DIRECTION('',(1.,0.,0.));
#2297=DIRECTION('',(0.,0.,-1.));
#2298=DIRECTION('center_axis',(0.,0.,-1.));
#2299=DIRECTION('ref_axis',(0.,-1.,0.));
#2300=DIRECTION('center_axis',(0.,0.,1.));
#2301=DIRECTION('ref_axis',(0.,-1.,0.));
#2302=DIRECTION('center_axis',(0.,0.,-1.));
#2303=DIRECTION('ref_axis',(1.,0.,0.));
#2304=DIRECTION('',(1.,0.,0.));
#2305=DIRECTION('',(0.,-1.,0.));
#2306=DIRECTION('',(-1.,0.,0.));
#2307=DIRECTION('',(-3.74764207814802E-7,0.99999999999993,0.));
#2308=DIRECTION('',(0.,1.,0.));
#2309=DIRECTION('center_axis',(0.,-1.,0.));
#2310=DIRECTION('ref_axis',(1.,0.,0.));
#2311=DIRECTION('',(0.,0.,-1.));
#2312=DIRECTION('',(-1.,0.,0.));
#2313=DIRECTION('',(0.,0.,-1.));
#2314=DIRECTION('center_axis',(-1.,0.,0.));
#2315=DIRECTION('ref_axis',(0.,-1.,0.));
#2316=DIRECTION('',(0.,0.,-1.));
#2317=DIRECTION('',(1.45364716808531E-16,1.,0.));
#2318=DIRECTION('',(0.,0.,-1.));
#2319=DIRECTION('center_axis',(-1.,0.,0.));
#2320=DIRECTION('ref_axis',(0.,-1.,0.));
#2321=DIRECTION('',(0.,0.,1.));
#2322=DIRECTION('',(0.,1.,0.));
#2323=DIRECTION('',(0.,0.,1.));
#2324=DIRECTION('',(0.,-1.,0.));
#2325=DIRECTION('',(0.,0.,1.));
#2326=DIRECTION('',(0.,-1.,0.));
#2327=DIRECTION('',(0.,0.,1.));
#2328=DIRECTION('',(0.,-1.,0.));
#2329=DIRECTION('',(0.,0.,-1.));
#2330=DIRECTION('',(0.,1.,0.));
#2331=DIRECTION('',(0.,0.,1.));
#2332=DIRECTION('center_axis',(0.,1.,0.));
#2333=DIRECTION('ref_axis',(-1.,0.,0.));
#2334=DIRECTION('',(1.,0.,0.));
#2335=DIRECTION('',(0.,0.,-1.));
#2336=DIRECTION('center_axis',(0.,1.,0.));
#2337=DIRECTION('ref_axis',(-1.,0.,0.));
#2338=DIRECTION('',(0.,0.,1.));
#2339=DIRECTION('',(1.,0.,0.));
#2340=DIRECTION('',(0.,0.,1.));
#2341=DIRECTION('',(-1.,0.,0.));
#2342=DIRECTION('',(0.,0.,1.));
#2343=DIRECTION('',(-1.,0.,0.));
#2344=DIRECTION('',(0.,0.,1.));
#2345=DIRECTION('',(-1.,0.,0.));
#2346=DIRECTION('',(0.,0.,-1.));
#2347=DIRECTION('',(1.,0.,0.));
#2348=DIRECTION('',(0.,0.,1.));
#2349=DIRECTION('center_axis',(1.,0.,0.));
#2350=DIRECTION('ref_axis',(0.,1.,0.));
#2351=DIRECTION('',(0.,0.,-1.));
#2352=DIRECTION('',(0.,-1.,0.));
#2353=DIRECTION('',(0.,0.,1.));
#2354=DIRECTION('',(0.,1.,0.));
#2355=DIRECTION('',(0.,0.,-1.));
#2356=DIRECTION('',(0.,1.,0.));
#2357=DIRECTION('',(0.,1.,0.));
#2358=DIRECTION('',(0.,1.,0.));
#2359=DIRECTION('',(0.,1.,0.));
#2360=DIRECTION('',(0.,1.,0.));
#2361=DIRECTION('',(0.,0.,1.));
#2362=DIRECTION('',(0.,1.,0.));
#2363=DIRECTION('',(0.,0.,-1.));
#2364=DIRECTION('',(0.,-1.,0.));
#2365=DIRECTION('',(0.,0.,1.));
#2366=DIRECTION('center_axis',(1.,0.,0.));
#2367=DIRECTION('ref_axis',(0.,1.,0.));
#2368=DIRECTION('',(2.96059473233376E-14,-1.,0.));
#2369=DIRECTION('center_axis',(-0.99999999999993,-3.74764207814802E-7,0.));
#2370=DIRECTION('ref_axis',(-3.74764207814802E-7,0.99999999999993,0.));
#2371=DIRECTION('',(-3.74764207814802E-7,0.99999999999993,0.));
#2372=DIRECTION('center_axis',(0.,0.,-1.));
#2373=DIRECTION('ref_axis',(1.,0.,0.));
#2374=DIRECTION('center_axis',(0.,0.,-1.));
#2375=DIRECTION('ref_axis',(-1.,9.25185853854296E-16,0.));
#2376=DIRECTION('',(1.,-4.69438911046578E-17,0.));
#2377=DIRECTION('center_axis',(0.,0.,-1.));
#2378=DIRECTION('ref_axis',(0.,1.,0.));
#2379=DIRECTION('',(1.45364716808531E-16,-1.,0.));
#2380=DIRECTION('center_axis',(0.,0.,-1.));
#2381=DIRECTION('ref_axis',(1.,-9.25185853854296E-16,0.));
#2382=DIRECTION('',(-1.,4.69438911046578E-17,0.));
#2383=DIRECTION('center_axis',(0.,0.,-1.));
#2384=DIRECTION('ref_axis',(1.8503717077086E-15,-1.,0.));
#2385=DIRECTION('',(-1.45364716808531E-16,1.,0.));
#2386=DIRECTION('center_axis',(0.,0.,-1.));
#2387=DIRECTION('ref_axis',(1.,0.,0.));
#2388=DIRECTION('center_axis',(0.,0.,-1.));
#2389=DIRECTION('ref_axis',(1.,0.,0.));
#2390=DIRECTION('',(0.514495755427527,-6.30075580059221E-17,0.857492925712544));
#2391=DIRECTION('center_axis',(0.,0.,1.));
#2392=DIRECTION('ref_axis',(1.,0.,0.));
#2393=DIRECTION('center_axis',(0.,0.,1.));
#2394=DIRECTION('ref_axis',(1.,0.,0.));
#2395=DIRECTION('',(1.,-4.05044498614533E-15,0.));
#2396=DIRECTION('center_axis',(0.,0.,1.));
#2397=DIRECTION('ref_axis',(0.,-1.,0.));
#2398=DIRECTION('',(-3.24035598891626E-15,1.,0.));
#2399=DIRECTION('center_axis',(4.05044498614533E-15,1.,0.));
#2400=DIRECTION('ref_axis',(1.,-4.05044498614533E-15,0.));
#2401=DIRECTION('',(0.,0.,-1.));
#2402=DIRECTION('',(1.,-4.05044498614533E-15,0.));
#2403=DIRECTION('center_axis',(0.,0.,-1.));
#2404=DIRECTION('ref_axis',(1.,0.,0.));
#2405=DIRECTION('',(0.,0.,1.));
#2406=DIRECTION('center_axis',(0.,0.,-1.));
#2407=DIRECTION('ref_axis',(1.,0.,0.));
#2408=DIRECTION('center_axis',(0.,0.,-1.));
#2409=DIRECTION('ref_axis',(1.,0.,0.));
#2410=DIRECTION('center_axis',(0.,0.,-1.));
#2411=DIRECTION('ref_axis',(1.,0.,0.));
#2412=DIRECTION('',(0.514495755427527,-6.30075580059221E-17,0.857492925712544));
#2413=DIRECTION('center_axis',(0.,0.,1.));
#2414=DIRECTION('ref_axis',(1.,0.,0.));
#2415=DIRECTION('center_axis',(0.,0.,-1.));
#2416=DIRECTION('ref_axis',(1.,0.,0.));
#2417=DIRECTION('center_axis',(0.,0.,1.));
#2418=DIRECTION('ref_axis',(1.,0.,0.));
#2419=DIRECTION('',(-3.24035598891626E-15,-1.,0.));
#2420=DIRECTION('center_axis',(0.,0.,1.));
#2421=DIRECTION('ref_axis',(-1.,0.,0.));
#2422=DIRECTION('',(1.,8.10088997229067E-16,0.));
#2423=DIRECTION('center_axis',(1.,-3.24035598891626E-15,0.));
#2424=DIRECTION('ref_axis',(-3.24035598891626E-15,-1.,0.));
#2425=DIRECTION('',(0.,0.,-1.));
#2426=DIRECTION('',(-3.24035598891626E-15,-1.,0.));
#2427=DIRECTION('center_axis',(0.,0.,-1.));
#2428=DIRECTION('ref_axis',(1.,0.,0.));
#2429=DIRECTION('',(0.,0.,1.));
#2430=DIRECTION('center_axis',(0.,0.,-1.));
#2431=DIRECTION('ref_axis',(1.,0.,0.));
#2432=DIRECTION('center_axis',(0.,0.,-1.));
#2433=DIRECTION('ref_axis',(1.,0.,0.));
#2434=DIRECTION('center_axis',(0.,0.,-1.));
#2435=DIRECTION('ref_axis',(1.,0.,0.));
#2436=DIRECTION('',(0.514495755427527,-6.30075580059221E-17,0.857492925712544));
#2437=DIRECTION('center_axis',(0.,0.,1.));
#2438=DIRECTION('ref_axis',(1.,0.,0.));
#2439=DIRECTION('center_axis',(0.,0.,-1.));
#2440=DIRECTION('ref_axis',(1.,0.,0.));
#2441=DIRECTION('center_axis',(0.,0.,1.));
#2442=DIRECTION('ref_axis',(1.,0.,0.));
#2443=DIRECTION('',(-1.,2.4302669916872E-15,0.));
#2444=DIRECTION('center_axis',(0.,0.,1.));
#2445=DIRECTION('ref_axis',(0.,1.,0.));
#2446=DIRECTION('',(-1.,0.,0.));
#2447=DIRECTION('',(3.24035598891626E-15,-1.,0.));
#2448=DIRECTION('center_axis',(-2.4302669916872E-15,-1.,0.));
#2449=DIRECTION('ref_axis',(-1.,2.4302669916872E-15,0.));
#2450=DIRECTION('',(0.,0.,-1.));
#2451=DIRECTION('',(-1.,2.4302669916872E-15,0.));
#2452=DIRECTION('center_axis',(0.,0.,-1.));
#2453=DIRECTION('ref_axis',(1.,0.,0.));
#2454=DIRECTION('',(0.,0.,1.));
#2455=DIRECTION('center_axis',(0.,0.,-1.));
#2456=DIRECTION('ref_axis',(1.,0.,0.));
#2457=DIRECTION('center_axis',(0.,0.,-1.));
#2458=DIRECTION('ref_axis',(1.,0.,0.));
#2459=DIRECTION('',(0.514495755427527,-6.30075580059221E-17,0.857492925712544));
#2460=DIRECTION('center_axis',(0.,0.,1.));
#2461=DIRECTION('ref_axis',(1.,0.,0.));
#2462=DIRECTION('center_axis',(0.,0.,-1.));
#2463=DIRECTION('ref_axis',(1.,0.,0.));
#2464=DIRECTION('center_axis',(0.,0.,1.));
#2465=DIRECTION('ref_axis',(1.,0.,0.));
#2466=DIRECTION('',(3.24035598891626E-15,1.,0.));
#2467=DIRECTION('',(-1.,0.,0.));
#2468=DIRECTION('center_axis',(0.,0.,1.));
#2469=DIRECTION('ref_axis',(1.,0.,0.));
#2470=DIRECTION('',(-1.,-2.4302669916872E-15,0.));
#2471=DIRECTION('center_axis',(-1.,3.24035598891626E-15,0.));
#2472=DIRECTION('ref_axis',(3.24035598891626E-15,1.,0.));
#2473=DIRECTION('',(0.,0.,-1.));
#2474=DIRECTION('',(3.24035598891626E-15,1.,0.));
#2475=DIRECTION('',(0.,0.,1.));
#2476=DIRECTION('center_axis',(0.,0.,-1.));
#2477=DIRECTION('ref_axis',(1.,0.,0.));
#2478=DIRECTION('',(0.,0.,1.));
#2479=DIRECTION('center_axis',(0.,0.,-1.));
#2480=DIRECTION('ref_axis',(1.,0.,0.));
#2481=DIRECTION('center_axis',(0.,0.,-1.));
#2482=DIRECTION('ref_axis',(1.,0.,0.));
#2483=DIRECTION('',(0.,0.,-1.));
#2484=DIRECTION('center_axis',(0.,0.,1.));
#2485=DIRECTION('ref_axis',(1.,0.,0.));
#2486=DIRECTION('center_axis',(-8.10088997229067E-16,1.,0.));
#2487=DIRECTION('ref_axis',(1.,8.10088997229067E-16,0.));
#2488=DIRECTION('',(1.,8.10088997229067E-16,0.));
#2489=DIRECTION('center_axis',(0.,0.,1.));
#2490=DIRECTION('ref_axis',(1.,0.,0.));
#2491=DIRECTION('center_axis',(0.,0.,-1.));
#2492=DIRECTION('ref_axis',(-1.,0.,0.));
#2493=DIRECTION('center_axis',(0.,0.,1.));
#2494=DIRECTION('ref_axis',(-1.,0.,0.));
#2495=DIRECTION('center_axis',(0.,0.,-1.));
#2496=DIRECTION('ref_axis',(-1.,0.,0.));
#2497=DIRECTION('center_axis',(0.,0.,-1.));
#2498=DIRECTION('ref_axis',(0.,-1.,0.));
#2499=DIRECTION('',(0.,0.,-1.));
#2500=DIRECTION('center_axis',(0.,0.,1.));
#2501=DIRECTION('ref_axis',(0.,-1.,0.));
#2502=DIRECTION('center_axis',(1.,3.24035598891626E-15,0.));
#2503=DIRECTION('ref_axis',(3.24035598891626E-15,-1.,0.));
#2504=DIRECTION('',(0.,0.,-1.));
#2505=DIRECTION('',(3.24035598891626E-15,-1.,0.));
#2506=DIRECTION('center_axis',(0.,0.,1.));
#2507=DIRECTION('ref_axis',(1.,0.,0.));
#2508=DIRECTION('',(1.,0.,0.));
#2509=DIRECTION('center_axis',(0.,0.,-1.));
#2510=DIRECTION('ref_axis',(0.,1.,0.));
#2511=DIRECTION('center_axis',(0.,0.,1.));
#2512=DIRECTION('ref_axis',(0.,1.,0.));
#2513=DIRECTION('',(0.,0.,1.));
#2514=DIRECTION('center_axis',(0.,0.,-1.));
#2515=DIRECTION('ref_axis',(0.,1.,0.));
#2516=DIRECTION('center_axis',(0.,0.,-1.));
#2517=DIRECTION('ref_axis',(2.96059473233375E-15,1.,0.));
#2518=DIRECTION('',(0.,0.,-1.));
#2519=DIRECTION('center_axis',(0.,0.,1.));
#2520=DIRECTION('ref_axis',(2.96059473233375E-15,1.,0.));
#2521=DIRECTION('center_axis',(-1.,-3.24035598891626E-15,0.));
#2522=DIRECTION('ref_axis',(-3.24035598891626E-15,1.,0.));
#2523=DIRECTION('',(-3.24035598891626E-15,1.,0.));
#2524=DIRECTION('center_axis',(0.,0.,1.));
#2525=DIRECTION('ref_axis',(1.,0.,0.));
#2526=DIRECTION('center_axis',(0.,0.,-1.));
#2527=DIRECTION('ref_axis',(0.,-1.,0.));
#2528=DIRECTION('center_axis',(0.,0.,1.));
#2529=DIRECTION('ref_axis',(0.,-1.,0.));
#2530=DIRECTION('center_axis',(0.,0.,-1.));
#2531=DIRECTION('ref_axis',(0.,-1.,0.));
#2532=DIRECTION('center_axis',(0.,0.,-1.));
#2533=DIRECTION('ref_axis',(-1.,0.,0.));
#2534=DIRECTION('',(0.,0.,-1.));
#2535=DIRECTION('center_axis',(0.,0.,1.));
#2536=DIRECTION('ref_axis',(-1.,0.,0.));
#2537=DIRECTION('center_axis',(2.4302669916872E-15,-1.,0.));
#2538=DIRECTION('ref_axis',(-1.,-2.4302669916872E-15,0.));
#2539=DIRECTION('',(-1.,-2.4302669916872E-15,0.));
#2540=DIRECTION('center_axis',(0.,0.,1.));
#2541=DIRECTION('ref_axis',(1.,0.,0.));
#2542=DIRECTION('center_axis',(0.,0.,-1.));
#2543=DIRECTION('ref_axis',(1.,0.,0.));
#2544=DIRECTION('',(1.,0.,0.));
#2545=DIRECTION('center_axis',(0.,-1.,0.));
#2546=DIRECTION('ref_axis',(1.,0.,0.));
#2547=DIRECTION('',(0.,0.,1.));
#2548=DIRECTION('',(0.,0.,1.));
#2549=DIRECTION('',(1.,0.,0.));
#2550=DIRECTION('',(0.,0.,-1.));
#2551=DIRECTION('',(-1.,0.,0.));
#2552=DIRECTION('',(0.,0.,1.));
#2553=DIRECTION('',(1.,0.,0.));
#2554=DIRECTION('',(0.,0.,1.));
#2555=DIRECTION('center_axis',(0.,0.,1.));
#2556=DIRECTION('ref_axis',(1.,0.,0.));
#2557=DIRECTION('center_axis',(0.,0.,-1.));
#2558=DIRECTION('ref_axis',(1.,0.,0.));
#2559=DIRECTION('center_axis',(0.,0.,1.));
#2560=DIRECTION('ref_axis',(0.,1.,0.));
#2561=DIRECTION('center_axis',(0.,0.,1.));
#2562=DIRECTION('ref_axis',(1.,0.,0.));
#2563=DIRECTION('center_axis',(0.,0.,1.));
#2564=DIRECTION('ref_axis',(0.,-1.,0.));
#2565=DIRECTION('center_axis',(0.,0.,1.));
#2566=DIRECTION('ref_axis',(-1.,0.,0.));
#2567=DIRECTION('center_axis',(0.,0.,1.));
#2568=DIRECTION('ref_axis',(1.,0.,0.));
#2569=DIRECTION('',(0.,-1.,0.));
#2570=DIRECTION('center_axis',(0.,0.,1.));
#2571=DIRECTION('ref_axis',(0.707106781186537,-0.707106781186558,0.));
#2572=DIRECTION('',(0.,1.,0.));
#2573=DIRECTION('center_axis',(0.,0.,1.));
#2574=DIRECTION('ref_axis',(1.,0.,0.));
#2575=DIRECTION('',(-1.,0.,0.));
#2576=DIRECTION('center_axis',(0.,0.,1.));
#2577=DIRECTION('ref_axis',(-0.916515138991168,0.399999999999999,0.));
#2578=DIRECTION('center_axis',(0.,0.,1.));
#2579=DIRECTION('ref_axis',(-0.100000000000002,0.99498743710662,0.));
#2580=DIRECTION('',(0.,-1.,0.));
#2581=DIRECTION('center_axis',(0.,0.,1.));
#2582=DIRECTION('ref_axis',(-1.,0.,0.));
#2583=DIRECTION('',(1.,0.,0.));
#2584=DIRECTION('center_axis',(0.,0.,1.));
#2585=DIRECTION('ref_axis',(0.,-1.,0.));
#2586=DIRECTION('',(0.,1.,0.));
#2587=DIRECTION('center_axis',(0.,0.,1.));
#2588=DIRECTION('ref_axis',(0.707106781186541,0.707106781186555,0.));
#2589=DIRECTION('center_axis',(3.083952846181E-15,1.,0.));
#2590=DIRECTION('ref_axis',(-1.,3.083952846181E-15,0.));
#2591=DIRECTION('',(1.,-3.083952846181E-15,0.));
#2592=DIRECTION('center_axis',(-3.083952846181E-15,-1.,0.));
#2593=DIRECTION('ref_axis',(-0.0804519868421938,0.,0.996758485197464));
#2594=DIRECTION('center_axis',(0.,0.,-1.));
#2595=DIRECTION('ref_axis',(-0.916515138991168,0.399999999999999,0.));
#2596=DIRECTION('',(0.,0.,-1.));
#2597=DIRECTION('center_axis',(-1.,-1.03010383728107E-15,4.57823927680476E-16));
#2598=DIRECTION('ref_axis',(3.70074341541719E-16,0.0836283042613894,0.996497017921461));
#2599=DIRECTION('',(1.,0.,0.));
#2600=DIRECTION('center_axis',(0.,1.,0.));
#2601=DIRECTION('ref_axis',(0.70710678118654,0.,0.707106781186555));
#2602=DIRECTION('',(0.,1.,0.));
#2603=DIRECTION('center_axis',(0.,-0.707106781186547,-0.707106781186548));
#2604=DIRECTION('ref_axis',(0.,-0.707106781186548,0.707106781186547));
#2605=DIRECTION('center_axis',(0.,-0.707106781186548,0.707106781186547));
#2606=DIRECTION('ref_axis',(0.,-0.707106781186547,-0.707106781186548));
#2607=DIRECTION('center_axis',(0.,0.,1.));
#2608=DIRECTION('ref_axis',(0.707106781186541,0.707106781186555,0.));
#2609=DIRECTION('',(0.,0.,-1.));
#2610=DIRECTION('center_axis',(0.,0.,-1.));
#2611=DIRECTION('ref_axis',(-0.100000000000002,-0.99498743710662,0.));
#2612=DIRECTION('center_axis',(0.,0.,1.));
#2613=DIRECTION('ref_axis',(-0.100000000000002,-0.99498743710662,0.));
#2614=DIRECTION('',(0.,0.,-1.));
#2615=DIRECTION('center_axis',(0.,-1.,0.));
#2616=DIRECTION('ref_axis',(-0.0804519868421938,0.,0.996758485197464));
#2617=DIRECTION('',(0.,1.,0.));
#2618=DIRECTION('center_axis',(0.,0.,1.));
#2619=DIRECTION('ref_axis',(0.916515138991169,0.399999999999999,0.));
#2620=DIRECTION('center_axis',(0.,0.,1.));
#2621=DIRECTION('ref_axis',(0.916515138991169,0.399999999999999,0.));
#2622=DIRECTION('',(0.,0.,1.));
#2623=DIRECTION('center_axis',(0.,1.,0.));
#2624=DIRECTION('ref_axis',(-1.,0.,0.));
#2625=DIRECTION('',(0.,0.,1.));
#2626=DIRECTION('',(0.,0.,1.));
#2627=DIRECTION('',(-1.,0.,0.));
#2628=DIRECTION('center_axis',(0.,0.,1.));
#2629=DIRECTION('ref_axis',(0.,1.,0.));
#2630=DIRECTION('center_axis',(0.,0.,1.));
#2631=DIRECTION('ref_axis',(0.,1.,0.));
#2632=DIRECTION('',(0.,0.,1.));
#2633=DIRECTION('center_axis',(-1.,0.,0.));
#2634=DIRECTION('ref_axis',(0.,-1.,0.));
#2635=DIRECTION('',(0.,0.,1.));
#2636=DIRECTION('',(0.,-1.,0.));
#2637=DIRECTION('',(0.,0.,1.));
#2638=DIRECTION('center_axis',(0.,0.,1.));
#2639=DIRECTION('ref_axis',(-0.100000000000002,0.99498743710662,0.));
#2640=DIRECTION('center_axis',(0.,0.,1.));
#2641=DIRECTION('ref_axis',(-0.100000000000002,0.99498743710662,0.));
#2642=DIRECTION('center_axis',(0.,0.,1.));
#2643=DIRECTION('ref_axis',(-0.100000000000002,0.99498743710662,0.));
#2644=DIRECTION('center_axis',(0.,0.,1.));
#2645=DIRECTION('ref_axis',(-1.,0.,0.));
#2646=DIRECTION('',(0.,0.,1.));
#2647=DIRECTION('center_axis',(0.,-1.,0.));
#2648=DIRECTION('ref_axis',(1.,0.,0.));
#2649=DIRECTION('',(0.,0.,1.));
#2650=DIRECTION('center_axis',(0.,0.,1.));
#2651=DIRECTION('ref_axis',(0.,-1.,0.));
#2652=DIRECTION('',(0.,0.,1.));
#2653=DIRECTION('center_axis',(1.,0.,0.));
#2654=DIRECTION('ref_axis',(0.,1.,0.));
#2655=DIRECTION('',(0.,0.,1.));
#2656=DIRECTION('',(0.,0.,-1.));
#2657=DIRECTION('center_axis',(0.,0.,-1.));
#2658=DIRECTION('ref_axis',(0.707106781186537,-0.707106781186558,0.));
#2659=DIRECTION('center_axis',(0.,0.,1.));
#2660=DIRECTION('ref_axis',(1.,0.,0.));
#2661=DIRECTION('center_axis',(0.,0.,1.));
#2662=DIRECTION('ref_axis',(1.,0.,0.));
#2663=DIRECTION('center_axis',(0.,0.,1.));
#2664=DIRECTION('ref_axis',(1.,0.,0.));
#2665=CARTESIAN_POINT('',(0.,0.,0.));
#2666=CARTESIAN_POINT('Origin',(-50.9256296318948,7.94704889108429,0.));
#2667=CARTESIAN_POINT('',(-51.0011227442239,6.94990256782433,1.6));
#2668=CARTESIAN_POINT('',(-51.7512592637896,8.51126136075973,1.6));
#2669=CARTESIAN_POINT('Origin',(-50.9256296318948,7.94704889108429,1.6));
#2670=CARTESIAN_POINT('',(-51.7512592632185,8.51126136159545,0.790091790733623));
#2671=CARTESIAN_POINT('',(-51.7512592637896,8.51126136075973,0.));
#2672=CARTESIAN_POINT('',(-51.0011227442235,6.9499025678243,1.41117412162428));
#2673=CARTESIAN_POINT('Ctrl Pts',(-51.0011227442235,6.9499025678243,1.41117412162415));
#2674=CARTESIAN_POINT('Ctrl Pts',(-51.1220916130944,6.95906101949074,1.35339226773073));
#2675=CARTESIAN_POINT('Ctrl Pts',(-51.2399744904851,6.99067433148578,1.28144631896719));
#2676=CARTESIAN_POINT('Ctrl Pts',(-51.4724618906951,7.09816648288783,1.10566590576079));
#2677=CARTESIAN_POINT('Ctrl Pts',(-51.5814265470677,7.18182655669049,0.998111464856412));
#2678=CARTESIAN_POINT('Ctrl Pts',(-51.7393975527831,7.35557976574552,0.811514422886368));
#2679=CARTESIAN_POINT('Ctrl Pts',(-51.8050989339808,7.45569592494474,0.716626264937047));
#2680=CARTESIAN_POINT('Ctrl Pts',(-51.8743667770413,7.625146242062,0.601888075193313));
#2681=CARTESIAN_POINT('Ctrl Pts',(-51.8927630287216,7.68481132832534,0.568466650182339));
#2682=CARTESIAN_POINT('Ctrl Pts',(-51.9183721219044,7.81068072297946,0.520216163725298));
#2683=CARTESIAN_POINT('Ctrl Pts',(-51.9256296318948,7.87693327365065,0.505536796704817));
#2684=CARTESIAN_POINT('Ctrl Pts',(-51.9256296318948,7.94704889108429,0.505536796704817));
#2685=CARTESIAN_POINT('Ctrl Pts',(-51.9256296318948,8.01716450851794,0.505536796704817));
#2686=CARTESIAN_POINT('Ctrl Pts',(-51.9183721219044,8.08341705918912,0.520216163725297));
#2687=CARTESIAN_POINT('Ctrl Pts',(-51.8927630287216,8.20928645384325,0.568466650182338));
#2688=CARTESIAN_POINT('Ctrl Pts',(-51.8743667770413,8.26895154010659,0.601888075193311));
#2689=CARTESIAN_POINT('Ctrl Pts',(-51.8239393303811,8.39231248871457,0.685418234175281));
#2690=CARTESIAN_POINT('Ctrl Pts',(-51.7899656027672,8.45462117284383,0.737370874293018));
#2691=CARTESIAN_POINT('Ctrl Pts',(-51.7512592630072,8.51126136190463,0.790091790243518));
#2692=CARTESIAN_POINT('',(-51.0011227442239,6.94990256782433,0.));
#2693=CARTESIAN_POINT('Origin',(-50.8501365195657,8.94419521434426,0.));
#2694=CARTESIAN_POINT('',(-50.8501365195657,6.94419521434426,1.47582018939157));
#2695=CARTESIAN_POINT('Ctrl Pts',(-51.0011227442235,6.9499025678243,1.41117412162414));
#2696=CARTESIAN_POINT('Ctrl Pts',(-50.9519077612798,6.94617654271748,1.43468209504212));
#2697=CARTESIAN_POINT('Ctrl Pts',(-50.9015488567789,6.94419521434426,1.45626445894464));
#2698=CARTESIAN_POINT('Ctrl Pts',(-50.8501365195657,6.94419521434426,1.47582018939157));
#2699=CARTESIAN_POINT('',(-50.8501365195657,6.94419521434425,1.6));
#2700=CARTESIAN_POINT('',(-50.8501365195657,6.94419521434425,0.));
#2701=CARTESIAN_POINT('Origin',(-50.8501365195657,8.94419521434426,1.6));
#2702=CARTESIAN_POINT('Origin',(-27.5,35.267613071826,-12.1499997004867));
#2703=CARTESIAN_POINT('',(-27.5,35.35,-13.1369635752133));
#2704=CARTESIAN_POINT('',(-27.5,35.35,-11.16303582576));
#2705=CARTESIAN_POINT('',(-27.5,35.35,-6.07499985024333));
#2706=CARTESIAN_POINT('',(-27.5,34.8763657969986,-12.8053213359178));
#2707=CARTESIAN_POINT('',(-27.5,34.8536810016945,-12.7894372712431));
#2708=CARTESIAN_POINT('',(-27.5,34.8763657969987,-11.4946780650553));
#2709=CARTESIAN_POINT('Origin',(-27.5,35.3352269460795,-12.1499997004866));
#2710=CARTESIAN_POINT('',(-27.5,35.3368188801639,-11.1722653452312));
#2711=CARTESIAN_POINT('Origin',(-33.6,35.8426415539374,-10.8180844960578));
#2712=CARTESIAN_POINT('',(-33.7,35.35,-11.16303582576));
#2713=CARTESIAN_POINT('',(6.84999999999999,35.35,-11.16303582576));
#2714=CARTESIAN_POINT('',(-33.7,34.8763657969987,-11.4946780650553));
#2715=CARTESIAN_POINT('',(-33.6,34.8763657969987,-11.4946780650553));
#2716=CARTESIAN_POINT('',(-33.7,35.3368188801639,-11.1722653452312));
#2717=CARTESIAN_POINT('Origin',(33.7,35.267613071826,-12.1499997004867));
#2718=CARTESIAN_POINT('',(33.7,35.35,-13.1369635752133));
#2719=CARTESIAN_POINT('',(33.7,35.35,-11.16303582576));
#2720=CARTESIAN_POINT('',(33.7,35.35,-6.07499985024333));
#2721=CARTESIAN_POINT('',(33.7,34.8763657969986,-12.8053213359178));
#2722=CARTESIAN_POINT('',(33.7,34.8536810016945,-12.7894372712431));
#2723=CARTESIAN_POINT('',(33.7,34.8763657969987,-11.4946780650553));
#2724=CARTESIAN_POINT('Origin',(33.7,35.3352269460795,-12.1499997004866));
#2725=CARTESIAN_POINT('',(33.7,35.3368188801639,-11.1722653452312));
#2726=CARTESIAN_POINT('Origin',(33.6,35.8426415539374,-10.8180844960578));
#2727=CARTESIAN_POINT('',(27.5,35.35,-11.16303582576));
#2728=CARTESIAN_POINT('',(40.45,35.35,-11.16303582576));
#2729=CARTESIAN_POINT('',(27.5,34.8763657969987,-11.4946780650553));
#2730=CARTESIAN_POINT('',(33.6,34.8763657969987,-11.4946780650553));
#2731=CARTESIAN_POINT('',(27.5,35.3368188801639,-11.1722653452312));
#2732=CARTESIAN_POINT('Origin',(-33.7,-35.267613071826,-12.1499997004867));
#2733=CARTESIAN_POINT('',(-33.7,-35.35,-13.1369635752133));
#2734=CARTESIAN_POINT('',(-33.7,-35.35,-11.16303582576));
#2735=CARTESIAN_POINT('',(-33.7,-35.35,-6.07499985024333));
#2736=CARTESIAN_POINT('',(-33.7,-34.8763657969986,-12.8053213359178));
#2737=CARTESIAN_POINT('',(-33.7,-34.8536810016945,-12.7894372712431));
#2738=CARTESIAN_POINT('',(-33.7,-34.8763657969987,-11.4946780650553));
#2739=CARTESIAN_POINT('Origin',(-33.7,-35.3352269460795,-12.1499997004866));
#2740=CARTESIAN_POINT('',(-33.7,-35.3368188801639,-11.1722653452312));
#2741=CARTESIAN_POINT('Origin',(-33.6,-35.8426415539374,-10.8180844960578));
#2742=CARTESIAN_POINT('',(-27.5,-35.35,-11.16303582576));
#2743=CARTESIAN_POINT('',(-40.45,-35.35,-11.16303582576));
#2744=CARTESIAN_POINT('',(-27.5,-34.8763657969987,-11.4946780650553));
#2745=CARTESIAN_POINT('',(-33.6,-34.8763657969987,-11.4946780650553));
#2746=CARTESIAN_POINT('',(-27.5,-35.3368188801639,-11.1722653452312));
#2747=CARTESIAN_POINT('Origin',(27.5,-35.267613071826,-12.1499997004867));
#2748=CARTESIAN_POINT('',(27.5,-35.35,-13.1369635752133));
#2749=CARTESIAN_POINT('',(27.5,-35.35,-11.16303582576));
#2750=CARTESIAN_POINT('',(27.5,-35.35,-6.07499985024333));
#2751=CARTESIAN_POINT('',(27.5,-34.8763657969986,-12.8053213359178));
#2752=CARTESIAN_POINT('',(27.5,-34.8536810016945,-12.7894372712431));
#2753=CARTESIAN_POINT('',(27.5,-34.8763657969987,-11.4946780650553));
#2754=CARTESIAN_POINT('Origin',(27.5,-35.3352269460795,-12.1499997004866));
#2755=CARTESIAN_POINT('',(27.5,-35.3368188801639,-11.1722653452312));
#2756=CARTESIAN_POINT('Origin',(33.6,-35.8426415539374,-10.8180844960578));
#2757=CARTESIAN_POINT('',(33.7,-35.35,-11.16303582576));
#2758=CARTESIAN_POINT('',(-6.85,-35.35,-11.16303582576));
#2759=CARTESIAN_POINT('',(33.7,-34.8763657969987,-11.4946780650553));
#2760=CARTESIAN_POINT('',(33.6,-34.8763657969987,-11.4946780650553));
#2761=CARTESIAN_POINT('',(33.7,-35.3368188801639,-11.1722653452312));
#2762=CARTESIAN_POINT('Origin',(-33.7,35.267613071826,-12.1499997004867));
#2763=CARTESIAN_POINT('',(-33.7,35.35,-13.1369635752133));
#2764=CARTESIAN_POINT('',(-33.7,35.35,-6.07499985024333));
#2765=CARTESIAN_POINT('',(-33.7,34.8763657969986,-12.8053213359178));
#2766=CARTESIAN_POINT('Origin',(-33.7,35.3352269460795,-12.1499997004866));
#2767=CARTESIAN_POINT('',(-33.7,34.8536810016945,-12.7894372712431));
#2768=CARTESIAN_POINT('Origin',(-33.6,34.8763657969986,-12.8053213359178));
#2769=CARTESIAN_POINT('',(6.84999999999999,35.35,-13.1369635752133));
#2770=CARTESIAN_POINT('',(-33.6,34.8763657969986,-12.8053213359178));
#2771=CARTESIAN_POINT('Origin',(-33.6,35.3352269460795,-12.1499997004866));
#2772=CARTESIAN_POINT('Origin',(27.5,35.267613071826,-12.1499997004867));
#2773=CARTESIAN_POINT('',(27.5,35.35,-13.1369635752133));
#2774=CARTESIAN_POINT('',(27.5,35.35,-6.07499985024333));
#2775=CARTESIAN_POINT('',(27.5,34.8763657969986,-12.8053213359178));
#2776=CARTESIAN_POINT('Origin',(27.5,35.3352269460795,-12.1499997004866));
#2777=CARTESIAN_POINT('',(27.5,34.8536810016945,-12.7894372712431));
#2778=CARTESIAN_POINT('Origin',(33.6,34.8763657969986,-12.8053213359178));
#2779=CARTESIAN_POINT('',(40.45,35.35,-13.1369635752133));
#2780=CARTESIAN_POINT('',(33.6,34.8763657969986,-12.8053213359178));
#2781=CARTESIAN_POINT('Origin',(33.6,35.3352269460795,-12.1499997004866));
#2782=CARTESIAN_POINT('Origin',(-27.5,-35.267613071826,-12.1499997004867));
#2783=CARTESIAN_POINT('',(-27.5,-35.35,-13.1369635752133));
#2784=CARTESIAN_POINT('',(-27.5,-35.35,-6.07499985024333));
#2785=CARTESIAN_POINT('',(-27.5,-34.8763657969986,-12.8053213359178));
#2786=CARTESIAN_POINT('Origin',(-27.5,-35.3352269460795,-12.1499997004866));
#2787=CARTESIAN_POINT('',(-27.5,-34.8536810016945,-12.7894372712431));
#2788=CARTESIAN_POINT('Origin',(-33.6,-34.8763657969986,-12.8053213359178));
#2789=CARTESIAN_POINT('',(-40.45,-35.35,-13.1369635752133));
#2790=CARTESIAN_POINT('',(-33.6,-34.8763657969986,-12.8053213359178));
#2791=CARTESIAN_POINT('Origin',(-33.6,-35.3352269460795,-12.1499997004866));
#2792=CARTESIAN_POINT('Origin',(33.7,-35.267613071826,-12.1499997004867));
#2793=CARTESIAN_POINT('',(33.7,-35.35,-13.1369635752133));
#2794=CARTESIAN_POINT('',(33.7,-35.35,-6.07499985024333));
#2795=CARTESIAN_POINT('',(33.7,-34.8763657969986,-12.8053213359178));
#2796=CARTESIAN_POINT('Origin',(33.7,-35.3352269460795,-12.1499997004866));
#2797=CARTESIAN_POINT('',(33.7,-34.8536810016945,-12.7894372712431));
#2798=CARTESIAN_POINT('Origin',(33.6,-34.8763657969986,-12.8053213359178));
#2799=CARTESIAN_POINT('',(-6.85,-35.35,-13.1369635752133));
#2800=CARTESIAN_POINT('',(33.6,-34.8763657969986,-12.8053213359178));
#2801=CARTESIAN_POINT('Origin',(33.6,-35.3352269460795,-12.1499997004866));
#2802=CARTESIAN_POINT('Origin',(8.88178419700125E-15,0.,-15.1));
#2803=CARTESIAN_POINT('',(50.3,30.55,-15.1));
#2804=CARTESIAN_POINT('',(47.3,33.55,-15.1));
#2805=CARTESIAN_POINT('Origin',(47.3,30.55,-15.1));
#2806=CARTESIAN_POINT('',(-47.3,33.55,-15.1));
#2807=CARTESIAN_POINT('',(-23.65,33.55,-15.1));
#2808=CARTESIAN_POINT('',(-50.3,30.55,-15.1));
#2809=CARTESIAN_POINT('Origin',(-47.3,30.55,-15.1));
#2810=CARTESIAN_POINT('',(-50.3,-30.55,-15.1));
#2811=CARTESIAN_POINT('',(-50.3,-15.275,-15.1));
#2812=CARTESIAN_POINT('',(-47.3,-33.55,-15.1));
#2813=CARTESIAN_POINT('Origin',(-47.3,-30.55,-15.1));
#2814=CARTESIAN_POINT('',(47.3,-33.55,-15.1));
#2815=CARTESIAN_POINT('',(23.65,-33.55,-15.1));
#2816=CARTESIAN_POINT('',(50.3,-30.55,-15.1));
#2817=CARTESIAN_POINT('Origin',(47.3,-30.55,-15.1));
#2818=CARTESIAN_POINT('',(50.3,15.275,-15.1));
#2819=CARTESIAN_POINT('',(-46.3,-27.55,-15.1));
#2820=CARTESIAN_POINT('',(-44.3,-29.55,-15.1));
#2821=CARTESIAN_POINT('Origin',(-44.3,-27.55,-15.1));
#2822=CARTESIAN_POINT('',(-46.3,27.55,-15.1));
#2823=CARTESIAN_POINT('',(-46.3,27.55,-15.1));
#2824=CARTESIAN_POINT('',(-44.3,29.55,-15.1));
#2825=CARTESIAN_POINT('Origin',(-44.3,27.55,-15.1));
#2826=CARTESIAN_POINT('',(44.3,29.55,-15.1));
#2827=CARTESIAN_POINT('',(44.3,29.55,-15.1));
#2828=CARTESIAN_POINT('',(46.3,27.55,-15.1));
#2829=CARTESIAN_POINT('Origin',(44.3,27.55,-15.1));
#2830=CARTESIAN_POINT('',(46.3,-27.55,-15.1));
#2831=CARTESIAN_POINT('',(46.3,-27.55,-15.1));
#2832=CARTESIAN_POINT('',(44.3,-29.55,-15.1));
#2833=CARTESIAN_POINT('Origin',(44.3,-27.55,-15.1));
#2834=CARTESIAN_POINT('',(-44.3,-29.55,-15.1));
#2835=CARTESIAN_POINT('Origin',(-46.3,27.55,-15.1));
#2836=CARTESIAN_POINT('',(-46.3,-27.55,-16.6));
#2837=CARTESIAN_POINT('',(-46.3,-27.55,-15.1));
#2838=CARTESIAN_POINT('',(-46.3,27.55,-16.6));
#2839=CARTESIAN_POINT('',(-46.3,27.55,-16.6));
#2840=CARTESIAN_POINT('',(-46.3,27.55,-15.1));
#2841=CARTESIAN_POINT('Origin',(-44.3,27.55,-15.1));
#2842=CARTESIAN_POINT('',(-44.3,29.55,-16.6));
#2843=CARTESIAN_POINT('Origin',(-44.3,27.55,-16.6));
#2844=CARTESIAN_POINT('',(-44.3,29.55,-15.1));
#2845=CARTESIAN_POINT('Origin',(44.3,29.55,-15.1));
#2846=CARTESIAN_POINT('',(44.3,29.55,-16.6));
#2847=CARTESIAN_POINT('',(44.3,29.55,-16.6));
#2848=CARTESIAN_POINT('',(44.3,29.55,-15.1));
#2849=CARTESIAN_POINT('Origin',(44.3,27.55,-15.1));
#2850=CARTESIAN_POINT('',(46.3,27.55,-16.6));
#2851=CARTESIAN_POINT('Origin',(44.3,27.55,-16.6));
#2852=CARTESIAN_POINT('',(46.3,27.55,-15.1));
#2853=CARTESIAN_POINT('Origin',(46.3,-27.55,-15.1));
#2854=CARTESIAN_POINT('',(46.3,-27.55,-16.6));
#2855=CARTESIAN_POINT('',(46.3,-27.55,-16.6));
#2856=CARTESIAN_POINT('',(46.3,-27.55,-15.1));
#2857=CARTESIAN_POINT('Origin',(44.3,-27.55,-15.1));
#2858=CARTESIAN_POINT('',(44.3,-29.55,-16.6));
#2859=CARTESIAN_POINT('Origin',(44.3,-27.55,-16.6));
#2860=CARTESIAN_POINT('',(44.3,-29.55,-15.1));
#2861=CARTESIAN_POINT('Origin',(-44.3,-29.55,-15.1));
#2862=CARTESIAN_POINT('',(-44.3,-29.55,-16.6));
#2863=CARTESIAN_POINT('',(-44.3,-29.55,-16.6));
#2864=CARTESIAN_POINT('',(-44.3,-29.55,-15.1));
#2865=CARTESIAN_POINT('Origin',(-44.3,-27.55,-15.1));
#2866=CARTESIAN_POINT('Origin',(-44.3,-27.55,-16.6));
#2867=CARTESIAN_POINT('Origin',(8.88178419700125E-15,0.,-16.6));
#2868=CARTESIAN_POINT('',(-50.2999999999999,-33.55,-16.6));
#2869=CARTESIAN_POINT('',(50.3,-33.55,-16.6));
#2870=CARTESIAN_POINT('',(23.65,-33.55,-16.6));
#2871=CARTESIAN_POINT('',(-50.3,33.55,-16.6));
#2872=CARTESIAN_POINT('',(-50.3,-15.275,-16.6));
#2873=CARTESIAN_POINT('',(50.2999988757074,33.55,-16.6));
#2874=CARTESIAN_POINT('',(-23.65,33.55,-16.6));
#2875=CARTESIAN_POINT('',(50.3,30.55,-16.6));
#2876=CARTESIAN_POINT('',(50.3000057245197,15.275009425322,-16.6));
#2877=CARTESIAN_POINT('',(50.3,15.275,-16.6));
#2878=CARTESIAN_POINT('Origin',(-47.3,33.55,0.));
#2879=CARTESIAN_POINT('',(-50.3,33.55,-20.));
#2880=CARTESIAN_POINT('',(-50.3,33.55,-15.1));
#2881=CARTESIAN_POINT('',(50.2999988757074,33.55,-20.));
#2882=CARTESIAN_POINT('',(-47.3,33.55,-20.));
#2883=CARTESIAN_POINT('',(50.2999988757074,33.55,-15.1));
#2884=CARTESIAN_POINT('Origin',(50.3,30.55,0.));
#2885=CARTESIAN_POINT('',(50.3,30.55,-20.));
#2886=CARTESIAN_POINT('',(50.3,30.55,-15.1));
#2887=CARTESIAN_POINT('',(50.3,-33.55,-20.));
#2888=CARTESIAN_POINT('',(50.3,-30.55,-20.));
#2889=CARTESIAN_POINT('',(50.3,-33.55,-15.1));
#2890=CARTESIAN_POINT('Origin',(50.3,30.55,0.));
#2891=CARTESIAN_POINT('',(50.3,-30.55,-3.1));
#2892=CARTESIAN_POINT('',(50.3,-30.55,0.));
#2893=CARTESIAN_POINT('',(50.3,-25.0680194846606,-3.1));
#2894=CARTESIAN_POINT('',(50.3,0.620495128834853,-3.1));
#2895=CARTESIAN_POINT('',(50.3,-25.0680194846606,-0.1));
#2896=CARTESIAN_POINT('',(50.3,-25.0680194846606,-0.05));
#2897=CARTESIAN_POINT('',(50.3,-30.55,-0.1));
#2898=CARTESIAN_POINT('',(50.3,0.620495128834853,-0.1));
#2899=CARTESIAN_POINT('',(50.3,-30.55,1.6));
#2900=CARTESIAN_POINT('',(50.3,-30.55,0.));
#2901=CARTESIAN_POINT('',(50.3,30.55,1.6));
#2902=CARTESIAN_POINT('',(50.3,15.2761464234891,1.6));
#2903=CARTESIAN_POINT('',(50.3,30.55,-0.1));
#2904=CARTESIAN_POINT('',(50.3,30.55,0.));
#2905=CARTESIAN_POINT('',(50.3,25.0680194846605,-0.1));
#2906=CARTESIAN_POINT('',(50.3,29.9295048711651,-0.1));
#2907=CARTESIAN_POINT('',(50.3,25.0680194846605,-3.1));
#2908=CARTESIAN_POINT('',(50.3,25.0680194846605,-0.05));
#2909=CARTESIAN_POINT('',(50.3,30.55,-3.1));
#2910=CARTESIAN_POINT('',(50.3,29.9295048711651,-3.1));
#2911=CARTESIAN_POINT('',(50.3,30.55,0.));
#2912=CARTESIAN_POINT('Origin',(47.3,-33.55,0.));
#2913=CARTESIAN_POINT('',(-50.2999999999999,-33.55,-20.));
#2914=CARTESIAN_POINT('',(-47.3,-33.55,-20.));
#2915=CARTESIAN_POINT('',(-50.2999999999999,-33.55,-15.1));
#2916=CARTESIAN_POINT('Origin',(47.3,-33.55,0.));
#2917=CARTESIAN_POINT('',(-47.3,-33.55,-3.1));
#2918=CARTESIAN_POINT('',(-47.3,-33.55,0.));
#2919=CARTESIAN_POINT('',(-41.8180194846606,-33.55,-3.1));
#2920=CARTESIAN_POINT('',(0.620495128834859,-33.55,-3.1));
#2921=CARTESIAN_POINT('',(-41.8180194846606,-33.55,-0.1));
#2922=CARTESIAN_POINT('',(-41.8180194846606,-33.55,-0.05));
#2923=CARTESIAN_POINT('',(-47.3,-33.55,-0.1));
#2924=CARTESIAN_POINT('',(0.620495128834859,-33.55,-0.1));
#2925=CARTESIAN_POINT('',(-47.3,-33.55,1.6));
#2926=CARTESIAN_POINT('',(-47.3,-33.55,0.));
#2927=CARTESIAN_POINT('',(47.3,-33.55,1.6));
#2928=CARTESIAN_POINT('',(23.6491715570802,-33.55,1.6));
#2929=CARTESIAN_POINT('',(47.3,-33.55,-0.1));
#2930=CARTESIAN_POINT('',(47.3,-33.55,0.));
#2931=CARTESIAN_POINT('',(41.8180194846605,-33.55,-0.1));
#2932=CARTESIAN_POINT('',(46.6795048711651,-33.55,-0.1));
#2933=CARTESIAN_POINT('',(41.8180194846605,-33.55,-3.1));
#2934=CARTESIAN_POINT('',(41.8180194846605,-33.55,-0.05));
#2935=CARTESIAN_POINT('',(47.3,-33.55,-3.1));
#2936=CARTESIAN_POINT('',(46.6795048711651,-33.55,-3.1));
#2937=CARTESIAN_POINT('',(47.3,-33.55,0.));
#2938=CARTESIAN_POINT('Origin',(-50.3,-30.55,0.));
#2939=CARTESIAN_POINT('',(-50.3,30.55,-3.1));
#2940=CARTESIAN_POINT('',(-50.3,30.55,0.));
#2941=CARTESIAN_POINT('',(-50.3,25.0680194846605,-3.1));
#2942=CARTESIAN_POINT('',(-50.3,-0.620495128834875,-3.1));
#2943=CARTESIAN_POINT('',(-50.3,25.0680194846605,-0.1));
#2944=CARTESIAN_POINT('',(-50.3,25.0680194846605,-0.05));
#2945=CARTESIAN_POINT('',(-50.3,30.55,-0.1));
#2946=CARTESIAN_POINT('',(-50.3,-0.620495128834875,-0.1));
#2947=CARTESIAN_POINT('',(-50.3,30.55,1.6));
#2948=CARTESIAN_POINT('',(-50.3,30.55,0.));
#2949=CARTESIAN_POINT('',(-50.3,24.1688786280029,1.6));
#2950=CARTESIAN_POINT('',(-50.3,-15.2738535765109,1.6));
#2951=CARTESIAN_POINT('',(-50.3,9.37281129562211,1.6));
#2952=CARTESIAN_POINT('',(-50.3,-30.55,1.6));
#2953=CARTESIAN_POINT('',(-50.3,6.94419521434425,1.6));
#2954=CARTESIAN_POINT('',(-50.3,-15.2738535765109,1.6));
#2955=CARTESIAN_POINT('',(-50.3,0.427590458483019,1.6));
#2956=CARTESIAN_POINT('',(-50.3,-30.55,1.6));
#2957=CARTESIAN_POINT('',(-50.3,-30.55,1.6));
#2958=CARTESIAN_POINT('',(-50.3,-15.2738535765109,1.6));
#2959=CARTESIAN_POINT('',(-50.3,-30.55,-0.1));
#2960=CARTESIAN_POINT('',(-50.3,-30.55,0.));
#2961=CARTESIAN_POINT('',(-50.3,-25.0680194846605,-0.1));
#2962=CARTESIAN_POINT('',(-50.3,-29.9295048711651,-0.1));
#2963=CARTESIAN_POINT('',(-50.3,-25.0680194846605,-3.1));
#2964=CARTESIAN_POINT('',(-50.3,-25.0680194846605,-0.05));
#2965=CARTESIAN_POINT('',(-50.3,-30.55,-3.1));
#2966=CARTESIAN_POINT('',(-50.3,-29.9295048711651,-3.1));
#2967=CARTESIAN_POINT('',(-50.3,-30.55,0.));
#2968=CARTESIAN_POINT('Origin',(-50.3,-30.55,0.));
#2969=CARTESIAN_POINT('',(-50.3,-30.55,-20.));
#2970=CARTESIAN_POINT('Origin',(50.3,30.55,-15.1));
#2971=CARTESIAN_POINT('',(50.3,30.55,-20.));
#2972=CARTESIAN_POINT('Origin',(0.,0.,-20.));
#2973=CARTESIAN_POINT('',(-52.1,30.55,-20.));
#2974=CARTESIAN_POINT('',(-47.3,35.35,-20.));
#2975=CARTESIAN_POINT('Origin',(-47.3,30.55,-20.));
#2976=CARTESIAN_POINT('',(47.3,35.35,-20.));
#2977=CARTESIAN_POINT('',(-47.3,35.35,-20.));
#2978=CARTESIAN_POINT('',(52.1,30.55,-20.));
#2979=CARTESIAN_POINT('Origin',(47.3,30.55,-20.));
#2980=CARTESIAN_POINT('',(52.1,-30.55,-20.));
#2981=CARTESIAN_POINT('',(52.1,30.55,-20.));
#2982=CARTESIAN_POINT('',(47.3,-35.35,-20.));
#2983=CARTESIAN_POINT('Origin',(47.3,-30.55,-20.));
#2984=CARTESIAN_POINT('',(-47.3,-35.35,-20.));
#2985=CARTESIAN_POINT('',(47.3,-35.35,-20.));
#2986=CARTESIAN_POINT('',(-52.1,-30.55,-20.));
#2987=CARTESIAN_POINT('Origin',(-47.3,-30.55,-20.));
#2988=CARTESIAN_POINT('',(-52.1,-30.55,-20.));
#2989=CARTESIAN_POINT('Origin',(45.,-28.25,-1.85));
#2990=CARTESIAN_POINT('',(44.8180194846605,-25.0680194846605,-2.5786334785932));
#2991=CARTESIAN_POINT('',(46.4577379737113,-25.0680194846605,-3.1));
#2992=CARTESIAN_POINT('Ctrl Pts',(44.8180194846605,-25.0680194846605,-2.5786334785932));
#2993=CARTESIAN_POINT('Ctrl Pts',(45.5995264948996,-25.0680194846606,-2.50426311326733));
#2994=CARTESIAN_POINT('Ctrl Pts',(46.4577379737113,-25.0680194846606,-3.1));
#2995=CARTESIAN_POINT('',(41.8180194846605,-29.7077379737114,-3.1));
#2996=CARTESIAN_POINT('Origin',(45.,-28.25,-3.1));
#2997=CARTESIAN_POINT('',(41.8180194846605,-28.25,-2.56996752556575));
#2998=CARTESIAN_POINT('Ctrl Pts',(41.8180194846605,-29.7077379737114,-3.1));
#2999=CARTESIAN_POINT('Ctrl Pts',(41.8180194846605,-28.9441794903729,-2.56996752556577));
#3000=CARTESIAN_POINT('Ctrl Pts',(41.8180194846605,-28.25,-2.56996752556576));
#3001=CARTESIAN_POINT('',(43.,-28.25,-0.600000000000001));
#3002=CARTESIAN_POINT('',(42.25,-28.25,-1.85));
#3003=CARTESIAN_POINT('Origin',(45.,-28.25,-0.600000000000001));
#3004=CARTESIAN_POINT('',(41.8180194846605,-28.0680194846605,-2.57863347859318));
#3005=CARTESIAN_POINT('Ctrl Pts',(41.8180194846605,-28.25,-2.56996752556576));
#3006=CARTESIAN_POINT('Ctrl Pts',(41.8180194846605,-28.1590840237637,-2.56996752556575));
#3007=CARTESIAN_POINT('Ctrl Pts',(41.8180194846605,-28.0680194846605,-2.57863347859318));
#3008=CARTESIAN_POINT('Ctrl Pts',(41.8180194846605,-28.0680194846605,-2.57863347859318));
#3009=CARTESIAN_POINT('Ctrl Pts',(41.8180194846605,-27.7161188374526,-2.61212131600012));
#3010=CARTESIAN_POINT('Ctrl Pts',(41.8825595984236,-27.3487385412093,-2.64061630670104));
#3011=CARTESIAN_POINT('Ctrl Pts',(42.1645720924502,-26.6036848920083,-2.68401115549063));
#3012=CARTESIAN_POINT('Ctrl Pts',(42.4080686832637,-26.2353295989381,-2.69559885480119));
#3013=CARTESIAN_POINT('Ctrl Pts',(42.9853295989381,-25.6580686832637,-2.69559885480119));
#3014=CARTESIAN_POINT('Ctrl Pts',(43.3536848920083,-25.4145720924503,-2.68401115549066));
#3015=CARTESIAN_POINT('Ctrl Pts',(44.0987385412092,-25.1325595984237,-2.64061630670106));
#3016=CARTESIAN_POINT('Ctrl Pts',(44.4661188374526,-25.0680194846605,-2.61212131600015));
#3017=CARTESIAN_POINT('Ctrl Pts',(44.8180194846605,-25.0680194846605,-2.57863347859321));
#3018=CARTESIAN_POINT('Origin',(46.0590097423303,-29.3090097423303,-3.1));
#3019=CARTESIAN_POINT('',(44.8180194846605,-25.0680194846605,-3.1));
#3020=CARTESIAN_POINT('Origin',(47.3,-30.55,-3.1));
#3021=CARTESIAN_POINT('',(41.8180194846605,-33.55,-3.1));
#3022=CARTESIAN_POINT('Origin',(44.8180194846605,-25.0680194846605,-0.1));
#3023=CARTESIAN_POINT('',(44.8180194846605,-25.0680194846605,-0.1));
#3024=CARTESIAN_POINT('',(44.8180194846605,-25.0680194846605,-0.1));
#3025=CARTESIAN_POINT('',(44.8180194846605,-25.0680194846605,-0.1));
#3026=CARTESIAN_POINT('Origin',(45.,-28.25,-0.1));
#3027=CARTESIAN_POINT('',(43.,-28.25,-0.1));
#3028=CARTESIAN_POINT('',(43.,-28.25,-0.1));
#3029=CARTESIAN_POINT('Origin',(45.,-28.25,-0.1));
#3030=CARTESIAN_POINT('Origin',(-45.,-28.25,-1.85));
#3031=CARTESIAN_POINT('',(-41.8180194846606,-28.0680194846605,-2.57863347859318));
#3032=CARTESIAN_POINT('',(-41.8180194846606,-29.7077379737113,-3.1));
#3033=CARTESIAN_POINT('Ctrl Pts',(-41.8180194846606,-28.0680194846605,-2.57863347859318));
#3034=CARTESIAN_POINT('Ctrl Pts',(-41.8180194846606,-28.8495264948997,-2.5042631132673));
#3035=CARTESIAN_POINT('Ctrl Pts',(-41.8180194846606,-29.7077379737114,-3.1));
#3036=CARTESIAN_POINT('',(-48.5,-28.25,-3.1));
#3037=CARTESIAN_POINT('Origin',(-45.,-28.25,-3.1));
#3038=CARTESIAN_POINT('',(-47.,-28.25,-0.600000000000001));
#3039=CARTESIAN_POINT('',(-47.75,-28.25,-1.85));
#3040=CARTESIAN_POINT('Origin',(-45.,-28.25,-0.600000000000001));
#3041=CARTESIAN_POINT('',(-46.4577379737113,-25.0680194846605,-3.1));
#3042=CARTESIAN_POINT('Origin',(-45.,-28.25,-3.1));
#3043=CARTESIAN_POINT('',(-44.8180194846606,-25.0680194846605,-2.57863347859321));
#3044=CARTESIAN_POINT('Ctrl Pts',(-46.4577379737113,-25.0680194846605,-3.1));
#3045=CARTESIAN_POINT('Ctrl Pts',(-45.5995264948997,-25.0680194846605,-2.50426311326734));
#3046=CARTESIAN_POINT('Ctrl Pts',(-44.8180194846606,-25.0680194846605,-2.57863347859321));
#3047=CARTESIAN_POINT('Ctrl Pts',(-44.8180194846606,-25.0680194846605,-2.5786334785932));
#3048=CARTESIAN_POINT('Ctrl Pts',(-44.4661188374526,-25.0680194846605,-2.61212131600014));
#3049=CARTESIAN_POINT('Ctrl Pts',(-44.0987385412092,-25.1325595984236,-2.64061630670106));
#3050=CARTESIAN_POINT('Ctrl Pts',(-43.3536848920083,-25.4145720924502,-2.68401115549066));
#3051=CARTESIAN_POINT('Ctrl Pts',(-42.9853295989381,-25.6580686832637,-2.69559885480119));
#3052=CARTESIAN_POINT('Ctrl Pts',(-42.4080686832637,-26.2353295989381,-2.69559885480119));
#3053=CARTESIAN_POINT('Ctrl Pts',(-42.1645720924503,-26.6036848920083,-2.68401115549063));
#3054=CARTESIAN_POINT('Ctrl Pts',(-41.8825595984237,-27.3487385412092,-2.64061630670104));
#3055=CARTESIAN_POINT('Ctrl Pts',(-41.8180194846606,-27.7161188374526,-2.61212131600013));
#3056=CARTESIAN_POINT('Ctrl Pts',(-41.8180194846606,-28.0680194846605,-2.57863347859319));
#3057=CARTESIAN_POINT('Origin',(-46.0590097423303,-29.3090097423303,-3.1));
#3058=CARTESIAN_POINT('',(-41.8180194846606,-28.0680194846605,-3.1));
#3059=CARTESIAN_POINT('Origin',(-47.3,-30.55,-3.1));
#3060=CARTESIAN_POINT('',(-50.3,-25.0680194846605,-3.1));
#3061=CARTESIAN_POINT('Origin',(-41.8180194846606,-28.0680194846605,-0.1));
#3062=CARTESIAN_POINT('',(-41.8180194846606,-28.0680194846605,-0.1));
#3063=CARTESIAN_POINT('',(-41.8180194846606,-28.0680194846605,-0.1));
#3064=CARTESIAN_POINT('',(-41.8180194846606,-28.0680194846605,-0.1));
#3065=CARTESIAN_POINT('Origin',(-45.,-28.25,-0.1));
#3066=CARTESIAN_POINT('',(-47.,-28.25,-0.1));
#3067=CARTESIAN_POINT('',(-47.,-28.25,-0.1));
#3068=CARTESIAN_POINT('Origin',(-45.,-28.25,-0.1));
#3069=CARTESIAN_POINT('Origin',(-45.,28.25,-1.85));
#3070=CARTESIAN_POINT('',(-44.8180194846605,25.0680194846605,-2.57863347859321));
#3071=CARTESIAN_POINT('',(-46.4577379737113,25.0680194846605,-3.1));
#3072=CARTESIAN_POINT('Ctrl Pts',(-44.8180194846605,25.0680194846605,-2.57863347859321));
#3073=CARTESIAN_POINT('Ctrl Pts',(-45.5995264948997,25.0680194846605,-2.50426311326734));
#3074=CARTESIAN_POINT('Ctrl Pts',(-46.4577379737113,25.0680194846605,-3.1));
#3075=CARTESIAN_POINT('',(-48.5,28.25,-3.1));
#3076=CARTESIAN_POINT('Origin',(-45.,28.25,-3.1));
#3077=CARTESIAN_POINT('',(-47.,28.25,-0.600000000000001));
#3078=CARTESIAN_POINT('',(-47.75,28.25,-1.85));
#3079=CARTESIAN_POINT('Origin',(-45.,28.25,-0.600000000000001));
#3080=CARTESIAN_POINT('',(-41.8180194846606,29.7077379737114,-3.1));
#3081=CARTESIAN_POINT('Origin',(-45.,28.25,-3.1));
#3082=CARTESIAN_POINT('',(-41.8180194846605,28.0680194846605,-2.57863347859318));
#3083=CARTESIAN_POINT('Ctrl Pts',(-41.8180194846605,29.7077379737114,-3.1));
#3084=CARTESIAN_POINT('Ctrl Pts',(-41.8180194846605,28.8495264948997,-2.5042631132673));
#3085=CARTESIAN_POINT('Ctrl Pts',(-41.8180194846605,28.0680194846605,-2.57863347859318));
#3086=CARTESIAN_POINT('Ctrl Pts',(-41.8180194846605,28.0680194846605,-2.57863347859318));
#3087=CARTESIAN_POINT('Ctrl Pts',(-41.8180194846605,27.7161188374526,-2.61212131600012));
#3088=CARTESIAN_POINT('Ctrl Pts',(-41.8825595984237,27.3487385412092,-2.64061630670104));
#3089=CARTESIAN_POINT('Ctrl Pts',(-42.1645720924503,26.6036848920083,-2.68401115549063));
#3090=CARTESIAN_POINT('Ctrl Pts',(-42.4080686832637,26.2353295989381,-2.69559885480119));
#3091=CARTESIAN_POINT('Ctrl Pts',(-42.9853295989381,25.6580686832637,-2.69559885480119));
#3092=CARTESIAN_POINT('Ctrl Pts',(-43.3536848920083,25.4145720924503,-2.68401115549066));
#3093=CARTESIAN_POINT('Ctrl Pts',(-44.0987385412092,25.1325595984237,-2.64061630670107));
#3094=CARTESIAN_POINT('Ctrl Pts',(-44.4661188374526,25.0680194846605,-2.61212131600014));
#3095=CARTESIAN_POINT('Ctrl Pts',(-44.8180194846605,25.0680194846605,-2.5786334785932));
#3096=CARTESIAN_POINT('Origin',(-46.0590097423303,29.3090097423303,-3.1));
#3097=CARTESIAN_POINT('',(-44.8180194846605,25.0680194846605,-3.1));
#3098=CARTESIAN_POINT('',(-47.3,33.55,-3.1));
#3099=CARTESIAN_POINT('Origin',(-47.3,30.55,-3.1));
#3100=CARTESIAN_POINT('',(-41.8180194846606,33.55,-3.1));
#3101=CARTESIAN_POINT('',(-46.6795048711651,33.55,-3.1));
#3102=CARTESIAN_POINT('',(-41.8180194846606,33.55,-3.1));
#3103=CARTESIAN_POINT('Origin',(-44.8180194846605,25.0680194846605,-0.1));
#3104=CARTESIAN_POINT('',(-44.8180194846605,25.0680194846605,-0.1));
#3105=CARTESIAN_POINT('',(-44.8180194846605,25.0680194846605,-0.1));
#3106=CARTESIAN_POINT('',(-44.8180194846605,25.0680194846605,-0.1));
#3107=CARTESIAN_POINT('Origin',(-45.,28.25,-0.1));
#3108=CARTESIAN_POINT('',(-47.,28.25,-0.1));
#3109=CARTESIAN_POINT('',(-47.,28.25,-0.1));
#3110=CARTESIAN_POINT('Origin',(-45.,28.25,-0.1));
#3111=CARTESIAN_POINT('Origin',(45.,28.25,-1.85));
#3112=CARTESIAN_POINT('',(41.8180194846605,28.0680194846605,-2.57863347859318));
#3113=CARTESIAN_POINT('',(41.8180194846605,28.25,-2.56996752556575));
#3114=CARTESIAN_POINT('Ctrl Pts',(41.8180194846605,28.0680194846605,-2.57863347859318));
#3115=CARTESIAN_POINT('Ctrl Pts',(41.8180194846605,28.1590840237637,-2.56996752556575));
#3116=CARTESIAN_POINT('Ctrl Pts',(41.8180194846605,28.25,-2.56996752556575));
#3117=CARTESIAN_POINT('',(43.,28.25,-0.600000000000001));
#3118=CARTESIAN_POINT('',(42.25,28.25,-1.85));
#3119=CARTESIAN_POINT('Origin',(45.,28.25,-0.600000000000001));
#3120=CARTESIAN_POINT('',(41.8180194846606,29.7077379737114,-3.1));
#3121=CARTESIAN_POINT('Ctrl Pts',(41.8180194846605,28.25,-2.56996752556575));
#3122=CARTESIAN_POINT('Ctrl Pts',(41.8180194846605,28.9441794903729,-2.56996752556577));
#3123=CARTESIAN_POINT('Ctrl Pts',(41.8180194846605,29.7077379737114,-3.1));
#3124=CARTESIAN_POINT('',(46.4577379737113,25.0680194846605,-3.1));
#3125=CARTESIAN_POINT('Origin',(45.,28.25,-3.1));
#3126=CARTESIAN_POINT('',(44.8180194846605,25.0680194846605,-2.57863347859321));
#3127=CARTESIAN_POINT('Ctrl Pts',(46.4577379737113,25.0680194846605,-3.1));
#3128=CARTESIAN_POINT('Ctrl Pts',(45.5995264948997,25.0680194846605,-2.50426311326734));
#3129=CARTESIAN_POINT('Ctrl Pts',(44.8180194846605,25.0680194846605,-2.57863347859321));
#3130=CARTESIAN_POINT('Ctrl Pts',(44.8180194846605,25.0680194846605,-2.5786334785932));
#3131=CARTESIAN_POINT('Ctrl Pts',(44.4661188374526,25.0680194846605,-2.61212131600014));
#3132=CARTESIAN_POINT('Ctrl Pts',(44.0987385412092,25.1325595984237,-2.64061630670106));
#3133=CARTESIAN_POINT('Ctrl Pts',(43.3536848920083,25.4145720924503,-2.68401115549066));
#3134=CARTESIAN_POINT('Ctrl Pts',(42.9853295989381,25.6580686832637,-2.69559885480119));
#3135=CARTESIAN_POINT('Ctrl Pts',(42.4080686832637,26.2353295989381,-2.69559885480119));
#3136=CARTESIAN_POINT('Ctrl Pts',(42.1645720924503,26.6036848920083,-2.68401115549063));
#3137=CARTESIAN_POINT('Ctrl Pts',(41.8825595984237,27.3487385412092,-2.64061630670104));
#3138=CARTESIAN_POINT('Ctrl Pts',(41.8180194846605,27.7161188374526,-2.61212131600012));
#3139=CARTESIAN_POINT('Ctrl Pts',(41.8180194846605,28.0680194846605,-2.57863347859318));
#3140=CARTESIAN_POINT('Origin',(46.0590097423303,29.3090097423303,-3.1));
#3141=CARTESIAN_POINT('',(41.8180194846606,33.55,-3.1));
#3142=CARTESIAN_POINT('',(41.8180194846605,28.0680194846605,-3.1));
#3143=CARTESIAN_POINT('',(47.3,33.55,-3.1));
#3144=CARTESIAN_POINT('',(-0.620495128834864,33.55,-3.1));
#3145=CARTESIAN_POINT('Origin',(47.3,30.55,-3.1));
#3146=CARTESIAN_POINT('',(50.3,25.0680194846605,-3.1));
#3147=CARTESIAN_POINT('Origin',(41.8180194846605,28.0680194846605,-0.1));
#3148=CARTESIAN_POINT('',(41.8180194846605,28.0680194846605,-0.1));
#3149=CARTESIAN_POINT('',(41.8180194846605,28.0680194846605,-0.1));
#3150=CARTESIAN_POINT('',(41.8180194846606,33.55,-0.1));
#3151=CARTESIAN_POINT('',(41.8180194846605,28.0680194846605,-0.1));
#3152=CARTESIAN_POINT('',(41.8180194846606,33.55,-0.05));
#3153=CARTESIAN_POINT('Origin',(45.,28.25,-0.1));
#3154=CARTESIAN_POINT('',(43.,28.25,-0.1));
#3155=CARTESIAN_POINT('',(43.,28.25,-0.1));
#3156=CARTESIAN_POINT('Origin',(45.,28.25,-0.1));
#3157=CARTESIAN_POINT('Origin',(-44.8180194846606,-28.0680194846605,-0.1));
#3158=CARTESIAN_POINT('',(-44.8180194846606,-25.0680194846605,-0.1));
#3159=CARTESIAN_POINT('',(-44.8180194846606,-25.0680194846605,-0.1));
#3160=CARTESIAN_POINT('Origin',(-44.8180194846606,-28.0680194846605,-0.1));
#3161=CARTESIAN_POINT('Origin',(-50.3,-25.0680194846605,-0.1));
#3162=CARTESIAN_POINT('',(-50.3,-25.0680194846605,-0.1));
#3163=CARTESIAN_POINT('Origin',(-46.0590097423303,-29.3090097423303,-0.1));
#3164=CARTESIAN_POINT('Origin',(-47.3,-30.55,-0.1));
#3165=CARTESIAN_POINT('Origin',(-47.3,-30.55,0.));
#3166=CARTESIAN_POINT('Origin',(-47.3,-30.55,1.6));
#3167=CARTESIAN_POINT('Origin',(-44.8180194846605,28.0680194846605,-0.1));
#3168=CARTESIAN_POINT('',(-41.8180194846605,28.0680194846605,-0.1));
#3169=CARTESIAN_POINT('',(-41.8180194846605,28.0680194846605,-0.1));
#3170=CARTESIAN_POINT('Origin',(-44.8180194846605,28.0680194846605,-0.1));
#3171=CARTESIAN_POINT('Origin',(-41.8180194846606,33.55,-0.1));
#3172=CARTESIAN_POINT('',(-41.8180194846606,33.55,-0.1));
#3173=CARTESIAN_POINT('',(-41.8180194846606,33.55,-0.05));
#3174=CARTESIAN_POINT('',(-41.8180194846606,33.55,-0.1));
#3175=CARTESIAN_POINT('Origin',(-46.0590097423303,29.3090097423303,-0.1));
#3176=CARTESIAN_POINT('',(-47.3,33.55,-0.1));
#3177=CARTESIAN_POINT('',(-46.6795048711651,33.55,-0.1));
#3178=CARTESIAN_POINT('Origin',(-47.3,30.55,-0.1));
#3179=CARTESIAN_POINT('Origin',(-47.3,30.55,0.));
#3180=CARTESIAN_POINT('',(-47.3,33.55,1.6));
#3181=CARTESIAN_POINT('',(-47.3,33.55,0.));
#3182=CARTESIAN_POINT('Origin',(-47.3,30.55,1.6));
#3183=CARTESIAN_POINT('Origin',(44.8180194846605,-28.0680194846605,-0.1));
#3184=CARTESIAN_POINT('',(41.8180194846605,-28.0680194846605,-0.1));
#3185=CARTESIAN_POINT('',(41.8180194846605,-28.0680194846605,-0.1));
#3186=CARTESIAN_POINT('Origin',(44.8180194846605,-28.0680194846605,-0.1));
#3187=CARTESIAN_POINT('Origin',(41.8180194846605,-33.55,-0.1));
#3188=CARTESIAN_POINT('',(41.8180194846605,-33.55,-0.1));
#3189=CARTESIAN_POINT('Origin',(46.0590097423303,-29.3090097423303,-0.1));
#3190=CARTESIAN_POINT('Origin',(47.3,-30.55,-0.1));
#3191=CARTESIAN_POINT('Origin',(47.3,-30.55,0.));
#3192=CARTESIAN_POINT('Origin',(47.3,-30.55,1.6));
#3193=CARTESIAN_POINT('Origin',(44.8180194846605,28.0680194846605,-0.1));
#3194=CARTESIAN_POINT('',(44.8180194846605,25.0680194846605,-0.1));
#3195=CARTESIAN_POINT('',(44.8180194846605,25.0680194846605,-0.1));
#3196=CARTESIAN_POINT('Origin',(44.8180194846605,28.0680194846605,-0.1));
#3197=CARTESIAN_POINT('Origin',(50.3,25.0680194846605,-0.1));
#3198=CARTESIAN_POINT('',(50.3,25.0680194846605,-0.1));
#3199=CARTESIAN_POINT('Origin',(46.0590097423303,29.3090097423303,-0.1));
#3200=CARTESIAN_POINT('',(47.3,33.55,-0.1));
#3201=CARTESIAN_POINT('Origin',(47.3,30.55,-0.1));
#3202=CARTESIAN_POINT('',(-0.620495128834864,33.55,-0.1));
#3203=CARTESIAN_POINT('Origin',(-47.3,33.55,0.));
#3204=CARTESIAN_POINT('',(47.3,33.55,0.));
#3205=CARTESIAN_POINT('',(47.3,33.55,1.6));
#3206=CARTESIAN_POINT('',(47.3,33.55,0.));
#3207=CARTESIAN_POINT('',(40.8365628064666,33.55,1.6));
#3208=CARTESIAN_POINT('',(-23.6508284429198,33.55,1.6));
#3209=CARTESIAN_POINT('',(40.8365628064666,33.55,0.8));
#3210=CARTESIAN_POINT('',(40.8365628064666,33.55,0.8));
#3211=CARTESIAN_POINT('',(34.9108703510323,33.55,0.8));
#3212=CARTESIAN_POINT('',(-4.71314171062526,33.55,0.8));
#3213=CARTESIAN_POINT('',(34.9108703510323,33.55,1.6));
#3214=CARTESIAN_POINT('',(34.9108703510323,33.55,0.));
#3215=CARTESIAN_POINT('',(-23.6508284429198,33.55,1.6));
#3216=CARTESIAN_POINT('',(-47.3,33.55,0.));
#3217=CARTESIAN_POINT('Origin',(47.3,30.55,0.));
#3218=CARTESIAN_POINT('Origin',(47.3,30.55,1.6));
#3219=CARTESIAN_POINT('Origin',(-47.3,30.55,0.));
#3220=CARTESIAN_POINT('Origin',(47.3,30.55,0.));
#3221=CARTESIAN_POINT('Origin',(47.3,-30.55,0.));
#3222=CARTESIAN_POINT('Origin',(-47.3,-30.55,0.));
#3223=CARTESIAN_POINT('Origin',(51.2,12.134555451458,1.6));
#3224=CARTESIAN_POINT('',(51.5,25.1437437727888,1.6));
#3225=CARTESIAN_POINT('',(51.5,-0.874632869872752,1.6));
#3226=CARTESIAN_POINT('',(51.5,-9.20772227427099,1.6));
#3227=CARTESIAN_POINT('',(52.1,25.7437437727888,1.6));
#3228=CARTESIAN_POINT('Origin',(51.5,25.7437437727888,1.6));
#3229=CARTESIAN_POINT('',(52.1,30.55,1.6));
#3230=CARTESIAN_POINT('',(52.1,-15.2738535765109,1.6));
#3231=CARTESIAN_POINT('',(47.3,35.35,1.6));
#3232=CARTESIAN_POINT('Origin',(47.3,30.55,1.6));
#3233=CARTESIAN_POINT('',(43.5861082234401,35.35,1.6));
#3234=CARTESIAN_POINT('',(23.6491715570802,35.35,1.6));
#3235=CARTESIAN_POINT('Origin',(43.5861082234401,32.35,1.6));
#3236=CARTESIAN_POINT('',(-52.1,-1.56238441573022,1.6));
#3237=CARTESIAN_POINT('Origin',(-50.1,-1.56238441573022,1.6));
#3238=CARTESIAN_POINT('',(-52.1,-30.55,1.6));
#3239=CARTESIAN_POINT('',(-52.1,15.2761464234891,1.6));
#3240=CARTESIAN_POINT('',(-47.3,-35.35,1.6));
#3241=CARTESIAN_POINT('Origin',(-47.3,-30.55,1.6));
#3242=CARTESIAN_POINT('',(47.3,-35.35,1.6));
#3243=CARTESIAN_POINT('',(-23.6508284429198,-35.35,1.6));
#3244=CARTESIAN_POINT('',(52.1,-30.55,1.6));
#3245=CARTESIAN_POINT('Origin',(47.3,-30.55,1.6));
#3246=CARTESIAN_POINT('',(52.1,-1.47463286987275,1.6));
#3247=CARTESIAN_POINT('',(52.1,-15.2738535765109,1.6));
#3248=CARTESIAN_POINT('Origin',(51.5,-1.47463286987275,1.6));
#3249=CARTESIAN_POINT('Origin',(-50.3,6.94419521434425,0.));
#3250=CARTESIAN_POINT('',(-25.1508284429198,6.94419521434417,1.6));
#3251=CARTESIAN_POINT('Origin',(-50.1390960263156,6.94419521434425,-0.393516970394928));
#3252=CARTESIAN_POINT('Origin',(43.5861082234401,32.35,0.8));
#3253=CARTESIAN_POINT('',(43.5861082234401,35.35,0.));
#3254=CARTESIAN_POINT('',(43.5861082234401,35.35,0.8));
#3255=CARTESIAN_POINT('Ctrl Pts',(43.5861082234401,35.35,2.55416347794135E-14));
#3256=CARTESIAN_POINT('Ctrl Pts',(43.2342899461699,35.35,2.6400947633614E-14));
#3257=CARTESIAN_POINT('Ctrl Pts',(42.8686698435699,35.2850220019089,0.0648475450143755));
#3258=CARTESIAN_POINT('Ctrl Pts',(42.1959199324663,35.0326207258199,0.264245353081081));
#3259=CARTESIAN_POINT('Ctrl Pts',(41.8871059378084,34.845111033223,0.392957644708152));
#3260=CARTESIAN_POINT('Ctrl Pts',(41.3696546774429,34.4012442264594,0.612065040889254));
#3261=CARTESIAN_POINT('Ctrl Pts',(41.1041770537455,34.0734588625811,0.726761059479022));
#3262=CARTESIAN_POINT('Ctrl Pts',(40.900474342743,33.6889803480811,0.785807090722259));
#3263=CARTESIAN_POINT('Ctrl Pts',(40.8673805587932,33.6206123413925,0.794074051136735));
#3264=CARTESIAN_POINT('Ctrl Pts',(40.8365628064666,33.55,0.799999999999984));
#3265=CARTESIAN_POINT('Origin',(-4.71314171062526,33.2991150872158,-2.18949105376438));
#3266=CARTESIAN_POINT('',(32.1613249340588,35.35,0.));
#3267=CARTESIAN_POINT('',(-47.3,35.35,0.));
#3268=CARTESIAN_POINT('Ctrl Pts',(34.9108703510323,33.55,0.799999999999986));
#3269=CARTESIAN_POINT('Ctrl Pts',(34.8800525987057,33.6206123413925,0.794074051136737));
#3270=CARTESIAN_POINT('Ctrl Pts',(34.8469588147559,33.6889803480811,0.78580709072226));
#3271=CARTESIAN_POINT('Ctrl Pts',(34.6432561037534,34.0734588625811,0.726761059479021));
#3272=CARTESIAN_POINT('Ctrl Pts',(34.377778480056,34.4012442264594,0.612065040889249));
#3273=CARTESIAN_POINT('Ctrl Pts',(33.8603272196905,34.845111033223,0.392957644708146));
#3274=CARTESIAN_POINT('Ctrl Pts',(33.5515132250326,35.0326207258199,0.264245353081069));
#3275=CARTESIAN_POINT('Ctrl Pts',(32.878763313929,35.2850220019089,0.0648475450143647));
#3276=CARTESIAN_POINT('Ctrl Pts',(32.513143211329,35.35,1.79611832672707E-14));
#3277=CARTESIAN_POINT('Ctrl Pts',(32.1613249340588,35.35,1.83078378845902E-14));
#3278=CARTESIAN_POINT('Origin',(51.5,-9.20772227427099,1.));
#3279=CARTESIAN_POINT('',(52.1,-1.47463286987275,1.));
#3280=CARTESIAN_POINT('',(52.1,25.7437437727888,1.));
#3281=CARTESIAN_POINT('',(52.1,-9.20772227427099,1.));
#3282=CARTESIAN_POINT('Origin',(51.5,25.7437437727888,1.));
#3283=CARTESIAN_POINT('Origin',(51.5,-1.47463286987275,1.));
#3284=CARTESIAN_POINT('Origin',(51.5,-1.47463286987275,0.));
#3285=CARTESIAN_POINT('',(52.1,-1.47463286987275,0.));
#3286=CARTESIAN_POINT('Origin',(-50.1,26.1588535022161,0.));
#3287=CARTESIAN_POINT('',(-52.1,26.1588535022161,1.6));
#3288=CARTESIAN_POINT('Origin',(-50.1,26.1588535022161,1.6));
#3289=CARTESIAN_POINT('',(-52.1,26.1588535022161,0.));
#3290=CARTESIAN_POINT('',(-52.1,26.1588535022161,0.));
#3291=CARTESIAN_POINT('Ctrl Pts',(-50.3,24.1688786280029,1.6));
#3292=CARTESIAN_POINT('Ctrl Pts',(-50.5612164204661,24.1951318660564,1.57891627677678));
#3293=CARTESIAN_POINT('Ctrl Pts',(-50.8190174568673,24.2755295938658,1.50389041604325));
#3294=CARTESIAN_POINT('Ctrl Pts',(-51.2656254950537,24.5139878635124,1.27793199675822));
#3295=CARTESIAN_POINT('Ctrl Pts',(-51.454725837157,24.6718267778097,1.12726464729518));
#3296=CARTESIAN_POINT('Ctrl Pts',(-51.76271764339,25.0198292366298,0.798972786944619));
#3297=CARTESIAN_POINT('Ctrl Pts',(-51.8903220613575,25.2370869734642,0.594231789735351));
#3298=CARTESIAN_POINT('Ctrl Pts',(-52.0137021649959,25.5660349241826,0.311063743080293));
#3299=CARTESIAN_POINT('Ctrl Pts',(-52.0437601369563,25.6743694034111,0.221633734143683));
#3300=CARTESIAN_POINT('Ctrl Pts',(-52.0755361605587,25.8418661016628,0.108225442199944));
#3301=CARTESIAN_POINT('Ctrl Pts',(-52.0838528733999,25.8980890030286,0.0741152329543489));
#3302=CARTESIAN_POINT('Ctrl Pts',(-52.0959985405766,26.0186407917136,0.0203576204031218));
#3303=CARTESIAN_POINT('Ctrl Pts',(-52.1,26.0826342511229,-1.47798440153224E-14));
#3304=CARTESIAN_POINT('Ctrl Pts',(-52.1,26.1588535022161,-1.47798440153224E-14));
#3305=CARTESIAN_POINT('Origin',(-50.1390960263156,-30.55,-0.393516970394928));
#3306=CARTESIAN_POINT('',(-52.1,-1.56238441573022,0.));
#3307=CARTESIAN_POINT('Ctrl Pts',(-50.3000000000001,0.427590458483005,1.59999999999999));
#3308=CARTESIAN_POINT('Ctrl Pts',(-50.4312046526871,0.414403894734164,1.58940999735805));
#3309=CARTESIAN_POINT('Ctrl Pts',(-50.5615939384095,0.387949893843604,1.56560695168828));
#3310=CARTESIAN_POINT('Ctrl Pts',(-50.9239397482276,0.276952192343588,1.46263875841935));
#3311=CARTESIAN_POINT('Ctrl Pts',(-51.139333739977,0.159709156621438,1.35111010478303));
#3312=CARTESIAN_POINT('Ctrl Pts',(-51.5830843435204,-0.177375549430914,
1.03074335277682));
#3313=CARTESIAN_POINT('Ctrl Pts',(-51.7810342621842,-0.43935163507695,0.780014418394638));
#3314=CARTESIAN_POINT('Ctrl Pts',(-51.970562652738,-0.839359484920184,0.421353743862285));
#3315=CARTESIAN_POINT('Ctrl Pts',(-52.0157605234004,-0.971516771883774,
0.305946372134878));
#3316=CARTESIAN_POINT('Ctrl Pts',(-52.0631642767252,-1.17407937859201,0.154895781707726));
#3317=CARTESIAN_POINT('Ctrl Pts',(-52.0754295134957,-1.2413810957541,0.108625471313461));
#3318=CARTESIAN_POINT('Ctrl Pts',(-52.0936155123881,-1.38671723833122,0.032383228076648));
#3319=CARTESIAN_POINT('Ctrl Pts',(-52.1,-1.46341524656338,-1.4916724969357E-14));
#3320=CARTESIAN_POINT('Ctrl Pts',(-52.1,-1.56238441573022,-1.47798440153224E-14));
#3321=CARTESIAN_POINT('Ctrl Pts',(-51.7512592630064,8.51126136190575,0.79009179024456));
#3322=CARTESIAN_POINT('Ctrl Pts',(-51.7044873363605,8.57970417484882,0.853798635914584));
#3323=CARTESIAN_POINT('Ctrl Pts',(-51.6530623017255,8.64576115366259,0.915855624032786));
#3324=CARTESIAN_POINT('Ctrl Pts',(-51.454725837157,8.86986314581527,1.12726464729518));
#3325=CARTESIAN_POINT('Ctrl Pts',(-51.2656254950537,9.02770206011265,1.27793199675821));
#3326=CARTESIAN_POINT('Ctrl Pts',(-50.8190174568673,9.26616032975927,1.50389041604325));
#3327=CARTESIAN_POINT('Ctrl Pts',(-50.561216420466,9.34655805756861,1.57891627677679));
#3328=CARTESIAN_POINT('Ctrl Pts',(-50.2999999999999,9.37281129562211,1.60000000000001));
#3329=CARTESIAN_POINT('',(-52.1,-30.55,0.));
#3330=CARTESIAN_POINT('Origin',(32.1613249340588,32.35,0.));
#3331=CARTESIAN_POINT('',(32.1613249340588,35.35,1.6));
#3332=CARTESIAN_POINT('Origin',(32.1613249340588,32.35,1.6));
#3333=CARTESIAN_POINT('',(32.1613249340588,35.35,0.));
#3334=CARTESIAN_POINT('Origin',(47.3,35.35,0.));
#3335=CARTESIAN_POINT('',(47.3,35.35,0.));
#3336=CARTESIAN_POINT('',(-47.3,35.35,1.6));
#3337=CARTESIAN_POINT('',(-47.3,35.35,0.));
#3338=CARTESIAN_POINT('',(23.6491715570802,35.35,1.6));
#3339=CARTESIAN_POINT('Origin',(-47.3,30.55,0.));
#3340=CARTESIAN_POINT('',(-52.1,30.55,1.6));
#3341=CARTESIAN_POINT('Origin',(-47.3,30.55,1.6));
#3342=CARTESIAN_POINT('',(-52.1,30.55,0.));
#3343=CARTESIAN_POINT('Origin',(-52.1,30.55,0.));
#3344=CARTESIAN_POINT('',(-52.1,-1.56238441573022,0.));
#3345=CARTESIAN_POINT('',(-52.1,15.2761464234891,1.6));
#3346=CARTESIAN_POINT('',(-52.1,-30.55,0.));
#3347=CARTESIAN_POINT('Origin',(-50.1,7.38283642140886,0.));
#3348=CARTESIAN_POINT('Origin',(-50.1,7.38283642140886,1.6));
#3349=CARTESIAN_POINT('Origin',(-50.1,-1.56238441573022,0.));
#3350=CARTESIAN_POINT('Origin',(-47.3,-30.55,0.));
#3351=CARTESIAN_POINT('',(-47.3,-35.35,0.));
#3352=CARTESIAN_POINT('Origin',(-47.3,-35.35,0.));
#3353=CARTESIAN_POINT('',(47.3,-35.35,0.));
#3354=CARTESIAN_POINT('Origin',(47.3,-30.55,0.));
#3355=CARTESIAN_POINT('',(52.1,-30.55,0.));
#3356=CARTESIAN_POINT('Origin',(52.1,-30.55,0.));
#3357=CARTESIAN_POINT('',(52.1,25.7437437727888,0.));
#3358=CARTESIAN_POINT('',(52.1,30.55,0.));
#3359=CARTESIAN_POINT('Origin',(51.5,25.7437437727888,0.));
#3360=CARTESIAN_POINT('Origin',(47.3,30.55,0.));
#3361=CARTESIAN_POINT('Origin',(-0.0016568858396715,0.00229284697828014,
1.6));
#3362=CARTESIAN_POINT('Origin',(-0.0016568858396715,0.00229284697828014,
1.6));
#3363=UNCERTAINTY_MEASURE_WITH_UNIT(LENGTH_MEASURE(0.01),#3367,
'DISTANCE_ACCURACY_VALUE',
'Maximum model space distance between geometric entities at asserted c
onnectivities');
#3364=UNCERTAINTY_MEASURE_WITH_UNIT(LENGTH_MEASURE(0.01),#3367,
'DISTANCE_ACCURACY_VALUE',
'Maximum model space distance between geometric entities at asserted c
onnectivities');
#3365=(
GEOMETRIC_REPRESENTATION_CONTEXT(3)
GLOBAL_UNCERTAINTY_ASSIGNED_CONTEXT((#3363))
GLOBAL_UNIT_ASSIGNED_CONTEXT((#3367,#3369,#3370))
REPRESENTATION_CONTEXT('','3D')
);
#3366=(
GEOMETRIC_REPRESENTATION_CONTEXT(3)
GLOBAL_UNCERTAINTY_ASSIGNED_CONTEXT((#3364))
GLOBAL_UNIT_ASSIGNED_CONTEXT((#3367,#3369,#3370))
REPRESENTATION_CONTEXT('','3D')
);
#3367=(
LENGTH_UNIT()
NAMED_UNIT(*)
SI_UNIT(.MILLI.,.METRE.)
);
#3368=(
LENGTH_UNIT()
NAMED_UNIT(*)
SI_UNIT($,.METRE.)
);
#3369=(
NAMED_UNIT(*)
PLANE_ANGLE_UNIT()
SI_UNIT($,.RADIAN.)
);
#3370=(
NAMED_UNIT(*)
SI_UNIT($,.STERADIAN.)
SOLID_ANGLE_UNIT()
);
#3371=SHAPE_DEFINITION_REPRESENTATION(#3372,#3373);
#3372=PRODUCT_DEFINITION_SHAPE('',$,#3375);
#3373=SHAPE_REPRESENTATION('',(#1960),#3365);
#3374=PRODUCT_DEFINITION_CONTEXT('part definition',#3379,'design');
#3375=PRODUCT_DEFINITION('PCB\X2\706F5149753B5C0F591C706F591658F3\X0\',
'PCB\X2\706F5149753B5C0F591C706F591658F3\X0\ v7',#3376,#3374);
#3376=PRODUCT_DEFINITION_FORMATION('',$,#3381);
#3377=PRODUCT_RELATED_PRODUCT_CATEGORY('PCB\X2\706F5149753B5C0F591C706F591658F3\X0\ 
v7','PCB\X2\706F5149753B5C0F591C706F591658F3\X0\ v7',(#3381));
#3378=APPLICATION_PROTOCOL_DEFINITION('international standard',
'automotive_design',2009,#3379);
#3379=APPLICATION_CONTEXT(
'Core Data for Automotive Mechanical Design Process');
#3380=PRODUCT_CONTEXT('part definition',#3379,'mechanical');
#3381=PRODUCT('PCB\X2\706F5149753B5C0F591C706F591658F3\X0\',
'PCB\X2\706F5149753B5C0F591C706F591658F3\X0\ v7',$,(#3380));
#3382=PRESENTATION_STYLE_ASSIGNMENT((#3383));
#3383=SURFACE_STYLE_USAGE(.BOTH.,#3384);
#3384=SURFACE_SIDE_STYLE('',(#3385));
#3385=SURFACE_STYLE_FILL_AREA(#3386);
#3386=FILL_AREA_STYLE('\X2\94A2\X0\ - \X2\7F0E5149\X0\',(#3387));
#3387=FILL_AREA_STYLE_COLOUR('\X2\94A2\X0\ - \X2\7F0E5149\X0\',#3388);
#3388=COLOUR_RGB('\X2\94A2\X0\ - \X2\7F0E5149\X0\',0.627450980392157,0.627450980392157,
0.627450980392157);
ENDSEC;
END-ISO-10303-21;
